Iteration	Posterior	Likelihood	Prior	rate_log_sd	rate_neo	root_freqs[1]	root_freqs[2]	tree_length
0	-2360.812	-2431.607	70.79469	1.674594	0.151843	0.589652	0.410348	2.496435
6	-2363.166	-2431.829	68.66304	1.366707	0.2160895	0.589652	0.410348	3.829005
12	-2364.621	-2434.995	70.37415	1.325001	0.1367912	0.676108	0.323892	3.000352
18	-2363.446	-2432.264	68.81834	1.292374	0.2084284	0.65761	0.34239	3.795136
24	-2354.938	-2424.559	69.62049	1.265997	0.274429	0.577461	0.422539	3.23979
30	-2361.154	-2431.84	70.68573	1.211674	0.2465828	0.542293	0.457707	2.673816
36	-2360.466	-2431.315	70.849	1.337426	0.2924215	0.430683	0.569317	2.422783
42	-2353.461	-2424.856	71.39484	1.336225	0.2541345	0.558874	0.441126	2.134487
48	-2357.249	-2427.912	70.6628	1.361773	0.2087596	0.620532	0.379468	2.660033
54	-2358.711	-2429.754	71.04329	1.476571	0.2087596	0.56148	0.43852	2.350543
60	-2358.469	-2429.554	71.08485	1.414073	0.2160167	0.618784	0.381216	2.350543
66	-2354.425	-2425.251	70.82572	1.611516	0.2382684	0.576263	0.423737	2.350543
72	-2356.358	-2427.591	71.23324	1.24829	0.2221594	0.546666	0.453334	2.350543
78	-2362.271	-2432.811	70.54065	1.385821	0.2757601	0.665799	0.334201	2.610099
84	-2363.363	-2434.051	70.688	1.238463	0.2757601	0.660197	0.339803	2.610099
90	-2354.764	-2426.376	71.61295	1.712795	0.1717894	0.619598	0.380402	1.897441
96	-2354.755	-2426.309	71.55399	1.62227	0.21613	0.558909	0.441091	1.907213
102	-2353.813	-2425.437	71.62357	1.418053	0.207484	0.558909	0.441091	2.014348
108	-2358.461	-2429.326	70.86418	1.359671	0.3594056	0.574768	0.425232	2.305086
114	-2361.698	-2430.852	69.15444	1.169686	0.3512656	0.517558	0.482442	3.467612
120	-2358.223	-2428.794	70.57071	1.322725	0.2200832	0.773212	0.226788	2.720618
126	-2352.071	-2423.742	71.67086	1.524709	0.1883849	0.690994	0.309006	1.949808
132	-2362.936	-2434.531	71.59524	1.440483	0.1513026	0.581345	0.418655	2.136251
138	-2360.331	-2431.726	71.39442	1.424479	0.220602	0.697854	0.302146	2.136251
144	-2362.901	-2434.001	71.10022	1.387476	0.220602	0.481382	0.518618	2.349409
150	-2356.947	-2427.735	70.78798	1.277726	0.203659	0.660288	0.339712	2.64391
156	-2358.72	-2428.611	69.89035	1.277726	0.1737775	0.706972	0.293028	3.240689
162	-2356.654	-2427.028	70.37378	1.335856	0.177266	0.743898	0.256102	2.910579
168	-2355.116	-2425.397	70.28073	1.161738	0.2725187	0.641484	0.358516	2.910579
174	-2355.386	-2426.396	71.01055	1.356106	0.228942	0.641958	0.358042	2.411303
180	-2352.335	-2423.493	71.15786	1.362158	0.228942	0.603184	0.396816	2.314032
186	-2360.396	-2431.032	70.63565	1.43194	0.228942	0.618596	0.381404	2.598152
192	-2366.02	-2437.059	71.0391	1.526544	0.228942	0.598004	0.401996	2.284877
198	-2357.791	-2428.469	70.67752	1.545669	0.1737693	0.53942	0.46058	2.603724
204	-2366.991	-2438.541	71.55066	1.574719	0.1854935	0.676588	0.323412	2.002804
210	-2360.395	-2432.002	71.60735	1.428449	0.2154947	0.480972	0.519028	2.002804
216	-2368.915	-2440.336	71.42176	1.446681	0.2789344	0.518718	0.481282	2.002804
222	-2371.09	-2442.002	70.9126	1.446681	0.1899744	0.551342	0.448658	2.487218
228	-2363.708	-2435.259	71.55161	1.350971	0.2173261	0.582343	0.417657	2.08751
234	-2366.911	-2436.743	69.83158	1.244328	0.2063827	0.590528	0.409472	3.235811
240	-2368.713	-2440.299	71.58601	1.552758	0.4290733	0.461131	0.538869	1.595902
246	-2365.285	-2435.376	70.09131	1.478583	0.3767255	0.430252	0.569748	2.691995
252	-2370.876	-2439.982	69.10558	1.377654	0.3782853	0.538824	0.461176	3.341887
258	-2364.521	-2433.762	69.24037	1.240741	0.159343	0.542568	0.457432	3.670341
264	-2366.242	-2436.754	70.51233	1.432562	0.2930931	0.625801	0.374199	2.57279
270	-2366.043	-2436.999	70.95679	1.320481	0.4970189	0.599022	0.400978	2.106028
276	-2365.761	-2437.253	71.49147	1.533799	0.3126204	0.666429	0.333571	1.84326
282	-2361.373	-2432.77	71.39613	1.543562	0.2395643	0.483534	0.516466	2.022391
288	-2361.937	-2433.772	71.83552	1.530162	0.2726749	0.594206	0.405794	1.671446
294	-2361.455	-2433.183	71.7278	1.522266	0.2260821	0.662961	0.337039	1.837738
300	-2368.323	-2439.719	71.39598	1.56399	0.3460489	0.587495	0.412505	1.837738
306	-2359.839	-2431.904	72.06433	1.675843	0.1968392	0.507682	0.492318	1.549792
312	-2354.949	-2426.832	71.8829	1.56247	0.1968392	0.507682	0.492318	1.761105
318	-2362.968	-2434.577	71.60824	1.773683	0.1901835	0.584332	0.415668	1.819186
324	-2362.314	-2433.288	70.97396	1.523281	0.1798949	0.734304	0.265696	2.420367
330	-2365.419	-2436.57	71.15144	1.411987	0.309736	0.67637	0.32363	2.15577
336	-2365.364	-2436.621	71.25705	1.411987	0.1264046	0.567179	0.432821	2.429304
342	-2364.714	-2436.324	71.61035	1.470461	0.1264046	0.638406	0.361594	2.166078
348	-2363.285	-2433.787	70.50157	1.470461	0.1532278	0.520994	0.479006	2.80004
354	-2358.756	-2429.892	71.13665	1.303538	0.1685057	0.605868	0.394132	2.479341
360	-2363.57	-2434.722	71.15213	1.253974	0.2119697	0.536634	0.463366	2.416627
366	-2367.343	-2437.576	70.2324	1.465664	0.2204654	0.685637	0.314363	2.839075
372	-2366.1	-2436.583	70.48273	1.342116	0.2183872	0.67908	0.32092	2.765493
378	-2377.553	-2448.072	70.51844	1.36198	0.3193358	0.635194	0.364806	2.575343
384	-2363.864	-2434.036	70.17162	1.286795	0.2884216	0.629009	0.370991	2.87756
390	-2360.498	-2430.672	70.17392	1.317906	0.2884216	0.729954	0.270046	2.857325
396	-2363.373	-2434.874	71.50125	1.258481	0.2460713	0.439823	0.560177	2.129521
402	-2364.911	-2433.261	68.34972	1.037619	0.2409406	0.625373	0.374627	4.156982
408	-2357.674	-2427.036	69.36214	1.212852	0.3114183	0.625373	0.374627	3.371707
414	-2360.535	-2430.232	69.69667	1.307941	0.3210958	0.482853	0.517147	3.104758
420	-2357.681	-2428.223	70.54221	1.253715	0.1930076	0.580389	0.419611	2.828547
426	-2359.117	-2429.492	70.37504	1.255225	0.2202205	0.579848	0.420152	2.880578
432	-2352.992	-2423.292	70.29987	1.191512	0.2728119	0.576401	0.423599	2.880578
438	-2365.977	-2435.913	69.93579	1.270002	0.2185144	0.55349	0.44651	3.138031
444	-2366.584	-2436.794	70.20982	1.332259	0.1175275	0.560675	0.439325	3.138031
450	-2364.991	-2436.02	71.02974	1.1892	0.1552334	0.605645	0.394355	2.644557
456	-2359.836	-2430.633	70.79708	1.298759	0.3497169	0.53599	0.46401	2.399224
462	-2360.907	-2431.392	70.4852	1.34301	0.2322408	0.53599	0.46401	2.739867
468	-2366.415	-2437.918	71.50252	1.527428	0.2405671	0.641653	0.358347	1.960339
474	-2352.052	-2423.876	71.82466	1.700999	0.2266264	0.623934	0.376066	1.643257
480	-2363.073	-2434.555	71.4817	1.662694	0.2536529	0.622453	0.377547	1.859479
486	-2357.265	-2429.526	72.26031	1.662868	0.2280197	0.591843	0.408157	1.340901
492	-2356.884	-2428.803	71.91822	1.520586	0.1599963	0.715365	0.284635	1.847032
498	-2353.109	-2424.892	71.78264	1.433188	0.192562	0.632085	0.367915	1.927507
504	-2353.77	-2425.245	71.47489	1.517323	0.1509286	0.517698	0.482302	2.165448
510	-2363.06	-2433.25	70.18986	1.342049	0.4001315	0.637814	0.362186	2.687059
516	-2361.262	-2432.49	71.22823	1.441743	0.1456273	0.589712	0.410288	2.383989
522	-2354.534	-2425.726	71.19184	1.441743	0.3529522	0.609607	0.390393	2.047756
528	-2354.954	-2425.879	70.92516	1.490913	0.1521411	0.607554	0.392446	2.529003
534	-2360.82	-2431.091	70.27075	1.310353	0.3817509	0.589618	0.410382	2.678941
540	-2358.975	-2429.872	70.89668	1.373559	0.3294304	0.603951	0.396049	2.316234
546	-2352.413	-2423.653	71.24004	1.363829	0.2582811	0.665403	0.334597	2.210164
552	-2354.454	-2425.004	70.55002	1.335657	0.2566525	0.63934	0.36066	2.6649
558	-2354.578	-2425.344	70.76664	1.441713	0.2533336	0.663911	0.336089	2.469844
564	-2354.894	-2427.107	72.21252	1.704407	0.1750285	0.553078	0.446922	1.468457
570	-2372.301	-2441.65	69.34907	1.300603	0.4017323	0.575276	0.424724	3.21657
576	-2364.568	-2434.826	70.25846	1.392602	0.2971838	0.545803	0.454197	2.747793
582	-2358.705	-2430.09	71.3851	1.543189	0.2661227	0.665733	0.334267	1.984042
588	-2368.556	-2440.425	71.86975	1.543189	0.3068016	0.654657	0.345343	1.578555
594	-2357.584	-2428.595	71.01156	1.439307	0.2435852	0.569	0.431	2.33284
600	-2361.987	-2433.171	71.18429	1.527872	0.3110837	0.590521	0.409479	2.05623
606	-2361.012	-2432.278	71.26664	1.488874	0.373103	0.629645	0.370355	1.938699
612	-2358.104	-2429.263	71.15912	1.665235	0.134534	0.566678	0.433322	2.311498
618	-2351.89	-2421.505	69.61458	1.350416	0.1506446	0.589592	0.410408	3.406008
624	-2356.821	-2427.814	70.9934	1.315479	0.347085	0.559868	0.440132	2.267187
630	-2358.903	-2430.201	71.29823	1.22693	0.2544498	0.559868	0.440132	2.267187
636	-2358.618	-2430.222	71.60438	1.324494	0.2079135	0.559868	0.440132	2.088067
642	-2353.617	-2424.787	71.17032	1.431572	0.2079135	0.510521	0.489479	2.299864
648	-2358.479	-2429.305	70.82633	1.419227	0.2487195	0.565541	0.434459	2.45405
654	-2358.729	-2429.619	70.88978	1.5383	0.3203336	0.628898	0.371102	2.227947
660	-2356.378	-2427.728	71.35048	1.488785	0.1245809	0.628898	0.371102	2.325952
666	-2360.122	-2431.082	70.96064	1.514617	0.2088153	0.544078	0.455922	2.378723
672	-2350.003	-2421.239	71.23559	1.43171	0.1487318	0.544078	0.455922	2.378723
678	-2361.301	-2432.3	70.999	1.401543	0.1682418	0.516651	0.483349	2.504686
684	-2363.571	-2434.621	71.05039	1.525539	0.1194085	0.539863	0.460137	2.504686
690	-2359.753	-2430.635	70.88255	1.208017	0.2018947	0.666141	0.333859	2.6318
696	-2365.788	-2437.039	71.25106	1.385133	0.1950173	0.56248	0.43752	2.302463
702	-2364.612	-2436.337	71.7256	1.484043	0.1607486	0.579131	0.420869	2.000166
708	-2358.366	-2429.861	71.4946	1.372571	0.2810812	0.5405	0.4595	2.000166
714	-2357.648	-2428.907	71.25895	1.449257	0.2810812	0.677036	0.322964	2.10525
720	-2356.301	-2427.853	71.55215	1.334276	0.2810812	0.655406	0.344594	1.987317
726	-2356.457	-2427.061	70.60356	1.273753	0.2752376	0.575919	0.424081	2.641254
732	-2363.504	-2433.552	70.04782	1.204536	0.2911168	0.558234	0.441766	2.997856
738	-2366.841	-2437.421	70.57968	1.299422	0.2608254	0.522898	0.477102	2.662375
744	-2360.429	-2431.147	70.71824	1.178159	0.2608254	0.677773	0.322227	2.651727
750	-2352.061	-2422.801	70.73969	1.181739	0.2511081	0.558139	0.441861	2.651727
756	-2353.231	-2424.328	71.09701	1.250416	0.2151399	0.607141	0.392859	2.447817
762	-2357.84	-2428.04	70.20052	1.328766	0.2828373	0.549496	0.450504	2.842753
768	-2347.344	-2418.247	70.90342	1.520997	0.1937398	0.608733	0.391267	2.439123
774	-2348.825	-2419.798	70.97241	1.452005	0.1937398	0.554341	0.445659	2.439123
780	-2356.292	-2427.443	71.15085	1.434021	0.1543539	0.608913	0.391087	2.418414
786	-2361.37	-2432.851	71.48049	1.620524	0.1923981	0.419048	0.580952	2.004833
792	-2360.465	-2430.86	70.3954	1.39642	0.2133304	0.572037	0.427963	2.794438
798	-2357.15	-2427.218	70.0682	1.291464	0.2598976	0.561902	0.438098	2.979556
804	-2356.574	-2426.51	69.93619	1.368409	0.3052294	0.542134	0.457866	2.946602
810	-2361.727	-2432.221	70.49406	1.274372	0.1621667	0.518286	0.481714	2.904985
816	-2362.746	-2433.317	70.57156	1.402941	0.2365918	0.553688	0.446312	2.64276
822	-2369.911	-2442.061	72.14945	1.651369	0.3161977	0.553688	0.446312	1.262038
828	-2365.551	-2437.093	71.54195	1.748713	0.2755023	0.676999	0.323001	1.719697
834	-2364.581	-2436.895	72.31347	1.792822	0.2294831	0.593878	0.406122	1.185904
840	-2363.442	-2435.688	72.246	1.792822	0.1989372	0.552203	0.447797	1.315276
846	-2361.079	-2433.4	72.32056	1.778367	0.1794635	0.627881	0.372119	1.315276
852	-2370.122	-2442.386	72.26457	1.778367	0.176671	0.585585	0.414415	1.36702
858	-2370.449	-2442.136	71.68732	1.595907	0.1768315	0.697063	0.302937	1.915218
864	-2361.235	-2432.896	71.66135	1.451245	0.1768315	0.532096	0.467904	2.029515
870	-2370.01	-2442.168	72.15817	1.752055	0.1311523	0.557796	0.442204	1.58677
876	-2367.587	-2439.227	71.64	1.532865	0.2535833	0.606372	0.393628	1.840096
882	-2358.732	-2430.185	71.45283	1.411592	0.2086994	0.549728	0.450272	2.128804
888	-2360.509	-2432.45	71.9412	1.626552	0.227251	0.595389	0.404611	1.611628
894	-2367.138	-2438.882	71.7448	1.626552	0.2186844	0.609917	0.390083	1.768185
900	-2356.532	-2428.186	71.65383	1.703316	0.2186844	0.51741	0.48259	1.778082
906	-2358.539	-2430.004	71.46466	1.67235	0.2018819	0.537577	0.462423	1.961661
912	-2371.195	-2443.396	72.20173	1.688788	0.2063476	0.711523	0.288477	1.414966
918	-2359.19	-2431.45	72.25944	1.590455	0.22047	0.589601	0.410399	1.414966
924	-2368.858	-2440.337	71.47901	1.613791	0.2399382	0.592819	0.407181	1.919133
930	-2361.673	-2431.973	70.29946	1.432423	0.2079371	0.600221	0.399779	2.840377
936	-2367.476	-2439.567	72.09086	1.579834	0.1869582	0.600221	0.399779	1.622606
942	-2363.533	-2435.694	72.16063	1.659924	0.3142525	0.600221	0.399779	1.249288
948	-2358.635	-2429.67	71.03492	1.512885	0.2336853	0.629495	0.370505	2.287975
954	-2357.81	-2428.591	70.78023	1.440867	0.3533086	0.672747	0.327253	2.314946
960	-2353.978	-2423.756	69.77738	1.380834	0.237325	0.660064	0.339936	3.13538
966	-2355.109	-2424.927	69.81837	1.319571	0.2449098	0.606363	0.393637	3.13538
972	-2355.971	-2426.787	70.81621	1.523393	0.1570976	0.456284	0.543716	2.565941
978	-2347.592	-2418.952	71.36025	1.317778	0.1797207	0.523371	0.476629	2.306063
984	-2350.939	-2420.83	69.89132	1.132598	0.2090688	0.58359	0.41641	3.261891
990	-2358.039	-2429.316	71.27717	1.342995	0.194158	0.698822	0.301178	2.314361
996	-2364.593	-2433.618	69.02463	1.20745	0.2573101	0.555958	0.444042	3.647841
1002	-2360.024	-2429.267	69.24374	1.270636	0.1609924	0.546681	0.453319	3.647841
1008	-2366.92	-2437.488	70.56734	1.349671	0.168997	0.527431	0.472569	2.801137
1014	-2356.088	-2427.514	71.42658	1.225422	0.3256153	0.594796	0.405204	2.074419
1020	-2357.52	-2428.948	71.42849	1.206679	0.2708578	0.619944	0.380056	2.169321
1026	-2360.607	-2431.817	71.21038	1.396142	0.2291341	0.583376	0.416624	2.258331
1032	-2358.993	-2430.309	71.31598	1.332755	0.1396158	0.554029	0.445971	2.41107
1038	-2365.224	-2436.565	71.34078	1.575486	0.1553733	0.576952	0.423048	2.204698
1044	-2353.928	-2426.02	72.09195	1.52815	0.1695717	0.556169	0.443831	1.698515
1050	-2361.431	-2432.961	71.52973	1.501488	0.2087085	0.574059	0.425941	2.018886
1056	-2356.038	-2427.624	71.58672	1.582618	0.2091775	0.633784	0.366216	1.925449
1062	-2363.977	-2435.942	71.9653	1.749219	0.2103944	0.568407	0.431593	1.53912
1068	-2363.195	-2435.564	72.36855	1.801559	0.2184645	0.715471	0.284529	1.157101
1074	-2360.179	-2432.649	72.4699	1.828778	0.1758574	0.58165	0.41835	1.157101
1080	-2357.887	-2430.31	72.42373	1.702317	0.2390095	0.562011	0.437989	1.145923
1086	-2349.478	-2421.245	71.76697	1.532826	0.2389919	0.565955	0.434045	1.77899
1092	-2356.931	-2428.657	71.72618	1.765562	0.230221	0.596056	0.403944	1.660463
1098	-2357.032	-2428.565	71.53317	1.425577	0.2309293	0.617261	0.382739	2.025296
1104	-2358.667	-2430.53	71.86329	1.551644	0.1877437	0.617261	0.382739	1.801589
1110	-2367.395	-2438.974	71.57913	1.551644	0.2647165	0.551801	0.448199	1.849447
1116	-2367.216	-2439.4	72.18428	1.550708	0.2032353	0.641413	0.358587	1.539493
1122	-2361.984	-2432.304	70.31936	1.327001	0.2123264	0.544466	0.455534	2.884466
1128	-2360.979	-2430.905	69.92574	1.327001	0.1840792	0.681532	0.318468	3.171101
1134	-2357.319	-2428.022	70.70327	1.195627	0.1925208	0.586951	0.413049	2.766763
1140	-2357.876	-2427.114	69.23747	1.029497	0.1817364	0.660176	0.339824	3.75174
1146	-2363.151	-2432.067	68.91526	1.059457	0.2886769	0.574667	0.425333	3.75174
1152	-2367.059	-2436.317	69.2584	1.233126	0.1605031	0.572603	0.427397	3.662038
1158	-2360.108	-2430.433	70.32557	1.274093	0.1605031	0.570148	0.429852	3.009913
1164	-2359.688	-2429.255	69.56687	1.015699	0.1991675	0.621855	0.378145	3.537785
1170	-2359.669	-2429.975	70.30622	1.14466	0.1608939	0.621855	0.378145	3.098083
1176	-2364.539	-2433.758	69.21898	1.000132	0.2577869	0.720728	0.279272	3.654646
1182	-2354.598	-2424.194	69.59661	1.043479	0.3672666	0.695756	0.304244	3.262585
1188	-2350.427	-2421.232	70.80516	1.209548	0.2431007	0.697492	0.302508	2.607152
1194	-2355.961	-2426.805	70.84477	1.246687	0.215267	0.491304	0.508696	2.607152
1200	-2357.904	-2429.683	71.7787	1.408892	0.1770661	0.627486	0.372514	1.979055
1206	-2348.572	-2420.362	71.78931	1.551323	0.1770661	0.5483	0.4517	1.87572
1212	-2353.433	-2425.139	71.70666	1.551323	0.187576	0.52367	0.47633	1.909377
1218	-2349.391	-2421.186	71.7957	1.551323	0.2921442	0.52367	0.47633	1.651062
1224	-2353.827	-2423.773	69.9464	1.34993	0.2479652	0.542383	0.457617	3.036064
1230	-2355.45	-2426.931	71.48092	1.303466	0.1810968	0.542383	0.457617	2.235067
1236	-2355.839	-2425.926	70.08701	1.304737	0.1810968	0.542383	0.457617	3.093981
1242	-2350.959	-2420.752	69.79334	1.243047	0.1993396	0.542383	0.457617	3.271492
1248	-2354.835	-2425.184	70.34878	1.243047	0.1367853	0.61939	0.38061	3.064624
1254	-2359.681	-2430.673	70.9916	1.234605	0.1911703	0.633515	0.366485	2.567871
1260	-2356.747	-2428.31	71.56295	1.286407	0.2307524	0.624176	0.375824	2.097825
1266	-2350.315	-2421.722	71.40693	1.394615	0.2145283	0.648762	0.351238	2.158821
1272	-2357.975	-2428.986	71.01113	1.484796	0.1772329	0.610001	0.389999	2.426545
1278	-2363.284	-2434.574	71.28979	1.501063	0.214301	0.501537	0.498463	2.166195
1284	-2356.107	-2427.47	71.36346	1.578537	0.2184809	0.712413	0.287587	2.059378
1290	-2352.648	-2423.525	70.87668	1.387746	0.1666239	0.711629	0.288371	2.592683
1296	-2363.055	-2433.344	70.28901	1.48803	0.1461351	0.60717	0.39283	2.933212
1302	-2362.386	-2433.387	71.00035	1.39512	0.1546783	0.472079	0.527921	2.536363
1308	-2365.451	-2436.468	71.01795	1.39512	0.1496181	0.587198	0.412802	2.536363
1314	-2367.974	-2437.594	69.62012	1.193382	0.2185135	0.587198	0.412802	3.369804
1320	-2358.103	-2428.769	70.66581	1.137991	0.2221564	0.600426	0.399574	2.771842
1326	-2356.758	-2427.096	70.33795	1.108367	0.3733023	0.654747	0.345253	2.771842
1332	-2357.046	-2428.094	71.04796	1.181209	0.2485477	0.681899	0.318101	2.464617
1338	-2357.713	-2428.338	70.62532	1.327214	0.2466796	0.576855	0.423145	2.639705
1344	-2352.896	-2424.479	71.58344	1.266243	0.3292624	0.609402	0.390598	1.937395
1350	-2352.431	-2422.726	70.29438	1.1949	0.2603741	0.571478	0.428522	2.900735
1356	-2357.091	-2428.638	71.5469	1.445331	0.1795011	0.626862	0.373138	2.103288
1362	-2349.1	-2420.15	71.04956	1.341691	0.2559044	0.65525	0.34475	2.350256
1368	-2346.477	-2417.535	71.05836	1.3515	0.3721816	0.65525	0.34475	2.168456
1374	-2350.45	-2421.712	71.26247	1.325262	0.2529007	0.463051	0.536949	2.229532
1380	-2357.208	-2428.525	71.31738	1.397149	0.169858	0.642389	0.357611	2.303075
1386	-2353.72	-2424.037	70.31648	1.235899	0.2079047	0.61147	0.38853	2.948928
1392	-2357.221	-2427.535	70.31448	1.237895	0.2079047	0.592932	0.407068	2.948928
1398	-2357.461	-2427.564	70.10267	1.190166	0.1938973	0.604826	0.395174	3.129251
1404	-2365.027	-2436.721	71.69488	1.31748	0.2222691	0.621917	0.378083	2.005627
1410	-2367.373	-2438.634	71.2616	1.366763	0.1423422	0.672552	0.327448	2.417695
1416	-2365.342	-2436.568	71.22581	1.301132	0.2010349	0.505063	0.494937	2.360492
1422	-2365.086	-2434.981	69.89435	1.120322	0.2821061	0.569424	0.430576	3.152683
1428	-2373.405	-2443.665	70.26005	1.232281	0.325163	0.568946	0.431054	2.805752
1434	-2374.763	-2446.247	71.48403	1.232281	0.2523338	0.568946	0.431054	2.147155
1440	-2360.941	-2432.048	71.10681	1.331428	0.2523338	0.595257	0.404743	2.326252
1446	-2358.17	-2429.727	71.55629	1.657814	0.1697251	0.59664	0.40336	1.977233
1452	-2363.717	-2433.89	70.17276	1.272388	0.2348942	0.654538	0.345462	2.967724
1458	-2362.185	-2432.46	70.27457	1.175384	0.2117024	0.699892	0.300108	3.003849
1464	-2361.803	-2432.551	70.74801	1.484053	0.2260366	0.512908	0.487092	2.500851
1470	-2361.299	-2431.951	70.65165	1.527288	0.1447216	0.563999	0.436001	2.691845
1476	-2363.103	-2434.273	71.17067	1.795089	0.2186124	0.536294	0.463706	2.043421
1482	-2356.562	-2427.659	71.09704	1.423208	0.2345816	0.633766	0.366234	2.304032
1488	-2355.589	-2426.532	70.94262	1.497004	0.2324144	0.691836	0.308164	2.359105
1494	-2360.384	-2431.748	71.36367	1.54276	0.2310286	0.691836	0.308164	2.059751
1500	-2360.272	-2431.382	71.10995	1.398366	0.2229034	0.546366	0.453634	2.332181
1506	-2354.363	-2425.074	70.71103	1.389167	0.236924	0.62728	0.37272	2.564419
1512	-2346.81	-2418.526	71.71607	1.563871	0.1853073	0.559767	0.440233	1.899274
1518	-2353.04	-2424.456	71.41682	1.667942	0.1853073	0.582063	0.417937	2.030192
1524	-2351.632	-2422.823	71.19084	1.575678	0.2793803	0.582936	0.417064	2.069635
1530	-2362.35	-2434.542	72.19195	1.622836	0.2392818	0.58499	0.41501	1.402051
1536	-2357.539	-2429.587	72.04822	1.622836	0.2392818	0.58499	0.41501	1.5115
1542	-2358.217	-2429.873	71.65671	1.528374	0.2380433	0.634916	0.365084	1.859848
1548	-2364.066	-2434.503	70.43738	1.473076	0.1673224	0.626674	0.373326	2.808484
1554	-2370.092	-2439.58	69.48783	1.283563	0.2270243	0.600902	0.399098	3.380513
1560	-2362.653	-2433.514	70.86096	1.575569	0.1910574	0.570554	0.429446	2.436658
1566	-2363.505	-2434.603	71.0977	1.324229	0.1828563	0.620629	0.379371	2.461839
1572	-2365.922	-2437.157	71.23507	1.424621	0.1828563	0.620629	0.379371	2.311441
1578	-2363.294	-2434.2	70.90604	1.558566	0.1629476	0.579887	0.420113	2.475613
1584	-2365.294	-2435.791	70.49722	1.521044	0.1791266	0.640662	0.359338	2.719309
1590	-2366.269	-2437.914	71.64562	1.505846	0.3370285	0.640662	0.359338	1.717944
1596	-2363.341	-2434.79	71.44856	1.505846	0.1967703	0.53701	0.46299	2.09302
1602	-2357.657	-2429.249	71.59242	1.535969	0.1129547	0.586963	0.413037	2.169435
1608	-2360.688	-2432.506	71.81833	1.39949	0.2111851	0.700953	0.299047	1.888646
1614	-2361.415	-2432.784	71.36913	1.501978	0.3837777	0.549044	0.450956	1.845626
1620	-2357.395	-2429.015	71.62013	1.491966	0.1634541	0.648297	0.351703	2.058848
1626	-2361.01	-2432.1	71.0902	1.326738	0.2044178	0.516657	0.483343	2.42369
1632	-2356.383	-2426.77	70.38687	1.3116	0.1877681	0.51941	0.48059	2.897346
1638	-2357.469	-2427.593	70.12424	1.114509	0.2674719	0.500104	0.499896	3.040573
1644	-2355.097	-2423.842	68.7451	1.026058	0.2153009	0.551804	0.448196	3.978589
1650	-2359.755	-2429.454	69.6986	1.172486	0.1642424	0.560735	0.439265	3.433797
1656	-2359.113	-2430.397	71.28354	1.190817	0.1728277	0.646411	0.353589	2.449042
1662	-2357.316	-2427.824	70.50745	1.212386	0.1627675	0.646411	0.353589	2.933083
1668	-2353.28	-2424.803	71.52349	1.279028	0.3041931	0.611319	0.388681	2.006778
1674	-2360.41	-2432.174	71.76385	1.663072	0.2666359	0.703222	0.296778	1.638362
1680	-2357.927	-2429.454	71.52706	1.591793	0.2941866	0.565525	0.434475	1.80819
1686	-2362.193	-2433.042	70.84861	1.551342	0.184359	0.656437	0.343563	2.472662
1692	-2358.245	-2429.668	71.42287	1.397364	0.1595007	0.562966	0.437034	2.257501
1698	-2361.422	-2432.688	71.26598	1.431454	0.2739775	0.617894	0.382106	2.123695
1704	-2361.326	-2432.607	71.28096	1.331875	0.2741887	0.617894	0.382106	2.178466
1710	-2364.799	-2433.825	69.02587	1.331875	0.1363436	0.633575	0.366425	3.788499
1716	-2372.547	-2443.044	70.49708	1.30752	0.2012301	0.615846	0.384154	2.808212
1722	-2367.068	-2438.121	71.05274	1.756221	0.1541116	0.68501	0.31499	2.276568
1728	-2357.766	-2429.385	71.61951	1.613619	0.2502399	0.515983	0.484017	1.804559
1734	-2357.717	-2428.819	71.10213	1.351957	0.2502399	0.515583	0.484417	2.31963
1740	-2364.165	-2435.285	71.12001	1.339489	0.2733817	0.513738	0.486262	2.2786
1746	-2356.935	-2428.401	71.46626	1.47769	0.3188763	0.601111	0.398889	1.88917
1752	-2351.155	-2423.086	71.93198	1.654778	0.2649591	0.630894	0.369106	1.524551
1758	-2360.806	-2432.319	71.51305	1.657785	0.2923089	0.702255	0.297745	1.775213
1764	-2352.569	-2424.614	72.04534	1.476698	0.2923089	0.635403	0.364597	1.522991
1770	-2352.009	-2423.208	71.19941	1.428424	0.3336709	0.635403	0.364597	2.078707
1776	-2358.31	-2429.311	71.00167	1.39173	0.2575475	0.672557	0.327443	2.346206
1782	-2367.036	-2438.077	71.04017	1.328329	0.2141974	0.676346	0.323654	2.436267
1788	-2364.666	-2434.977	70.31109	1.479876	0.294681	0.676346	0.323654	2.665598
1794	-2361.788	-2432.096	70.30883	1.443829	0.1727751	0.572976	0.427024	2.893337
1800	-2357.939	-2428.312	70.37257	1.282101	0.2709929	0.572976	0.427024	2.784168
1806	-2357.256	-2428.38	71.12331	1.307053	0.239776	0.572976	0.427024	2.352337
1812	-2361.008	-2432.094	71.08695	1.600076	0.133475	0.665812	0.334188	2.401156
1818	-2360.058	-2430.34	70.28257	1.603723	0.1596016	0.54167	0.45833	2.838875
1824	-2353.266	-2424.482	71.21666	1.356446	0.2099206	0.582119	0.417881	2.314503
1830	-2354.949	-2425.386	70.43781	1.344822	0.2929575	0.552554	0.447446	2.673234
1836	-2353.778	-2424.418	70.63964	1.159812	0.2858996	0.577618	0.422382	2.673234
1842	-2362.069	-2431.281	69.21215	1.044912	0.1954203	0.577618	0.422382	3.733045
1848	-2357.293	-2426.101	68.80772	1.007412	0.1896065	0.632624	0.367376	3.997055
1854	-2351.953	-2422.209	70.25621	1.216927	0.179694	0.569102	0.430898	3.04803
1860	-2366.412	-2436.406	69.99402	1.331846	0.1931945	0.631452	0.368548	3.110862
1866	-2357.199	-2427.421	70.22235	1.173584	0.2595268	0.631452	0.368548	2.958316
1872	-2361.412	-2431.007	69.59504	1.297123	0.1245628	0.60704	0.39296	3.504493
1878	-2354.803	-2425.258	70.45517	1.280601	0.3019453	0.51749	0.48251	2.689092
1884	-2361.683	-2432.259	70.57656	1.149764	0.3009344	0.622189	0.377811	2.696332
1890	-2349.509	-2420.486	70.97773	1.206199	0.242539	0.569562	0.430438	2.502881
1896	-2347.347	-2417.548	70.20151	1.211991	0.2368461	0.623786	0.376214	2.983564
1902	-2346.357	-2416.887	70.52959	1.126555	0.3314647	0.584977	0.415023	2.697189
1908	-2355.387	-2425.944	70.55706	1.493157	0.07498333	0.595826	0.404174	2.943825
1914	-2362.362	-2433.659	71.29738	1.718802	0.07477501	0.583548	0.416452	2.348327
1920	-2355.16	-2426.315	71.15511	1.718802	0.2371694	0.583818	0.416182	2.070184
1926	-2355.808	-2427.851	72.04353	1.718802	0.2074765	0.671441	0.328559	1.509868
1932	-2360.409	-2432.465	72.05572	1.639436	0.2078155	0.671441	0.328559	1.558959
1938	-2361.508	-2433.108	71.60011	1.457986	0.2078155	0.609038	0.390962	2.002735
1944	-2353.823	-2423.952	70.12897	1.328135	0.212785	0.663693	0.336307	2.997685
1950	-2358.752	-2429.559	70.80685	1.361348	0.1566218	0.597493	0.402507	2.672873
1956	-2371.613	-2443.151	71.5377	1.741331	0.2273974	0.476368	0.523632	1.815286
1962	-2364.674	-2436.432	71.75758	1.732616	0.1533969	0.713617	0.286383	1.827258
1968	-2355.225	-2426.579	71.35382	1.764903	0.1190318	0.647097	0.352903	2.160003
1974	-2357.087	-2427.693	70.60681	1.762097	0.1029287	0.48112	0.51888	2.674402
1980	-2360.945	-2432.295	71.35056	1.44101	0.156145	0.594254	0.405746	2.283221
1986	-2363.289	-2433.767	70.47831	1.266573	0.3512795	0.578817	0.421183	2.616386
1992	-2362.194	-2432.875	70.68086	1.522191	0.2321066	0.534489	0.465511	2.508523
1998	-2352.818	-2423.764	70.94554	1.503346	0.2471676	0.53352	0.46648	2.32807
2004	-2355.341	-2426.473	71.13198	1.549287	0.3161458	0.678446	0.321554	2.069058
2010	-2358.747	-2429.501	70.75358	1.394382	0.1679565	0.64543	0.35457	2.661883
2016	-2361.861	-2432.561	70.70031	1.29726	0.2522627	0.638841	0.361159	2.602852
2022	-2363.669	-2434.552	70.8829	1.293764	0.4077292	0.650421	0.349579	2.273941
2028	-2362.656	-2432.966	70.30992	1.304027	0.2114406	0.61552	0.38448	2.905604
2034	-2353.496	-2424.12	70.62419	1.193157	0.1998255	0.568778	0.431222	2.803007
2040	-2369.642	-2439.51	69.86792	1.074925	0.2147431	0.61613	0.38387	3.300049
2046	-2360.109	-2430.664	70.55474	1.092524	0.3558506	0.622203	0.377797	2.67068
2052	-2358.025	-2429.734	71.70925	1.252861	0.2511912	0.622203	0.377797	1.986977
2058	-2350.59	-2422.363	71.7733	1.336732	0.2724304	0.652877	0.347123	1.850441
2064	-2355.301	-2427.35	72.04963	1.627179	0.2359478	0.576659	0.423341	1.513917
2070	-2361.527	-2433.72	72.19313	1.699393	0.2471114	0.645847	0.354153	1.32422
2076	-2368.174	-2440.142	71.96804	1.699393	0.3422258	0.562337	0.437663	1.32422
2082	-2371.622	-2444.002	72.37977	1.502901	0.223156	0.531483	0.468517	1.383592
2088	-2373.517	-2445.394	71.8768	1.546859	0.1901836	0.531483	0.468517	1.790318
2094	-2372.423	-2444.811	72.38756	1.799293	0.1374358	0.63025	0.36975	1.359518
2100	-2363.181	-2435.025	71.84398	1.569628	0.2544822	0.689332	0.310668	1.670088
2106	-2359.066	-2430.198	71.1322	1.484466	0.292269	0.648038	0.351962	2.147551
2112	-2370.319	-2440.614	70.29503	1.012187	0.3652429	0.640282	0.359718	2.866352
2118	-2366.505	-2435.762	69.25681	1.035133	0.3192181	0.672688	0.327312	3.526936
2124	-2368.031	-2437.636	69.60525	1.184631	0.3192181	0.745673	0.254327	3.234725
2130	-2355.924	-2426.206	70.28175	1.271436	0.1622529	0.613294	0.386706	3.034224
2136	-2349.879	-2420.524	70.64571	1.454561	0.2019412	0.578744	0.421256	2.625725
2142	-2353.337	-2423.595	70.25852	1.214048	0.2427935	0.626322	0.373678	2.93844
2148	-2362.075	-2432.536	70.46013	1.070675	0.2960712	0.630891	0.369109	2.822675
2154	-2351.982	-2421.972	69.98959	1.241819	0.2617212	0.630891	0.369109	3.05364
2160	-2353.279	-2423.106	69.82722	1.293775	0.2144282	0.561126	0.438874	3.195296
2166	-2358.001	-2429.376	71.3745	1.630263	0.1868319	0.547337	0.452663	2.079916
2172	-2356.794	-2428.209	71.41538	1.513264	0.2122607	0.641306	0.358694	2.079916
2178	-2352.383	-2423.962	71.57903	1.513264	0.2571856	0.569346	0.430654	1.888797
2184	-2345.716	-2417.399	71.68308	1.513264	0.1855983	0.593598	0.406402	1.955105
2190	-2352.575	-2424.102	71.527	1.599001	0.2089411	0.630761	0.369239	1.955105
2196	-2353.497	-2424.881	71.38446	1.448889	0.2089411	0.626758	0.373242	2.148626
2202	-2359.23	-2431.155	71.92516	1.655013	0.2166582	0.610505	0.389495	1.624184
2208	-2355.286	-2426.71	71.42446	1.616012	0.1373693	0.497782	0.502218	2.165622
2214	-2370.176	-2441.904	71.72863	1.535747	0.1657394	0.497782	0.502218	1.952342
2220	-2364.002	-2435.501	71.49873	1.439589	0.2049945	0.577402	0.422598	2.087484
2226	-2361.819	-2433.46	71.64064	1.385864	0.2178766	0.577841	0.422159	2.004471
2232	-2360.002	-2430.135	70.13332	1.38539	0.2178766	0.480067	0.519933	2.951902
2238	-2361.639	-2432.871	71.2322	1.39114	0.3149284	0.571415	0.428585	2.108936
2244	-2358.108	-2428.74	70.63216	1.388221	0.1955271	0.584825	0.415175	2.686783
2250	-2360.559	-2431.846	71.28692	1.378636	0.4536025	0.604042	0.395958	1.896744
2256	-2363.284	-2434.829	71.54539	1.367365	0.198811	0.604042	0.395958	2.116312
2262	-2371.917	-2442.445	70.52852	1.331453	0.198811	0.563594	0.436406	2.77889
2268	-2357.73	-2429.622	71.89205	1.564924	0.2351154	0.668467	0.331533	1.675742
2274	-2367.696	-2439.072	71.3753	1.39649	0.1358585	0.559803	0.440197	2.341861
2280	-2351.489	-2422.763	71.27448	1.505902	0.1767873	0.744438	0.255562	2.246477
2286	-2355.415	-2426.228	70.81225	1.582837	0.1881785	0.59916	0.40084	2.468262
2292	-2352.693	-2424.216	71.5235	1.670654	0.1881785	0.627248	0.372752	1.951189
2298	-2355.533	-2426.059	70.52567	1.564468	0.1945352	0.627248	0.372752	2.645703
2304	-2355.825	-2426.56	70.73449	1.513773	0.2109995	0.598732	0.401268	2.517372
2310	-2366.962	-2437.024	70.06185	1.422472	0.1255158	0.653956	0.346044	3.15388
2316	-2357.372	-2428.647	71.27499	1.320082	0.1699752	0.642898	0.357102	2.378785
2322	-2361.398	-2432.968	71.5692	1.509989	0.1810416	0.60167	0.39833	2.042774
2328	-2358.548	-2430.584	72.03561	1.521728	0.2460554	0.533659	0.466341	1.582199
2334	-2356.593	-2427.478	70.88552	1.521728	0.3374518	0.548108	0.451892	2.21714
2340	-2368.211	-2439.772	71.56065	1.610364	0.1398887	0.578517	0.421483	2.074178
2346	-2361.231	-2433.101	71.8697	1.60376	0.1647728	0.578517	0.421483	1.812152
2352	-2355.353	-2426.67	71.31615	1.572508	0.1807363	0.610166	0.389834	2.168348
2358	-2367.072	-2438.622	71.54999	1.532747	0.2510565	0.610166	0.389834	1.906052
2364	-2360.215	-2431.037	70.82182	1.535604	0.1996259	0.673119	0.326881	2.470034
2370	-2354.219	-2425.4	71.1802	1.325335	0.1535485	0.57612	0.42388	2.470034
2376	-2361.805	-2431.516	69.71095	1.238415	0.233618	0.616415	0.383585	3.265098
2382	-2368.02	-2439.107	71.08707	1.224132	0.2209179	0.620536	0.379464	2.460264
2388	-2359.332	-2430.308	70.97532	1.388457	0.3273431	0.651337	0.348663	2.259319
2394	-2355.353	-2426.717	71.36486	1.43486	0.1661217	0.498401	0.501599	2.256407
2400	-2364.329	-2435.436	71.10676	1.350845	0.1930231	0.644334	0.355666	2.419603
2406	-2360.447	-2431.167	70.71933	1.319803	0.168139	0.632028	0.367972	2.728319
2412	-2357.088	-2427.759	70.67101	1.319803	0.1831531	0.67206	0.32794	2.728319
2418	-2360.745	-2431.173	70.42779	1.328746	0.266818	0.55735	0.44265	2.728319
2424	-2359.693	-2429.35	69.6565	1.145782	0.3124307	0.6395	0.3605	3.236441
2430	-2356.603	-2426.37	69.76686	1.202291	0.2443033	0.560117	0.439883	3.236441
2436	-2349.375	-2419.013	69.63785	1.161608	0.2352947	0.586414	0.413586	3.350717
2442	-2356.933	-2426.983	70.05046	1.118346	0.2503529	0.6298	0.3702	3.108483
2448	-2353.469	-2423.527	70.05847	1.188757	0.2503529	0.6298	0.3702	3.061691
2454	-2357.39	-2427.449	70.05847	1.188757	0.2503529	0.548204	0.451796	3.061691
2460	-2355.536	-2426.18	70.64424	1.136466	0.2376143	0.576453	0.423547	2.759981
2466	-2359.298	-2430.013	70.71547	1.329606	0.2761889	0.52285	0.47715	2.535834
2472	-2355.663	-2426.841	71.17741	1.337997	0.278129	0.670381	0.329619	2.235196
2478	-2354.725	-2426.272	71.54703	1.360777	0.1830655	0.641018	0.358982	2.151111
2484	-2357.423	-2428.46	71.0364	1.328077	0.2666207	0.695719	0.304281	2.349951
2490	-2362.205	-2432.694	70.48856	1.348703	0.15533	0.571382	0.428618	2.87743
2496	-2361.099	-2430.393	69.29358	1.039405	0.2104269	0.622154	0.377846	3.663431
2502	-2363.493	-2432.703	69.21026	1.190886	0.1876911	0.618425	0.381575	3.663431
2508	-2352.027	-2422.023	69.99545	1.247955	0.2796467	0.631354	0.368646	3.019772
2514	-2352.244	-2424.257	72.0133	1.38184	0.2148426	0.525342	0.474658	1.759229
2520	-2350.825	-2422.028	71.20279	1.537544	0.2138811	0.525342	0.474658	2.199745
2526	-2355.296	-2426.633	71.33659	1.348623	0.1849363	0.579648	0.420352	2.290968
2532	-2356.239	-2427.254	71.01476	1.224074	0.250988	0.546329	0.453671	2.454544
2538	-2354.194	-2425.075	70.88092	1.215478	0.2903013	0.518044	0.481956	2.482487
2544	-2351.221	-2422.789	71.56868	1.374074	0.189155	0.544898	0.455102	2.115901
2550	-2360.28	-2431.612	71.3318	1.337161	0.2405899	0.544898	0.455102	2.198023
2556	-2361.518	-2432.638	71.12034	1.343491	0.2384418	0.544898	0.455102	2.333338
2562	-2363.342	-2435.084	71.74235	1.274873	0.2875722	0.557385	0.442615	1.888627
2568	-2365.501	-2437.133	71.63213	1.39474	0.2531496	0.621933	0.378067	1.940117
2574	-2369.786	-2441.748	71.96223	1.508821	0.2252925	0.615008	0.384992	1.68494
2580	-2369.831	-2441.855	72.02424	1.727515	0.3101653	0.465588	0.534412	1.313322
2586	-2362.626	-2434.585	71.95928	1.727515	0.3395079	0.663808	0.336192	1.313322
2592	-2362.545	-2434.645	72.09963	1.727515	0.2444806	0.543228	0.456772	1.381587
2598	-2371.335	-2442.894	71.55873	1.735817	0.5030855	0.543228	0.456772	1.381587
2604	-2362.196	-2432.82	70.62433	1.048835	0.3068445	0.610396	0.389604	2.720554
2610	-2358.209	-2428.928	70.71867	1.291577	0.2546885	0.513889	0.486111	2.591109
2616	-2352.175	-2421.722	69.54686	1.031331	0.353506	0.633567	0.366433	3.315854
2622	-2364.835	-2434.698	69.86315	1.353117	0.1045352	0.495628	0.504372	3.361732
2628	-2362.253	-2433.818	71.56541	1.19253	0.2516414	0.495628	0.504372	2.121148
2634	-2359.993	-2431.018	71.02537	1.160164	0.2300563	0.44025	0.55975	2.522958
2640	-2356.273	-2427.299	71.02537	1.160164	0.2300563	0.44025	0.55975	2.522958
2646	-2355.897	-2427.349	71.45229	1.280366	0.1782748	0.472504	0.527496	2.274067
2652	-2350.453	-2422.016	71.56352	1.416367	0.1916544	0.550594	0.449406	2.086498
2658	-2352.409	-2424.581	72.17153	1.519083	0.247608	0.550594	0.449406	1.4802
2664	-2361.382	-2433.17	71.78824	1.432273	0.2665728	0.738895	0.261105	1.784315
2670	-2360.585	-2431.098	70.5134	1.403263	0.1888649	0.64253	0.35747	2.762771
2676	-2362.006	-2433.13	71.12396	1.441745	0.3005502	0.612469	0.387531	2.168059
2682	-2348.827	-2420.087	71.2601	1.383242	0.2362956	0.539173	0.460827	2.222042
2688	-2356.364	-2427.774	71.40933	1.381588	0.2750278	0.596355	0.403645	2.060569
2694	-2355.377	-2426.565	71.18855	1.468102	0.240966	0.596355	0.403645	2.205333
2700	-2348.656	-2420.189	71.53358	1.314649	0.2368911	0.542383	0.457617	2.087585
2706	-2351.459	-2423.179	71.71927	1.428913	0.163415	0.560212	0.439788	2.035065
2712	-2363.681	-2436.069	72.38801	1.593103	0.1926796	0.512035	0.487965	1.376257
2718	-2363.549	-2436.007	72.45778	1.621047	0.1134188	0.591674	0.408326	1.513147
2724	-2372.04	-2444.15	72.10981	1.67365	0.1988592	0.555483	0.444517	1.513147
2730	-2366.05	-2437.532	71.48205	1.60954	0.2137217	0.604396	0.395604	1.968913
2736	-2360.243	-2431.484	71.2406	1.520949	0.2253319	0.558573	0.441427	2.164975
2742	-2364.168	-2435.871	71.70378	1.489317	0.1681429	0.5399	0.4601	1.994747
2748	-2353.36	-2424.899	71.53894	1.646092	0.155575	0.513086	0.486914	2.028262
2754	-2367.254	-2439.299	72.04535	1.795598	0.2226744	0.748224	0.251776	1.417089
2760	-2359.348	-2431.483	72.13489	1.795598	0.139802	0.571608	0.428392	1.548443
2766	-2358.811	-2430.252	71.44124	1.576424	0.1799791	0.710906	0.289094	2.085593
2772	-2365.151	-2437.634	72.48297	1.786868	0.2195181	0.668866	0.331134	1.063631
2778	-2365.885	-2437.801	71.91628	1.786868	0.4610048	0.578965	0.421035	1.098213
2784	-2358.551	-2431.189	72.63785	1.995721	0.1916961	0.500682	0.499318	0.7439685
2790	-2364.944	-2437.422	72.47808	1.995721	0.2171892	0.718204	0.281796	0.856877
2796	-2361.663	-2434.002	72.33815	1.886299	0.200921	0.629778	0.370222	1.154164
2802	-2370.379	-2442.861	72.48255	1.764498	0.1684287	0.467709	0.532291	1.222482
2808	-2356.729	-2429.189	72.46051	1.742602	0.1714599	0.660091	0.339909	1.251024
2814	-2356.792	-2429.032	72.24032	1.659049	0.1512102	0.648045	0.351955	1.541417
2820	-2357.436	-2428.129	70.69301	1.188262	0.2192507	0.606784	0.393216	2.729512
2826	-2353.989	-2425.273	71.28336	1.293772	0.2192507	0.566232	0.433768	2.294855
2832	-2358.066	-2429.995	71.92906	1.741342	0.1211163	0.580491	0.419509	1.78463
2838	-2376.169	-2447.7	71.5308	1.655431	0.2785431	0.580491	0.419509	1.787528
2844	-2361.455	-2432.91	71.45537	1.729524	0.1327572	0.526226	0.473774	2.082328
2850	-2363.284	-2435.202	71.91822	1.720929	0.1917793	0.654392	0.345608	1.634643
2856	-2362.077	-2433.17	71.09306	1.606639	0.132213	0.584218	0.415782	2.396123
2862	-2357.654	-2429.195	71.5409	1.476378	0.3062394	0.623868	0.376132	1.858717
2868	-2358.632	-2430.102	71.4701	1.362022	0.3055171	0.656274	0.343726	1.984994
2874	-2353.876	-2424.999	71.12358	1.486109	0.2886719	0.540448	0.459552	2.157664
2880	-2359.1	-2430.678	71.57797	1.316107	0.2886719	0.540448	0.459552	1.969965
2886	-2360.892	-2432.116	71.22485	1.270673	0.3383331	0.644465	0.355535	2.158695
2892	-2375.856	-2446.848	70.99154	1.18073	0.2964452	0.65449	0.34551	2.425726
2898	-2366.343	-2437.755	71.41194	1.339041	0.2669185	0.65449	0.34551	2.100125
2904	-2358.222	-2429.78	71.55784	1.435149	0.1965193	0.65449	0.34551	2.068127
2910	-2354.283	-2425.478	71.19419	1.322192	0.2396971	0.636167	0.363833	2.297678
2916	-2351.743	-2422.47	70.72733	1.322192	0.1938221	0.557827	0.442173	2.672046
2922	-2354.714	-2426.027	71.31323	1.354423	0.2805342	0.640427	0.359573	2.13266
2928	-2347.307	-2418.932	71.62573	1.561201	0.1896096	0.615899	0.384101	1.953077
2934	-2349.856	-2420.874	71.01781	1.571314	0.1895065	0.718679	0.281321	2.343189
2940	-2354.302	-2425.13	70.82791	1.449971	0.3345285	0.568236	0.431764	2.304259
2946	-2361.671	-2433.521	71.84981	1.591722	0.2460956	0.638413	0.361587	1.665793
2952	-2359.316	-2431.386	72.06967	1.708493	0.2118336	0.682317	0.317683	1.488489
2958	-2373.656	-2445.809	72.15291	1.64616	0.3224085	0.662058	0.337942	1.251953
2964	-2365.448	-2437.431	71.98327	1.663083	0.1574748	0.636325	0.363675	1.708591
2970	-2358.087	-2429.629	71.54211	1.420443	0.2093346	0.517143	0.482857	2.063149
2976	-2367.587	-2438.382	70.79525	1.237639	0.3114169	0.566815	0.433185	2.49149
2982	-2357.631	-2428.132	70.5018	1.288624	0.1658114	0.605934	0.394066	2.884328
2988	-2376.137	-2446.308	70.1717	1.375694	0.3378502	0.599491	0.400509	2.755293
2994	-2374.23	-2443.036	68.80599	1.050718	0.2765394	0.513593	0.486407	3.836625
3000	-2364.879	-2436.308	71.42857	1.777439	0.2224874	0.648068	0.351932	1.874758
3006	-2367.91	-2439.92	72.00978	1.704596	0.2468814	0.548068	0.451932	1.463654
3012	-2366.95	-2438.983	72.03266	1.603394	0.1886313	0.552826	0.447174	1.643834
3018	-2356.551	-2427.758	71.20674	1.334527	0.187376	0.597511	0.402489	2.377729
3024	-2359.866	-2430.767	70.90163	1.478905	0.2194297	0.563757	0.436243	2.419302
3030	-2359.631	-2429.645	70.01379	1.141019	0.2682468	0.586966	0.413034	3.089565
3036	-2363.194	-2432.01	68.81636	1.02689	0.1933203	0.610397	0.389603	3.974471
3042	-2353.505	-2423.838	70.33269	1.311615	0.2044896	0.572072	0.427928	2.899529
3048	-2364.295	-2435.541	71.24605	1.239905	0.2176419	0.517301	0.482699	2.355834
3054	-2357.93	-2428.475	70.54484	1.239905	0.2554676	0.599572	0.400428	2.728726
3060	-2355.448	-2427.068	71.62014	1.442218	0.2433573	0.666645	0.333355	1.933525
3066	-2356.206	-2427.559	71.35306	1.359283	0.2433573	0.619089	0.380911	2.165096
3072	-2358.034	-2427.927	69.89219	1.186773	0.3196398	0.620447	0.379553	3.062327
3078	-2357.641	-2427.854	70.21249	1.204395	0.228397	0.534769	0.465231	2.995391
3084	-2358.294	-2428.581	70.28659	1.339955	0.1597142	0.662045	0.337955	2.995391
3090	-2358.693	-2428.933	70.23956	0.9905232	0.3023578	0.662045	0.337955	2.995391
3096	-2355.76	-2425.975	70.21498	1.070597	0.2790231	0.631987	0.368013	2.995391
3102	-2370.425	-2441.108	70.68272	1.463775	0.1648817	0.660072	0.339928	2.669058
3108	-2356.736	-2428.158	71.42215	1.400157	0.2252048	0.660072	0.339928	2.125596
3114	-2362.477	-2434.301	71.82434	1.703493	0.1931059	0.657487	0.342513	1.711142
3120	-2357.001	-2428.939	71.93797	1.88608	0.08927378	0.562878	0.437122	1.769868
3126	-2366.461	-2438.401	71.93927	1.85409	0.2074618	0.488546	0.511454	1.486614
3132	-2371.598	-2442.879	71.28066	1.710375	0.3664039	0.536116	0.463884	1.787005
3138	-2367.961	-2439.545	71.58389	1.710375	0.2910473	0.502441	0.497559	1.690564
3144	-2358.894	-2430.564	71.67013	1.642063	0.1363692	0.47314	0.52686	1.989077
3150	-2362.673	-2434.011	71.33762	1.775192	0.124537	0.565578	0.434422	2.149908
3156	-2355.168	-2427.304	72.13686	1.711192	0.123519	0.515693	0.484307	1.652764
3162	-2361.73	-2433.266	71.53672	1.452915	0.2377615	0.513682	0.486318	1.992363
3168	-2358.37	-2429.181	70.8103	1.27445	0.2220459	0.549711	0.450289	2.599407
3174	-2356.665	-2427.623	70.95851	1.236366	0.2298579	0.661667	0.338333	2.517475
3180	-2355.311	-2426.457	71.14619	1.442897	0.1556476	0.677738	0.322262	2.412947
3186	-2361.99	-2433.647	71.65688	1.226528	0.2046148	0.510195	0.489805	2.12422
3192	-2357.343	-2428.869	71.52575	1.443549	0.2509566	0.656547	0.343453	1.982583
3198	-2365.441	-2436.783	71.34221	1.404914	0.2533246	0.470337	0.529663	2.125361
3204	-2355.841	-2426.966	71.12503	1.389167	0.1366723	0.551452	0.448548	2.502289
3210	-2356.344	-2428.374	72.03065	1.434835	0.2202722	0.520953	0.479047	1.698885
3216	-2355.705	-2427.191	71.48521	1.383314	0.2202722	0.560832	0.439168	2.104388
3222	-2358.443	-2430.192	71.74981	1.328043	0.2062187	0.571952	0.428048	1.992674
3228	-2356.234	-2427.586	71.35265	1.241776	0.235318	0.628908	0.371092	2.255241
3234	-2368.344	-2439.516	71.17251	1.197438	0.1586385	0.703489	0.296511	2.543805
3240	-2354.636	-2425.559	70.92256	1.355729	0.3220105	0.539707	0.460293	2.321552
3246	-2360.815	-2431.79	70.97539	1.240257	0.2754056	0.611016	0.388984	2.430246
3252	-2362.676	-2434.223	71.54664	1.416701	0.3435477	0.597358	0.402642	1.839073
3258	-2359.722	-2430.593	70.8713	1.360222	0.2421824	0.597358	0.402642	2.47369
3264	-2360.893	-2430.572	69.67893	1.20969	0.2421824	0.44128	0.55872	3.287324
3270	-2356.702	-2427.216	70.51486	1.20969	0.214511	0.531034	0.468966	2.833279
3276	-2353.845	-2424.976	71.13033	1.359068	0.2338128	0.636007	0.363993	2.325038
3282	-2352.125	-2423.364	71.23896	1.459293	0.2853171	0.571778	0.428222	2.105062
3288	-2355.368	-2426.893	71.525	1.3767	0.2083546	0.561604	0.438396	2.105062
3294	-2360.118	-2430.704	70.58567	1.228939	0.3071271	0.660831	0.339169	2.633192
3300	-2363.542	-2433.564	70.02202	1.093292	0.2532859	0.701889	0.298111	3.135788
3306	-2358.135	-2428.056	69.92182	0.9309012	0.1993538	0.620214	0.379786	3.379552
3312	-2364.426	-2435.505	71.07851	1.271619	0.2749721	0.606766	0.393234	2.345871
3318	-2352.9	-2423.604	70.70454	1.271619	0.223888	0.517277	0.482723	2.66326
3324	-2355.097	-2425.036	69.93872	1.036237	0.2420019	0.584843	0.415157	3.236623
3330	-2363.718	-2434.298	70.58016	1.021137	0.2420019	0.494383	0.505617	2.861938
3336	-2360.482	-2432.577	72.09458	1.428685	0.2833429	0.667816	0.332184	1.538009
3342	-2361.613	-2433.281	71.66808	1.456308	0.2643072	0.496706	0.503294	1.854529
3348	-2359.84	-2431.739	71.89902	1.441223	0.1911664	0.467762	0.532238	1.845768
3354	-2356.956	-2427.787	70.83141	1.337367	0.4071136	0.63336	0.36664	2.279749
3360	-2377.388	-2447.028	69.63933	1.168068	0.1095867	0.434337	0.565663	3.588371
3366	-2367.443	-2436.92	69.47682	1.206137	0.1166074	0.646613	0.353387	3.644185
3372	-2361.517	-2432.551	71.03368	1.36303	0.2152661	0.584051	0.415949	2.416574
3378	-2358.879	-2428.66	69.78103	1.152375	0.2231788	0.672666	0.327334	3.291529
3384	-2355.387	-2424.71	69.32328	1.179253	0.1990671	0.564086	0.435914	3.584513
3390	-2365.193	-2435.459	70.26675	1.218539	0.1891716	0.491405	0.508595	3.022992
3396	-2355.286	-2424.704	69.41809	0.9651629	0.289942	0.631328	0.368672	3.513105
3402	-2352.062	-2422.512	70.44982	1.057955	0.2021241	0.583523	0.416477	2.985987
3408	-2350.829	-2420.659	69.83012	1.142672	0.1741417	0.583523	0.416477	3.355091
3414	-2349.614	-2419.348	69.73382	1.1743	0.1873638	0.583523	0.416477	3.368477
3420	-2353.532	-2423.779	70.24677	1.233067	0.2497221	0.591943	0.408057	2.923035
3426	-2354.083	-2424.955	70.87189	1.261092	0.3058809	0.694074	0.305926	2.436651
3432	-2351.23	-2422.069	70.83884	1.354222	0.2804772	0.600477	0.399523	2.436651
3438	-2355.593	-2426.392	70.79804	1.272047	0.3578668	0.600477	0.399523	2.404723
3444	-2356.539	-2427.663	71.12466	1.437412	0.1675349	0.666658	0.333342	2.404723
3450	-2359.494	-2429.666	70.17168	1.205151	0.1826153	0.641961	0.358039	3.100019
3456	-2360.164	-2431.092	70.92812	1.24469	0.2570897	0.634173	0.365827	2.486036
3462	-2359.091	-2430.304	71.21303	1.240039	0.1614285	0.500615	0.499385	2.486036
3468	-2352.168	-2422.636	70.4678	1.263728	0.1614285	0.711184	0.288816	2.928754
3474	-2351.969	-2422.426	70.45674	1.146402	0.1980058	0.649695	0.350305	2.936014
3480	-2359.504	-2430.502	70.99739	1.225995	0.2758772	0.662511	0.337489	2.424647
3486	-2358.033	-2427.955	69.92118	1.225995	0.4327188	0.662511	0.337489	2.884275
3492	-2356.193	-2426.746	70.55304	1.059943	0.2241959	0.429401	0.570599	2.884275
3498	-2355.14	-2425.475	70.33581	1.163572	0.2065998	0.488765	0.511235	2.983097
3504	-2364.771	-2434.96	70.18979	1.201569	0.3903945	0.731249	0.268751	2.784631
3510	-2360.958	-2430.965	70.00645	1.227302	0.2312065	0.665099	0.334901	3.100309
3516	-2356.121	-2426.176	70.05464	1.268351	0.3155692	0.623573	0.376427	2.921313
3522	-2356.162	-2427.495	71.33249	1.395412	0.1644825	0.706816	0.293184	2.305892
3528	-2354.499	-2424.382	69.88311	1.298344	0.2720948	0.579597	0.420403	3.067939
3534	-2357.101	-2427.249	70.14865	1.102006	0.2450708	0.579597	0.420403	3.067939
3540	-2356.171	-2426.132	69.96102	1.172554	0.1890417	0.544458	0.455542	3.232565
3546	-2362.461	-2432.247	69.78681	1.427222	0.1639814	0.629271	0.370729	3.232565
3552	-2361.58	-2432.576	70.99515	1.354403	0.2132879	0.544037	0.455963	2.449822
3558	-2352.604	-2423.708	71.10493	1.407517	0.2019858	0.585939	0.414061	2.367888
3564	-2357.514	-2428.095	70.58156	1.459075	0.1450932	0.649533	0.350467	2.775669
3570	-2361.228	-2432.199	70.97059	1.57403	0.151493	0.649978	0.350022	2.449989
3576	-2360.367	-2430.957	70.58979	1.218512	0.1914968	0.68558	0.31442	2.823831
3582	-2360.832	-2431.266	70.43454	1.201138	0.2940684	0.550744	0.449256	2.76167
3588	-2361.155	-2431.168	70.01337	1.26638	0.2275746	0.475967	0.524033	3.078834
3594	-2360.455	-2430.966	70.5109	1.247093	0.2362853	0.596599	0.403401	2.776033
3600	-2358.993	-2429.825	70.8313	1.423459	0.2899568	0.595055	0.404945	2.383333
3606	-2362.754	-2433.799	71.04536	1.420219	0.1490543	0.625502	0.374498	2.504849
3612	-2356.037	-2426.909	70.87176	1.420219	0.2029212	0.598005	0.401995	2.504849
3618	-2362.621	-2433.784	71.16275	1.609782	0.1965757	0.611244	0.388756	2.211866
3624	-2353.442	-2423.979	70.53716	1.144941	0.1906018	0.688478	0.311522	2.901952
3630	-2356.93	-2427.089	70.15906	1.16843	0.257743	0.618947	0.381053	3.002182
3636	-2356.959	-2427.24	70.28163	1.085854	0.257743	0.54539	0.45461	2.978167
3642	-2357.69	-2428.135	70.44514	1.294159	0.285979	0.603292	0.396708	2.710055
3648	-2358.342	-2429.189	70.84714	1.350927	0.2326671	0.467499	0.532501	2.510678
3654	-2353.738	-2423.844	70.10602	1.369154	0.2744899	0.640978	0.359022	2.887875
3660	-2359.164	-2429.553	70.38958	1.318451	0.1897445	0.559245	0.440755	2.887875
3666	-2360.575	-2430.376	69.80066	1.187847	0.1270296	0.586523	0.413477	3.442706
3672	-2358.513	-2428.529	70.01586	1.230759	0.1319159	0.586523	0.413477	3.280252
3678	-2358.617	-2428.048	69.43066	1.036028	0.1786889	0.498745	0.501255	3.64185
3684	-2357.311	-2428.43	71.1192	1.424684	0.2529466	0.585862	0.414138	2.25767
3690	-2361.583	-2432.122	70.53824	1.439152	0.2529466	0.66896	0.33104	2.614234
3696	-2353.238	-2423.005	69.76734	1.439152	0.1715484	0.562939	0.437061	3.222247
3702	-2353.636	-2423.978	70.34225	1.201498	0.2857641	0.680432	0.319568	2.829688
3708	-2356.598	-2427.855	71.2569	1.217887	0.1589881	0.636435	0.363565	2.477608
3714	-2356.931	-2427.394	70.46385	1.229279	0.3375594	0.621281	0.378719	2.666328
3720	-2360.754	-2432.2	71.44645	1.294088	0.1866941	0.594847	0.405153	2.251985
3726	-2361.493	-2432.591	71.09802	1.474321	0.2026527	0.594847	0.405153	2.328582
3732	-2361.499	-2433.336	71.83714	1.72937	0.2127459	0.691397	0.308603	1.642108
3738	-2356.955	-2428.815	71.86007	1.73212	0.1584801	0.692761	0.307239	1.744303
3744	-2350.166	-2420.85	70.68469	1.386354	0.248389	0.614663	0.385337	2.563568
3750	-2356.749	-2426.542	69.79258	1.137223	0.2891459	0.583223	0.416777	3.193011
3756	-2358.043	-2428.115	70.07184	1.327665	0.2228382	0.681658	0.318342	3.015097
3762	-2354.249	-2424.699	70.44974	1.33703	0.2105926	0.679526	0.320474	2.802322
3768	-2357.576	-2427.461	69.8849	1.422411	0.2376282	0.589458	0.410542	3.045951
3774	-2359.082	-2428.738	69.65606	1.422411	0.2792176	0.699689	0.300311	3.11891
3780	-2357.734	-2427.464	69.73003	1.333602	0.1602624	0.699689	0.300311	3.328665
3786	-2365.253	-2435.646	70.3921	1.284191	0.2772359	0.537602	0.462398	2.761586
3792	-2360.679	-2431.349	70.67011	1.487164	0.1236606	0.659319	0.340681	2.753001
3798	-2364.355	-2435.536	71.18074	1.528673	0.1640936	0.659319	0.340681	2.318512
3804	-2368.156	-2439.185	71.02967	1.751917	0.2011246	0.701919	0.298081	2.197195
3810	-2369.507	-2440.126	70.61896	1.478805	0.2995244	0.675023	0.324977	2.468015
3816	-2361.184	-2430.884	69.70007	1.138698	0.2780974	0.665573	0.334427	3.262664
3822	-2366.869	-2436.903	70.03419	1.029936	0.1950929	0.721317	0.278683	3.262664
3828	-2364.617	-2434.243	69.62613	1.029936	0.2171079	0.6594	0.3406	3.464358
3834	-2365.569	-2436.159	70.5895	1.284973	0.2171985	0.587607	0.412393	2.737232
3840	-2367.715	-2436.866	69.15021	1.28605	0.3087716	0.541561	0.458439	3.45651
3846	-2365.142	-2435.849	70.70702	1.238375	0.1760019	0.702043	0.297957	2.769967
3852	-2359.368	-2431.062	71.69376	1.629517	0.128415	0.642617	0.357383	2.001506
3858	-2360.905	-2432.708	71.80305	1.682976	0.1143085	0.4875	0.5125	1.929223
3864	-2363.981	-2436.021	72.03914	1.682976	0.2075502	0.656736	0.343264	1.539627
3870	-2363.259	-2434.668	71.40914	1.582013	0.1470514	0.546797	0.453203	2.174998
3876	-2356.247	-2427.641	71.39406	1.582013	0.1371197	0.546797	0.453203	2.207961
3882	-2367.294	-2439.273	71.97899	1.517316	0.2353083	0.597889	0.402111	1.647232
3888	-2358.69	-2430.409	71.71886	1.505912	0.1754448	0.653764	0.346236	1.957625
3894	-2352.343	-2424.205	71.86242	1.598761	0.2476726	0.637846	0.362154	1.648747
3900	-2356.898	-2428.606	71.70753	1.50867	0.1574269	0.637846	0.362154	2.003322
3906	-2353.685	-2425.383	71.69751	1.516262	0.1587028	0.631938	0.368062	2.002039
3912	-2360.578	-2432.134	71.55676	1.529108	0.2628521	0.631938	0.368062	1.883331
3918	-2359.264	-2430.373	71.1094	1.529108	0.2274737	0.593977	0.406023	2.240717
3924	-2362.25	-2432.576	70.3263	1.565094	0.1845416	0.625684	0.374316	2.78638
3930	-2358.401	-2429.632	71.23095	1.521966	0.2125812	0.625684	0.374316	2.19402
3936	-2362.701	-2433.613	70.91178	1.627288	0.1665716	0.656055	0.343945	2.421238
3942	-2365.227	-2435.108	69.88079	1.339298	0.2641834	0.71693	0.28307	3.056685
3948	-2362.523	-2434.098	71.57538	1.577046	0.2607634	0.645575	0.354425	1.841469
3954	-2365.259	-2436.298	71.0394	1.483888	0.1313541	0.522575	0.477425	2.508943
3960	-2362.293	-2433.315	71.0222	1.483888	0.1359804	0.630144	0.369856	2.508943
3966	-2360.043	-2431.437	71.39442	1.428437	0.2526831	0.625918	0.374082	2.076765
3972	-2369.021	-2439.363	70.342	1.715549	0.1187235	0.760631	0.239369	2.825476
3978	-2363.802	-2433.962	70.15951	1.4834	0.1367269	0.670926	0.329074	3.034201
3984	-2370.213	-2441.567	71.35416	1.366623	0.125053	0.580791	0.419209	2.399942
3990	-2361.351	-2432.958	71.6073	1.513818	0.2231485	0.536122	0.463878	1.931074
3996	-2365.743	-2436.58	70.8373	1.273516	0.4057737	0.624305	0.375695	2.318414
4002	-2357.261	-2428.866	71.6054	1.382245	0.2835624	0.68132	0.31868	1.915231
4008	-2360.503	-2431.327	70.82412	1.297093	0.2073506	0.663031	0.336969	2.602912
4014	-2358.66	-2429.448	70.78799	1.338753	0.2054678	0.613893	0.386107	2.602912
4020	-2369.34	-2439.696	70.35567	1.461026	0.3280069	0.514243	0.485757	2.602912
4026	-2367.355	-2438.433	71.07791	1.497664	0.3215459	0.517161	0.482839	2.130481
4032	-2362.743	-2434.323	71.5803	1.494342	0.1636568	0.605127	0.394873	2.083093
4038	-2361.006	-2432.29	71.28406	1.475753	0.2737852	0.605127	0.394873	2.083093
4044	-2369.153	-2439.119	69.96537	1.319665	0.2852614	0.577576	0.422424	2.986644
4050	-2370.124	-2439.917	69.7934	1.143581	0.3759227	0.577576	0.422424	3.075921
4056	-2363.539	-2434.319	70.78022	1.115643	0.2434719	0.622733	0.377267	2.679828
4062	-2369.989	-2438.532	68.54312	1.219808	0.1720185	0.622733	0.377267	4.058652
4068	-2362.25	-2431.667	69.41694	1.219808	0.2246244	0.603194	0.396806	3.463267
4074	-2368.422	-2439.727	71.30479	1.437569	0.2930986	0.586332	0.413668	2.063844
4080	-2356.021	-2427.738	71.71679	1.487796	0.2375621	0.601875	0.398125	1.847383
4086	-2361.411	-2433.184	71.77317	1.526877	0.2523325	0.531511	0.468489	1.754236
4092	-2364.686	-2435.748	71.06233	1.435845	0.1894949	0.468664	0.531336	2.400836
4098	-2364.752	-2434.895	70.14282	1.106289	0.2231157	0.542744	0.457256	3.104517
4104	-2363.579	-2433.843	70.26442	1.321133	0.2015915	0.613272	0.386728	2.940158
4110	-2369.649	-2438.792	69.14265	1.196239	0.2347343	0.614367	0.385633	3.620478
4116	-2361.33	-2432.611	71.28017	1.308284	0.2347343	0.61904	0.38096	2.260091
4122	-2356.735	-2428.001	71.2659	1.416159	0.1991524	0.627878	0.372122	2.265128
4128	-2353.555	-2424.763	71.20781	1.207076	0.2005155	0.637952	0.362048	2.432275
4134	-2352.39	-2422.458	70.06867	1.103343	0.2152566	0.524724	0.475276	3.163617
4140	-2353.944	-2425.043	71.09959	1.348435	0.2397852	0.623066	0.376934	2.341097
4146	-2353.895	-2425.428	71.53356	1.485356	0.199488	0.535957	0.464043	2.045107
4152	-2359.386	-2429.8	70.41471	1.33219	0.1973395	0.559169	0.440831	2.850328
4158	-2356.757	-2427.341	70.58392	1.270749	0.1633818	0.510838	0.489162	2.850328
4164	-2363.001	-2433.839	70.83821	1.190183	0.1997502	0.520582	0.479418	2.674046
4170	-2362.068	-2432.852	70.78405	1.358844	0.1997502	0.609459	0.390541	2.603411
4176	-2361.19	-2432.303	71.1124	1.480012	0.3016019	0.609459	0.390541	2.149087
4182	-2355.651	-2426.021	70.36986	1.29828	0.3016019	0.643357	0.356643	2.731048
4188	-2352.168	-2422.941	70.77226	1.330226	0.2130104	0.646641	0.353359	2.604337
4194	-2356.056	-2427.013	70.95732	1.346712	0.222982	0.504144	0.495856	2.46112
4200	-2364.436	-2435.394	70.95784	1.440529	0.3210567	0.733969	0.266031	2.246039
4206	-2352.205	-2422.372	70.16715	1.155008	0.290445	0.679576	0.320424	2.956868
4212	-2360.291	-2430.164	69.87269	0.9663052	0.2922718	0.617153	0.382847	3.24237
4218	-2364.836	-2435.288	70.45213	1.282668	0.2219402	0.564831	0.435169	2.814238
4224	-2368.301	-2439.099	70.7974	1.632171	0.1198113	0.672553	0.327447	2.594736
4230	-2352.635	-2423.818	71.18328	1.445661	0.1715413	0.569021	0.430979	2.354068
4236	-2361.442	-2431.937	70.49436	1.287547	0.3197255	0.490066	0.509934	2.635757
4242	-2361.562	-2432.132	70.57004	1.295858	0.1558639	0.635979	0.364021	2.858975
4248	-2356.033	-2427.128	71.09574	1.346134	0.2780442	0.596378	0.403622	2.282546
4254	-2354.255	-2425.817	71.56208	1.392432	0.2161055	0.675212	0.324788	2.055577
4260	-2358.883	-2429.287	70.40375	1.079312	0.2996533	0.536597	0.463403	2.846564
4266	-2348.46	-2418.601	70.14085	1.130901	0.2354288	0.654505	0.345495	3.070763
4272	-2362.475	-2433.045	70.57033	1.208769	0.186717	0.662071	0.337929	2.850515
4278	-2366.747	-2437.657	70.90982	1.164514	0.2479366	0.589871	0.410129	2.562263
4284	-2356.87	-2427.369	70.49934	1.046866	0.2899012	0.631761	0.368239	2.822182
4290	-2362.156	-2432.769	70.61304	1.073788	0.2345719	0.542221	0.457779	2.822182
4296	-2359.953	-2430.171	70.21803	1.107169	0.3926676	0.639036	0.360964	2.822182
4302	-2368.791	-2438.022	69.23092	1.165421	0.3015139	0.549391	0.450609	3.489599
4308	-2361.742	-2431.718	69.97545	1.243727	0.1947829	0.491431	0.508569	3.171429
4314	-2352.941	-2422.721	69.77998	1.195157	0.2854106	0.50015	0.49985	3.171429
4320	-2345.151	-2416.545	71.3938	1.395366	0.1996541	0.646183	0.353817	2.195129
4326	-2349.939	-2421.569	71.63056	1.433259	0.1771045	0.626814	0.373186	2.061217
4332	-2351.353	-2422.823	71.47021	1.433259	0.2313013	0.523003	0.476997	2.061217
4338	-2348.826	-2420.019	71.19278	1.503231	0.2121171	0.600694	0.399306	2.231643
4344	-2352.851	-2424.133	71.28264	1.483832	0.1965504	0.514786	0.485214	2.21583
4350	-2351.592	-2423.409	71.81679	1.470666	0.2375303	0.648126	0.351874	1.790293
4356	-2347.297	-2419.344	72.04751	1.503064	0.1514147	0.616529	0.383471	1.790293
4362	-2351.611	-2423.657	72.04589	1.453534	0.234329	0.639214	0.360786	1.646902
4368	-2356.668	-2427.678	71.00979	1.42904	0.234329	0.540289	0.459711	2.3563
4374	-2359.579	-2429.981	70.40149	1.350106	0.1753414	0.517383	0.482617	2.888962
4380	-2361.923	-2433.15	71.22732	1.371093	0.1855947	0.545966	0.454034	2.344998
4386	-2358.305	-2429.291	70.98585	1.360332	0.3175968	0.545966	0.454034	2.284493
4392	-2359.001	-2429.825	70.82384	1.510958	0.320561	0.545966	0.454034	2.287531
4398	-2360.208	-2431.163	70.95496	1.377744	0.203881	0.560564	0.439436	2.477596
4404	-2358.599	-2430.526	71.92737	1.452923	0.2059827	0.628938	0.371062	1.78746
4410	-2361.082	-2432.497	71.41546	1.412909	0.2483588	0.613886	0.386114	2.080567
4416	-2361.677	-2433.262	71.58502	1.464474	0.1724471	0.598504	0.401496	2.080567
4422	-2367.15	-2438.508	71.35818	1.464474	0.33401	0.620461	0.379539	1.948618
4428	-2358.575	-2429.693	71.11739	1.375974	0.1544542	0.587798	0.412202	2.475698
4434	-2366.019	-2437.161	71.14172	1.714143	0.2468443	0.56085	0.43915	2.065072
4440	-2358.924	-2430.498	71.57333	1.473599	0.1805722	0.543075	0.456925	2.065072
4446	-2362.423	-2433.817	71.39377	1.558748	0.1569426	0.744681	0.255319	2.177724
4452	-2362.213	-2432.348	70.13514	1.511213	0.1569426	0.552993	0.447007	2.989162
4458	-2358.835	-2428.808	69.97229	1.17958	0.3421583	0.637039	0.362961	2.989162
4464	-2365.37	-2435.521	70.15044	1.208908	0.4214587	0.641347	0.358653	2.767992
4470	-2364.333	-2434.489	70.15632	1.340993	0.2234789	0.690971	0.309029	2.95527
4476	-2369.93	-2440.673	70.74355	1.340993	0.2356029	0.546584	0.453416	2.576357
4482	-2368.012	-2438.865	70.85257	1.372999	0.1999668	0.670071	0.329929	2.551723
4488	-2364.73	-2435.534	70.80401	1.372999	0.2260881	0.736516	0.263484	2.535112
4494	-2362.935	-2433.976	71.04046	1.740335	0.118702	0.420793	0.579207	2.377605
4500	-2357.675	-2428.899	71.22407	1.238388	0.2138465	0.661704	0.338296	2.377605
4506	-2357.867	-2428.744	70.87754	1.442082	0.2671168	0.58849	0.41151	2.377605
4512	-2356.821	-2427.549	70.72766	1.478319	0.2100873	0.670534	0.329466	2.545367
4518	-2348.187	-2419.105	70.91756	1.552103	0.1749735	0.644446	0.355554	2.447632
4524	-2352.91	-2423.371	70.46112	1.402361	0.2384428	0.722313	0.277687	2.707959
4530	-2356.527	-2427.542	71.01459	1.480346	0.3103387	0.670479	0.329521	2.199329
4536	-2361.844	-2432.531	70.68737	1.500734	0.3103387	0.601506	0.398494	2.395456
4542	-2360.317	-2430.864	70.54773	1.410418	0.2607052	0.65872	0.34128	2.613803
4548	-2357.408	-2427.682	70.27383	1.33356	0.3359899	0.587279	0.412721	2.721047
4554	-2373.518	-2443.709	70.19091	1.260661	0.3067994	0.467195	0.532805	2.855635
4560	-2363.458	-2434.642	71.18422	1.480086	0.2029044	0.44265	0.55735	2.269343
4566	-2369.416	-2441.15	71.73375	1.678706	0.1796053	0.652833	0.347167	1.820937
4572	-2367.924	-2439.977	72.05273	1.561298	0.185881	0.652833	0.347167	1.665736
4578	-2372.863	-2444.928	72.06443	1.490922	0.1291583	0.54129	0.45871	1.842742
4584	-2361.663	-2433.598	71.93479	1.694928	0.2297854	0.752835	0.247165	1.561278
4590	-2356.895	-2428.959	72.06407	1.581664	0.2240099	0.625814	0.374186	1.561278
4596	-2368.995	-2440.74	71.74583	1.460624	0.2240099	0.500502	0.499498	1.871545
4602	-2367.872	-2437.855	69.98328	1.009624	0.2984198	0.657203	0.342797	3.142542
4608	-2372.806	-2441.758	68.95195	1.026889	0.2528871	0.508128	0.491872	3.800695
4614	-2357.698	-2429.103	71.40566	1.628036	0.1565274	0.568288	0.431712	2.125775
4620	-2363.937	-2435.235	71.29805	1.40665	0.1448408	0.595701	0.404299	2.363768
4626	-2358.344	-2429.175	70.83092	1.368298	0.3277308	0.653859	0.346141	2.363768
4632	-2349.715	-2421.223	71.50816	1.479702	0.1933071	0.504231	0.495769	2.077922
4638	-2348.785	-2420.045	71.2602	1.467196	0.1933071	0.609886	0.390114	2.247346
4644	-2357.304	-2428.659	71.35528	1.549894	0.1901352	0.599443	0.400557	2.13849
4650	-2353.037	-2424.078	71.04134	1.640441	0.2711545	0.447464	0.552536	2.13849
4656	-2359.597	-2431.295	71.69794	1.495836	0.2880047	0.495619	0.504381	1.766372
4662	-2363.624	-2434.994	71.36931	1.554726	0.1938712	0.547865	0.452135	2.118695
4668	-2371.895	-2443.575	71.67991	1.495183	0.2316275	0.526842	0.473158	1.878563
4674	-2363.223	-2433.726	70.50352	1.200315	0.2613568	0.52952	0.47048	2.768961
4680	-2361.905	-2432.598	70.69304	1.19278	0.159002	0.628754	0.371246	2.840394
4686	-2363.28	-2433.544	70.26412	1.19278	0.2700831	0.60868	0.39132	2.905521
4692	-2367.932	-2438.621	70.68827	1.237011	0.2192664	0.677537	0.322463	2.702509
4698	-2357.957	-2428.601	70.64376	1.316339	0.159691	0.547669	0.452331	2.793822
4704	-2353.435	-2422.908	69.47336	0.9972484	0.2303836	0.527176	0.472824	3.55085
4710	-2356.702	-2427.644	70.94156	1.344346	0.2528207	0.522694	0.477306	2.421941
4716	-2351.497	-2423.071	71.57413	1.344346	0.2648034	0.612404	0.387596	1.992817
4722	-2363.009	-2433.532	70.52208	1.211202	0.2197777	0.550861	0.449139	2.818866
4728	-2357.971	-2429.834	71.86331	1.616762	0.1713756	0.502254	0.497746	1.792506
4734	-2362.533	-2434.433	71.89976	1.705428	0.2215675	0.629944	0.370056	1.595959
4740	-2362.16	-2433.764	71.60421	1.324456	0.2041181	0.629944	0.370056	2.095523
4746	-2359.22	-2430.319	71.09888	1.286432	0.3452328	0.476761	0.523239	2.220543
4752	-2358.719	-2430.752	72.0324	1.516401	0.2322247	0.607005	0.392995	1.615439
4758	-2358.529	-2430.228	71.69857	1.516401	0.2262039	0.653268	0.346732	1.861554
4764	-2354.57	-2426.352	71.78183	1.655798	0.1541405	0.653268	0.346732	1.861554
4770	-2356.916	-2428.515	71.59893	1.605297	0.155438	0.605964	0.394036	2.015828
4776	-2364.104	-2434.969	70.86456	1.390945	0.1684252	0.69653	0.30347	2.59452
4782	-2360.427	-2430.513	70.08594	1.212699	0.313047	0.603459	0.396541	2.93943
4788	-2370.908	-2441.471	70.56342	1.198192	0.313047	0.603459	0.396541	2.657538
4794	-2366.103	-2436.778	70.6746	1.419978	0.1856112	0.695874	0.304126	2.659887
4800	-2362.001	-2433.881	71.88027	1.451148	0.1856207	0.551828	0.448172	1.863556
4806	-2366.471	-2437.338	70.86735	1.378947	0.2100209	0.468811	0.531189	2.520368
4812	-2366.202	-2436.967	70.7651	1.219142	0.3115799	0.617099	0.382901	2.521645
4818	-2356.604	-2427.634	71.02992	1.314386	0.2485551	0.617099	0.382901	2.392106
4824	-2366.22	-2436.969	70.74932	1.247426	0.3562387	0.56787	0.43213	2.453026
4830	-2371.256	-2440.957	69.7014	1.09142	0.2429447	0.631977	0.368023	3.34254
4836	-2361.863	-2432.162	70.29901	1.05286	0.3281994	0.631977	0.368023	2.886889
4842	-2352.41	-2422.584	70.17406	1.245988	0.2173483	0.65683	0.34317	3.012076
4848	-2357.231	-2427.731	70.50001	1.303432	0.2714573	0.65683	0.34317	2.692458
4854	-2357.875	-2428.833	70.95798	1.377381	0.2094151	0.655097	0.344903	2.465766
4860	-2356.574	-2426.873	70.29906	1.137069	0.2225484	0.543519	0.456481	2.993615
4866	-2358.455	-2430.16	71.70461	1.35393	0.1996969	0.622016	0.377984	2.01841
4872	-2351.184	-2422.6	71.4159	1.339947	0.2791462	0.620172	0.379828	2.077043
4878	-2356.005	-2427.549	71.54339	1.6342	0.1904556	0.635419	0.364581	1.9576
4884	-2362.112	-2432.452	70.33983	1.331418	0.1741821	0.585865	0.414135	2.93971
4890	-2369.395	-2440.563	71.16733	1.402897	0.2793127	0.68411	0.31589	2.197932
4896	-2363.103	-2433.666	70.5625	1.349983	0.212122	0.66595	0.33405	2.722875
4902	-2355.557	-2425.726	70.16879	1.458725	0.20032	0.580345	0.419655	2.91714
4908	-2362.767	-2432.658	69.8913	1.358939	0.2918576	0.712882	0.287118	2.998072
4914	-2355.131	-2424.662	69.53179	1.252756	0.2704262	0.611365	0.388635	3.305804
4920	-2351.954	-2421.591	69.63751	1.20545	0.2222932	0.611365	0.388635	3.346233
4926	-2358.9	-2428.269	69.369	1.223566	0.1523462	0.670578	0.329422	3.619679
4932	-2352.426	-2421.444	69.01796	1.281036	0.2502252	0.677986	0.322014	3.619679
4938	-2355.967	-2426.954	70.98694	1.371053	0.2502252	0.626882	0.373118	2.380685
4944	-2357.732	-2428.645	70.91295	1.323018	0.299709	0.679892	0.320108	2.380685
4950	-2364.068	-2435.013	70.94465	1.39847	0.2019788	0.717792	0.282208	2.474604
4956	-2368.63	-2439.771	71.14088	1.322516	0.25169	0.717792	0.282208	2.311281
4962	-2371.838	-2443.405	71.56683	1.74634	0.300774	0.709183	0.290817	1.660801
4968	-2363.109	-2435.062	71.9528	1.602271	0.300774	0.54593	0.45407	1.483355
4974	-2370.342	-2442.388	72.0466	1.775968	0.2596885	0.576313	0.423687	1.354022
4980	-2373.455	-2445.142	71.68738	1.678717	0.1591689	0.687838	0.312162	1.898547
4986	-2367.921	-2440.159	72.23754	1.63911	0.1565033	0.5168	0.4832	1.544677
4992	-2361.462	-2433.316	71.85416	1.4157	0.1480451	0.569474	0.430526	1.989252
4998	-2355.759	-2427.241	71.48211	1.411031	0.2771413	0.522025	0.477975	1.989252
5004	-2350.085	-2420.185	70.10043	1.056118	0.2706496	0.56502	0.43498	3.084949
5010	-2357.619	-2426.422	68.80346	1.158981	0.1241465	0.678723	0.321277	4.041436
5016	-2352.923	-2423.632	70.70836	1.240871	0.2510277	0.64635	0.35365	2.634711
5022	-2348.283	-2419.773	71.48984	1.428837	0.1957473	0.546956	0.453044	2.118479
5028	-2345.771	-2416.674	70.9031	1.333966	0.2688183	0.608179	0.391821	2.427047
5034	-2354.563	-2425.788	71.22511	1.37508	0.1563086	0.608179	0.391821	2.40451
5040	-2350.582	-2421.607	71.02464	1.297096	0.1659388	0.554968	0.445032	2.558532
5046	-2353.414	-2424.353	70.93915	1.424702	0.2879343	0.563102	0.436898	2.317112
5052	-2352.129	-2423.409	71.27998	1.461677	0.24456	0.503732	0.496268	2.14393
5058	-2357.345	-2429.123	71.77789	1.461677	0.2517459	0.519913	0.480087	1.797388
5064	-2361.647	-2434.192	72.5445	1.632092	0.1875944	0.612175	0.387825	1.230277
5070	-2354.124	-2426.578	72.45404	1.624919	0.1966207	0.524489	0.475511	1.288347
5076	-2362.354	-2434.873	72.51872	1.785619	0.13991	0.651568	0.348432	1.257102
5082	-2367.358	-2439.244	71.8861	2.075925	0.3073204	0.606223	0.393777	1.141202
5088	-2360.129	-2431.859	71.73006	1.83356	0.131517	0.645845	0.354155	1.830961
5094	-2370.364	-2440.967	70.60244	1.461229	0.1743837	0.503301	0.496699	2.700794
5100	-2363.036	-2433.713	70.67758	1.744635	0.1584561	0.697126	0.302874	2.511614
5106	-2363.064	-2434.622	71.55773	1.721148	0.2128174	0.572657	0.427343	1.843727
5112	-2357.997	-2429.571	71.57434	1.76462	0.250101	0.616012	0.383988	1.731023
5118	-2367.278	-2438.634	71.35511	1.76462	0.2061613	0.533466	0.466534	1.964768
5124	-2358.94	-2430.349	71.40913	1.55283	0.2641818	0.688768	0.311232	1.964768
5130	-2352.058	-2422.888	70.8299	1.452756	0.2641818	0.710338	0.289662	2.405642
5136	-2354.342	-2425.353	71.01165	1.359454	0.2266028	0.640806	0.359194	2.412578
5142	-2359.669	-2429.968	70.29915	1.219823	0.31116	0.640806	0.359194	2.808656
5148	-2356.292	-2426.965	70.67297	1.251308	0.2574777	0.601264	0.398736	2.639809
5154	-2357.485	-2427.955	70.46956	1.414023	0.1444386	0.601264	0.398736	2.872509
5160	-2362.398	-2433.289	70.89079	1.345085	0.1624764	0.630854	0.369146	2.618903
5166	-2355.027	-2426.576	71.54949	1.574647	0.1945999	0.566353	0.433647	1.984925
5172	-2365.007	-2436.587	71.58034	1.543798	0.1945999	0.644791	0.355209	1.984925
5178	-2371.549	-2443.065	71.51599	1.469155	0.1867358	0.646182	0.353818	2.093017
5184	-2380.484	-2451.109	70.62506	1.391007	0.2282426	0.68685	0.31315	2.631198
5190	-2370.642	-2440.72	70.07795	1.318637	0.2922853	0.6787	0.3213	2.909377
5196	-2364.839	-2435.888	71.0491	1.438507	0.2652427	0.551453	0.448547	2.273607
5202	-2358.646	-2429.668	71.02151	1.412297	0.2652427	0.691985	0.308015	2.308015
5208	-2352.285	-2423.785	71.49927	1.491868	0.1400693	0.651832	0.348168	2.191241
5214	-2364.219	-2434.639	70.41971	1.291092	0.1821698	0.651832	0.348168	2.900462
5220	-2360.623	-2431.8	71.17709	1.504477	0.1820753	0.62196	0.37804	2.299045
5226	-2352.206	-2423.487	71.28109	1.451032	0.208099	0.667837	0.332163	2.215872
5232	-2357.935	-2429.285	71.35018	1.435951	0.3060801	0.567623	0.432377	2.014789
5238	-2356.093	-2425.727	69.63376	1.269223	0.2912558	0.554546	0.445454	3.20593
5244	-2356.462	-2426.142	69.67927	1.322287	0.2515917	0.554546	0.445454	3.20593
5250	-2359.552	-2430.638	71.08563	1.774281	0.2131721	0.67715	0.32285	2.123284
5256	-2361.821	-2433.456	71.63551	1.774281	0.3044222	0.514768	0.485232	1.584859
5262	-2364.866	-2437.02	72.15443	1.700544	0.3612768	0.514768	0.485232	1.132043
5268	-2376.264	-2448.25	71.98613	1.773711	0.3169719	0.708201	0.291799	1.294261
5274	-2368.874	-2441.132	72.25824	1.7555	0.1929156	0.668772	0.331228	1.349922
5280	-2369.25	-2439.986	70.73612	1.316797	0.5200354	0.655837	0.344163	2.227421
5286	-2364.6	-2434.968	70.36807	1.201295	0.3240917	0.577509	0.422491	2.760244
5292	-2364.019	-2434.677	70.65834	1.281269	0.1828323	0.70301	0.29699	2.760244
5298	-2368.569	-2439.338	70.76922	1.246604	0.2013155	0.644656	0.355344	2.678901
5304	-2369.265	-2441.462	72.19617	1.5959	0.2013155	0.548349	0.451651	1.501215
5310	-2371.254	-2443.232	71.97806	1.5959	0.2975205	0.666972	0.333028	1.474823
5316	-2366.094	-2438.382	72.28885	1.624049	0.1439253	0.666972	0.333028	1.55045
5322	-2367.088	-2438.512	71.42385	1.719792	0.1370263	0.551017	0.448983	2.099054
5328	-2357.457	-2428.092	70.63484	1.5112	0.254757	0.569938	0.430062	2.506532
5334	-2358.102	-2429.4	71.29772	1.436243	0.2026895	0.456198	0.543802	2.224959
5340	-2366.368	-2437.906	71.5376	1.436243	0.2192772	0.638572	0.361428	2.036822
5346	-2357.921	-2428.585	70.66411	1.160322	0.2216512	0.638572	0.361428	2.76012
5352	-2356.775	-2427.064	70.28878	1.061042	0.277553	0.606769	0.393231	2.958942
5358	-2356.655	-2427.611	70.95601	1.397343	0.1658223	0.568863	0.431137	2.539105
5364	-2356.718	-2426.841	70.1236	1.169523	0.1991421	0.582814	0.417186	3.119654
5370	-2354.489	-2425.866	71.37675	1.412019	0.2041561	0.582814	0.417186	2.186714
5376	-2363.69	-2434.811	71.12099	1.519572	0.1381983	0.597593	0.402407	2.419484
5382	-2358.379	-2428.824	70.44575	1.178288	0.2319373	0.580617	0.419383	2.86463
5388	-2353.112	-2424.214	71.10245	1.283325	0.1862765	0.580817	0.419183	2.477797
5394	-2356.283	-2427.234	70.95141	1.308472	0.3268577	0.579866	0.420134	2.326437
5400	-2355.155	-2426.227	71.07203	1.425175	0.1889524	0.644473	0.355527	2.402502
5406	-2362.712	-2432.828	70.11624	1.227417	0.1995008	0.583048	0.416952	3.088897
5412	-2359.592	-2429.784	70.19225	1.294757	0.4430897	0.583048	0.416952	2.665527
5418	-2365.177	-2433.833	68.65533	1.037301	0.3746303	0.583048	0.416952	3.805861
5424	-2362.182	-2432.489	70.30772	1.349429	0.2290576	0.68583	0.31417	2.849356
5430	-2365.837	-2435.766	69.92902	1.326472	0.1894715	0.661785	0.338215	3.15951
5436	-2363.144	-2433.829	70.68536	1.314195	0.2344242	0.627371	0.372629	2.630928
5442	-2369.865	-2439.446	69.58023	1.226881	0.1980906	0.623214	0.376786	3.408517
5448	-2370.285	-2439.347	69.06166	1.069166	0.1442624	0.667076	0.332924	3.902403
5454	-2367.821	-2437.69	69.86915	1.157191	0.3237979	0.611546	0.388454	3.088219
5460	-2371.136	-2442.514	71.37849	1.533297	0.277693	0.557536	0.442464	1.975881
5466	-2361.307	-2432.913	71.60618	1.486943	0.2060853	0.557536	0.442464	1.982738
5472	-2362.942	-2434.024	71.08139	1.460973	0.2358302	0.550448	0.449552	2.287728
5478	-2367.099	-2438.892	71.79238	1.474325	0.201452	0.53024	0.46976	1.87481
5484	-2369.604	-2441.598	71.99397	1.611585	0.3532634	0.53024	0.46976	1.354953
5490	-2366.384	-2438.501	72.11692	1.516773	0.3399984	0.658464	0.341536	1.354953
5496	-2364.803	-2436.713	71.91044	1.560028	0.1966108	0.509663	0.490337	1.744027
5502	-2361.145	-2431.917	70.77167	1.340721	0.2687998	0.619986	0.380014	2.505266
5508	-2363.124	-2434.026	70.90191	1.125026	0.3421572	0.619986	0.380014	2.452735
5514	-2355.689	-2426.603	70.91366	1.249019	0.2961902	0.617591	0.382409	2.432142
5520	-2352.047	-2422.841	70.79472	1.411659	0.2779584	0.705621	0.294379	2.432142
5526	-2347.441	-2417.995	70.55473	1.411659	0.1609365	0.593994	0.406006	2.787423
5532	-2353.263	-2422.955	69.69248	1.242588	0.1609365	0.599861	0.400139	3.402829
5538	-2354.544	-2424.573	70.02946	1.059051	0.2536279	0.540821	0.459179	3.151194
5544	-2357.52	-2427.383	69.86349	1.228106	0.25244	0.540821	0.459179	3.151194
5550	-2352.805	-2423.497	70.69195	1.455938	0.1513749	0.605134	0.394866	2.696494
5556	-2360.858	-2432.837	71.97916	1.769714	0.09979057	0.686857	0.313143	1.790394
5562	-2360.805	-2432.618	71.81342	1.833965	0.109307	0.644845	0.355155	1.833106
5568	-2358.308	-2430.02	71.71245	1.712095	0.1022472	0.488431	0.511569	2.003636
5574	-2367.632	-2438.468	70.83632	1.437824	0.2115762	0.559117	0.440883	2.500169
5580	-2369.939	-2440.251	70.31136	1.302514	0.2128947	0.495247	0.504753	2.90311
5586	-2361.163	-2432.574	71.41132	1.302514	0.2423951	0.495247	0.504753	2.165792
5592	-2356.624	-2428.824	72.19949	1.769448	0.2440873	0.618664	0.381336	1.268524
5598	-2366.024	-2437.179	71.15479	1.769448	0.079846	0.581974	0.418026	2.391625
5604	-2365.978	-2437.441	71.46226	1.326565	0.2017612	0.455065	0.544935	2.19128
5610	-2364.225	-2435.651	71.42538	1.326565	0.1626421	0.455065	0.544935	2.294464
5616	-2375.518	-2446.443	70.9252	1.23578	0.1565128	0.5416	0.4584	2.677542
5622	-2362.862	-2434.591	71.72901	1.349432	0.1565128	0.640883	0.359117	2.096495
5628	-2362.131	-2433.638	71.50718	1.474047	0.2047866	0.64899	0.35101	2.059619
5634	-2357.544	-2428.761	71.21733	1.624964	0.1583907	0.553121	0.446879	2.245741
5640	-2369.19	-2440.063	70.87306	1.235599	0.1399708	0.623132	0.376868	2.745388
5646	-2363.636	-2433.451	69.81536	1.19634	0.239687	0.6055	0.3945	3.218547
5652	-2361.625	-2430.198	68.57265	1.21367	0.2353895	0.576169	0.423831	3.937889
5658	-2356.473	-2426.916	70.44284	1.261426	0.2656292	0.576169	0.423831	2.762099
5664	-2357.015	-2427.072	70.05679	1.414056	0.1577348	0.554198	0.445802	3.09257
5670	-2362.462	-2433.824	71.36201	1.49771	0.2270552	0.461347	0.538653	2.097718
5676	-2360.822	-2432.015	71.19325	1.623883	0.147763	0.634871	0.365129	2.285534
5682	-2358.189	-2430.137	71.94821	1.664447	0.2466382	0.670458	0.329542	1.540381
5688	-2352.375	-2423.803	71.42866	1.534812	0.2410936	0.592119	0.407881	2.003852
5694	-2354.662	-2425.713	71.051	1.51291	0.2424395	0.575021	0.424979	2.262545
5700	-2355.461	-2426.446	70.98472	1.385063	0.2025719	0.534017	0.465983	2.456778
5706	-2351.228	-2423.02	71.79173	1.385063	0.2202873	0.616527	0.383473	1.898848
5712	-2358.391	-2429.957	71.56564	1.670839	0.1997373	0.616527	0.383473	1.898848
5718	-2359.674	-2430.529	70.8552	1.520452	0.2015884	0.522305	0.477695	2.454929
5724	-2357.429	-2428.478	71.04878	1.239699	0.2131879	0.614485	0.385515	2.488295
5730	-2352.229	-2423.027	70.79735	1.321576	0.2304814	0.576585	0.423415	2.563686
5736	-2353.524	-2425.313	71.78904	1.348881	0.2257147	0.600508	0.399492	1.914884
5742	-2356.599	-2428.219	71.61999	1.348881	0.2257147	0.530455	0.469545	2.028136
5748	-2354.571	-2425.476	70.90495	1.437259	0.1929095	0.550837	0.449163	2.492272
5754	-2364.934	-2434.652	69.71817	1.366243	0.2813329	0.573617	0.426383	3.112309
5760	-2355.938	-2426.5	70.56219	1.366243	0.2218309	0.546845	0.453155	2.696136
5766	-2355.037	-2425.385	70.34845	1.2539	0.2146442	0.546845	0.453155	2.907035
5772	-2366.944	-2437.842	70.89863	1.2539	0.3545472	0.555798	0.444202	2.356919
5778	-2365.59	-2437.143	71.55303	1.309318	0.3128937	0.698326	0.301674	1.953439
5784	-2360.913	-2432.497	71.58382	1.493329	0.2668602	0.62678	0.37322	1.882385
5790	-2359.819	-2431.776	71.95782	1.675169	0.3276564	0.598609	0.401391	1.376665
5796	-2364.662	-2436.352	71.69073	1.826783	0.2586831	0.568472	0.431528	1.587316
5802	-2375.727	-2447.356	71.62903	1.98399	0.2428789	0.665498	0.334502	1.547471
5808	-2373.181	-2445.472	72.29128	1.93387	0.1992839	0.552505	0.447495	1.157848
5814	-2368.621	-2440.426	71.80509	1.870662	0.2513819	0.600131	0.399869	1.483957
5820	-2357.202	-2427.955	70.75316	1.486834	0.2274994	0.65696	0.34304	2.493355
5826	-2365.962	-2436.943	70.98139	1.58524	0.2649655	0.666276	0.333724	2.223246
5832	-2346.026	-2417.3	71.27334	1.507844	0.1879793	0.562341	0.437659	2.223246
5838	-2353.472	-2425.165	71.69329	1.510275	0.2349976	0.582818	0.417182	1.852837
5844	-2356.467	-2427.538	71.07076	1.441134	0.4008858	0.589121	0.410879	2.064579
5850	-2363.619	-2433.885	70.26666	1.345195	0.1971841	0.670973	0.329027	2.932255
5856	-2363.35	-2433.425	70.07491	1.514754	0.189579	0.527139	0.472861	2.959576
5862	-2357.681	-2428.903	71.22141	1.45829	0.167377	0.546092	0.453908	2.330493
5868	-2359.91	-2429.498	69.58788	1.393616	0.2048874	0.674808	0.325192	3.294147
5874	-2365.477	-2433.955	68.47787	1.163241	0.2603032	0.63419	0.36581	3.983508
5880	-2362.439	-2432.605	70.16636	1.072369	0.3639323	0.654604	0.345396	2.909392
5886	-2363.579	-2432.389	68.80987	1.014777	0.2821327	0.657279	0.342721	3.847211
5892	-2361.84	-2431.907	70.06696	1.082275	0.3244318	0.657279	0.342721	3.013885
5898	-2362.516	-2432.086	69.56981	1.173589	0.2458694	0.624488	0.375512	3.367023
5904	-2361.728	-2432.599	70.87049	1.103884	0.2096862	0.665323	0.334677	2.689242
5910	-2361.389	-2432.578	71.18902	1.265947	0.2229487	0.740549	0.259451	2.365992
5916	-2350.877	-2422.162	71.28552	1.34998	0.2873252	0.509008	0.490992	2.142946
5922	-2353.072	-2424.72	71.64858	1.366597	0.2537665	0.607132	0.392868	1.946919
5928	-2356.984	-2428.496	71.51223	1.329849	0.1940546	0.544564	0.455436	2.171762
5934	-2359.922	-2430.128	70.20587	1.295075	0.3081714	0.544564	0.455436	2.823764
5940	-2360.797	-2432.058	71.2605	1.295075	0.2094775	0.544564	0.455436	2.326496
5946	-2357.314	-2429.27	71.95691	1.423339	0.1621114	0.544564	0.455436	1.882163
5952	-2349.46	-2420.47	71.01032	1.448153	0.1508717	0.660599	0.339401	2.505311
5958	-2345.569	-2417.241	71.67206	1.450527	0.2657919	0.552756	0.447244	1.853197
5964	-2362.995	-2433.648	70.65289	1.246266	0.1486939	0.682473	0.317527	2.853928
5970	-2354.537	-2425.963	71.42557	1.609684	0.131931	0.64142	0.35858	2.182088
5976	-2354.592	-2426.251	71.65929	1.509628	0.131931	0.556549	0.443451	2.09486
5982	-2359.273	-2430.303	71.03091	1.509628	0.2117279	0.556549	0.443451	2.331919
5988	-2358.289	-2429.136	70.84722	1.420409	0.2362405	0.556213	0.443787	2.461059
5994	-2354.07	-2424.507	70.43752	1.442555	0.2471167	0.556213	0.443787	2.683607
6000	-2361.754	-2433.257	71.50315	1.582972	0.1839232	0.653085	0.346915	2.032166
6006	-2350.584	-2421.086	70.50255	1.322371	0.2219365	0.523124	0.476876	2.759331
6012	-2352.608	-2422.411	69.80256	1.296008	0.2614867	0.642545	0.357455	3.133227
6018	-2348.373	-2419.171	70.79759	1.28804	0.1730944	0.562091	0.437909	2.689877
6024	-2351.702	-2422.117	70.41454	1.29038	0.3306069	0.562091	0.437909	2.668369
6030	-2354.169	-2424.838	70.66862	1.474265	0.2217867	0.472798	0.527202	2.563809
6036	-2355.364	-2426.063	70.6991	1.47463	0.1549164	0.629141	0.370859	2.673073
6042	-2352.548	-2423.321	70.77283	1.744673	0.1246252	0.634958	0.365042	2.528492
6048	-2356.563	-2427.444	70.88089	1.744673	0.106818	0.547958	0.452042	2.505333
6054	-2363.815	-2434.658	70.84355	1.422189	0.1527155	0.578875	0.421125	2.621045
6060	-2359.596	-2430.976	71.3801	1.584155	0.1567317	0.619378	0.380622	2.170575
6066	-2354.777	-2426.254	71.47661	1.360358	0.2548579	0.592516	0.407484	2.063746
6072	-2360.979	-2432.474	71.49447	1.747644	0.1250902	0.592516	0.407484	2.063746
6078	-2354.415	-2426.21	71.795	1.677048	0.1441204	0.626177	0.373823	1.862104
6084	-2353.143	-2424.952	71.80889	1.527931	0.1845691	0.61193	0.38807	1.862104
6090	-2359.058	-2429.048	69.98952	1.311579	0.247061	0.518869	0.481131	3.034628
6096	-2367.367	-2438.458	71.09076	1.311579	0.2588494	0.564099	0.435901	2.338403
6102	-2356.665	-2427.888	71.22321	1.387164	0.1850839	0.564099	0.435901	2.338403
6108	-2361.39	-2431.309	69.91846	1.37825	0.1634691	0.590091	0.409909	3.184612
6114	-2359.152	-2429.412	70.2596	1.37825	0.1634691	0.481725	0.518275	2.981007
6120	-2357.524	-2427.927	70.40297	1.424127	0.1425938	0.490833	0.509167	2.910657
6126	-2352.27	-2422.761	70.49181	1.286372	0.156526	0.548027	0.451973	2.910657
6132	-2358.468	-2428.138	69.66997	1.286372	0.1783751	0.699134	0.300866	3.356764
6138	-2355.587	-2425.809	70.22167	1.177402	0.2134227	0.611561	0.388439	3.031371
6144	-2357.965	-2429.237	71.27285	1.532991	0.2134227	0.611561	0.388439	2.158087
6150	-2359.125	-2430.809	71.68302	1.619983	0.1469501	0.683922	0.316078	1.969667
6156	-2369.698	-2440.79	71.09188	1.495943	0.07908628	0.572848	0.427152	2.604154
6162	-2368.237	-2437.826	69.58966	1.346884	0.1276478	0.618543	0.381457	3.471706
6168	-2366.748	-2437.507	70.75847	1.367129	0.2653816	0.618543	0.381457	2.502372
6174	-2369.957	-2440.6	70.64284	1.597286	0.1352116	0.656844	0.343156	2.675477
6180	-2372.221	-2441.835	69.6135	1.254855	0.1763258	0.610106	0.389894	3.412234
6186	-2373.489	-2443.277	69.78822	1.089644	0.1733789	0.596941	0.403059	3.412234
6192	-2367.205	-2436.716	69.51107	1.105508	0.1869769	0.665773	0.334227	3.539629
6198	-2365.951	-2434.259	68.30852	1.001934	0.2265015	0.665773	0.334227	4.22296
6204	-2368.081	-2438.418	70.33697	1.399057	0.2953174	0.556026	0.443974	2.698443
6210	-2363.715	-2433.966	70.25099	1.25303	0.1536682	0.59166	0.40834	3.081112
6216	-2353.642	-2424.075	70.43287	1.172782	0.2454454	0.571867	0.428133	2.853758
6222	-2360.448	-2430.251	69.80352	1.302797	0.2751656	0.679794	0.320206	3.108241
6228	-2360.427	-2430.073	69.6461	0.896816	0.2946706	0.577699	0.422301	3.413253
6234	-2361.816	-2432.703	70.88659	1.330185	0.2047321	0.591872	0.408128	2.548395
6240	-2353.739	-2423.856	70.11767	1.244824	0.2057158	0.534072	0.465928	3.066649
6246	-2354.891	-2426.209	71.31884	1.327901	0.2057158	0.610745	0.389255	2.275288
6252	-2353.899	-2425.047	71.14778	1.321056	0.2716986	0.59171	0.40829	2.275288
6258	-2353.728	-2424.97	71.24197	1.306216	0.2408844	0.574039	0.425961	2.275288
6264	-2354.274	-2425.042	70.76817	1.216215	0.1835345	0.536768	0.463232	2.731518
6270	-2352.834	-2424.551	71.71697	1.625776	0.2182302	0.607578	0.392422	1.788982
6276	-2359.106	-2430.405	71.29923	1.579841	0.09579759	0.607578	0.392422	2.375164
6282	-2352.439	-2423.428	70.98956	1.314582	0.1955921	0.571083	0.428917	2.510965
6288	-2355.796	-2427.369	71.57267	1.482199	0.1743455	0.493346	0.506654	2.072976
6294	-2358.756	-2429.776	71.01953	1.511076	0.1819332	0.502772	0.497228	2.39524
6300	-2363.888	-2433.15	69.2617	1.121357	0.1873845	0.593157	0.406843	3.674448
6306	-2361.501	-2430.837	69.33617	1.175034	0.338497	0.644989	0.355011	3.373975
6312	-2351.718	-2421.586	69.86806	1.175034	0.1941557	0.502402	0.497598	3.276761
6318	-2362.363	-2430.417	68.05438	1.185876	0.2070635	0.562546	0.437454	4.294122
6324	-2346.659	-2417.371	70.71258	1.312595	0.2070635	0.562546	0.437454	2.662709
6330	-2353.674	-2424.734	71.05924	1.304175	0.2636839	0.580956	0.419044	2.355324
6336	-2364.859	-2435.405	70.54514	1.333338	0.2045031	0.643927	0.356073	2.757268
6342	-2359.174	-2429.421	70.24697	1.322188	0.2045031	0.511933	0.488067	2.944834
6348	-2354.859	-2425.818	70.95873	1.322188	0.183825	0.6294	0.3706	2.548029
6354	-2363.719	-2433.991	70.27217	1.156132	0.3078433	0.73941	0.26059	2.868279
6360	-2354.811	-2425.254	70.44245	1.278862	0.1984228	0.550015	0.449985	2.863866
6366	-2360.165	-2431.106	70.94137	1.400115	0.135965	0.650396	0.349604	2.611257
6372	-2354.856	-2424.968	70.11182	1.341194	0.1858802	0.62619	0.37381	3.048423
6378	-2362.911	-2433.525	70.61459	1.42737	0.2226714	0.58308	0.41692	2.624785
6384	-2360.8	-2431.464	70.66414	1.42737	0.2272243	0.597275	0.402725	2.586274
6390	-2359.194	-2430.468	71.27425	1.343015	0.167732	0.409872	0.590128	2.369401
6396	-2355.305	-2426.367	71.06244	1.432517	0.3087143	0.582662	0.417338	2.201716
6402	-2357.822	-2427.993	70.17095	1.221778	0.1930604	0.695153	0.304847	3.071219
6408	-2357.905	-2429.602	71.69744	1.353119	0.1973552	0.721256	0.278744	2.028378
6414	-2357.37	-2427.813	70.443	1.011864	0.2016641	0.686856	0.313144	3.018547
6420	-2354.473	-2424.819	70.3458	1.232087	0.1626913	0.721601	0.278399	3.018547
6426	-2356.453	-2426.762	70.30862	1.289649	0.1596416	0.612204	0.387796	3.012495
6432	-2363.023	-2434.158	71.13476	1.280657	0.1855553	0.488671	0.511329	2.460623
6438	-2367.72	-2437.496	69.77578	1.234099	0.1855553	0.531349	0.468651	3.311953
6444	-2353.226	-2423.226	69.99935	1.154433	0.2200201	0.531849	0.468151	3.166404
6450	-2354.522	-2424.328	69.80603	1.359045	0.1518824	0.531849	0.468151	3.285855
6456	-2357.423	-2427.048	69.62489	1.256682	0.1897361	0.597284	0.402716	3.379756
6462	-2350.735	-2420.652	69.91743	1.177181	0.2109579	0.540861	0.459139	3.216854
6468	-2351.976	-2422.333	70.35757	1.177181	0.3160235	0.577299	0.422701	2.792345
6474	-2351.87	-2422.215	70.34465	1.179657	0.3145757	0.649913	0.350087	2.800693
6480	-2355.659	-2425.98	70.32115	1.215549	0.2873212	0.649913	0.350087	2.831702
6486	-2356.121	-2426.51	70.38939	1.267925	0.1647786	0.648061	0.351939	2.966676
6492	-2362.665	-2430.984	68.3193	0.9031471	0.2657218	0.543509	0.456491	4.214121
6498	-2362.024	-2430.168	68.14353	1.007018	0.2952715	0.543509	0.456491	4.214121
6504	-2366.891	-2435.529	68.6374	1.007018	0.2583009	0.634172	0.365828	3.984547
6510	-2361.549	-2431.516	69.96718	1.033162	0.2000902	0.644013	0.355987	3.291425
6516	-2365.715	-2434.885	69.1708	0.8954788	0.2407294	0.644013	0.355987	3.768774
6522	-2359.507	-2429.37	69.86278	1.09845	0.3696872	0.623801	0.376199	3.068959
6528	-2357.72	-2427.673	69.95264	1.072079	0.2082652	0.602931	0.397069	3.262802
6534	-2358.945	-2430.614	71.66874	1.335147	0.191546	0.57847	0.42153	2.070913
6540	-2364.029	-2435.749	71.72074	1.373985	0.1929944	0.590535	0.409465	2.007809
6546	-2356.617	-2428.317	71.69961	1.463553	0.1712953	0.671554	0.328446	2.007809
6552	-2357.463	-2429.301	71.83853	1.53502	0.1712953	0.677417	0.322583	1.865988
6558	-2360.208	-2432.141	71.93321	1.637462	0.1072964	0.520341	0.479659	1.89118
6564	-2355.492	-2427.271	71.77965	1.700635	0.2108753	0.520341	0.479659	1.707428
6570	-2359.751	-2431.113	71.36187	1.545507	0.1764347	0.528596	0.471404	2.165095
6576	-2357.967	-2428.811	70.84394	1.409742	0.2035773	0.604318	0.395682	2.527536
6582	-2354.674	-2425.206	70.53177	1.148771	0.2368115	0.561205	0.438795	2.822313
6588	-2362.894	-2432.048	69.15377	0.9711661	0.278019	0.472263	0.527737	3.679833
6594	-2362.04	-2431.226	69.1865	1.09574	0.1689096	0.472263	0.527737	3.766763
6600	-2365.42	-2435.224	69.80385	1.064887	0.2755515	0.647891	0.352109	3.248646
6606	-2362.217	-2431.777	69.56051	1.084071	0.2571805	0.525435	0.474565	3.407709
6612	-2361.222	-2432.685	71.46262	1.227699	0.2396409	0.554621	0.445379	2.185837
6618	-2369.918	-2439.932	70.01422	1.058039	0.271351	0.554621	0.445379	3.134131
6624	-2366.27	-2435.881	69.61094	1.058039	0.2885863	0.603731	0.396269	3.347754
6630	-2364.933	-2434.626	69.69245	0.9749877	0.1781498	0.643749	0.356251	3.5262
6636	-2364.008	-2433.416	69.40759	1.083419	0.2392072	0.504127	0.495873	3.525015
6642	-2359.921	-2431.012	71.09097	1.15926	0.2392072	0.580775	0.419225	2.466954
6648	-2359.574	-2429.745	70.17113	0.9808943	0.2166549	0.575033	0.424967	3.173114
6654	-2360.508	-2430.605	70.09679	1.028662	0.2260976	0.575033	0.424967	3.173114
6660	-2351.384	-2422.05	70.66637	1.238228	0.1850255	0.602623	0.397377	2.777408
6666	-2356.235	-2427.404	71.16919	1.164041	0.1983876	0.602623	0.397377	2.487515
6672	-2355.328	-2426.273	70.94466	1.350653	0.1862887	0.542378	0.457622	2.534275
6678	-2361.547	-2432.802	71.25527	1.32162	0.2751895	0.542378	0.457622	2.200161
6684	-2361.711	-2432.736	71.02451	1.413841	0.3352163	0.606398	0.393602	2.200161
6690	-2355.65	-2427.057	71.40671	1.413842	0.2935046	0.638838	0.361162	2.011395
6696	-2347.488	-2418.579	71.09163	1.413842	0.2055874	0.579942	0.420058	2.365561
6702	-2363.107	-2433.022	69.91467	1.128302	0.2362932	0.51137	0.48863	3.205443
6708	-2361.503	-2432.676	71.17253	1.042176	0.2351918	0.51137	0.48863	2.495985
6714	-2360.625	-2431.863	71.23866	1.422942	0.1315879	0.51137	0.48863	2.42164
6720	-2355.784	-2427.091	71.30734	1.506099	0.3193869	0.692718	0.307282	1.976434
6726	-2354.531	-2424.613	70.08215	1.156377	0.2147531	0.547548	0.452452	3.124931
6732	-2356.441	-2425.78	69.33932	1.15398	0.2450614	0.612059	0.387941	3.514582
6738	-2357.13	-2426.664	69.53426	1.157197	0.165292	0.615538	0.384462	3.536614
6744	-2358.933	-2429.373	70.44043	1.147915	0.2849184	0.703863	0.296137	2.803817
6750	-2350.248	-2420.694	70.44651	1.247611	0.2430924	0.670339	0.329661	2.803817
6756	-2357.577	-2427.449	69.87221	1.13739	0.3465887	0.665532	0.334468	3.06871
6762	-2352.035	-2422.002	69.9673	1.316203	0.2323734	0.699736	0.300264	3.06871
6768	-2354.011	-2424.002	69.99106	1.087899	0.2197884	0.541422	0.458578	3.211158
6774	-2359.565	-2428.465	68.89912	1.133471	0.2197884	0.563314	0.436686	3.821329
6780	-2357.138	-2425.71	68.57116	0.9759571	0.207464	0.626555	0.373445	4.119327
6786	-2358.554	-2429.773	71.21921	1.251305	0.2964408	0.661421	0.338579	2.235851
6792	-2355.361	-2426.691	71.33074	1.413789	0.2098587	0.570957	0.429043	2.204543
6798	-2356.378	-2428.236	71.85749	1.538227	0.2223625	0.577223	0.422777	1.743903
6804	-2363.302	-2435.608	72.30563	1.549377	0.2975435	0.497575	0.502425	1.252621
6810	-2364.562	-2436.146	71.58398	1.763649	0.1822843	0.533003	0.466997	1.859622
6816	-2360.783	-2432.266	71.48302	1.525062	0.2324764	0.588538	0.411462	1.989623
6822	-2359.271	-2430.705	71.43433	1.525062	0.2507151	0.60149	0.39851	1.989623
6828	-2360.557	-2430.909	70.35198	1.373724	0.2245845	0.608991	0.391009	2.815266
6834	-2355.279	-2426.221	70.94256	1.373724	0.2698758	0.608991	0.391009	2.37535
6840	-2353.962	-2424.7	70.73803	1.361526	0.1521148	0.620507	0.379493	2.724546
6846	-2355.666	-2426.698	71.03114	1.404952	0.2495127	0.620507	0.379493	2.3323
6852	-2356.2	-2428.067	71.86704	1.405999	0.2147274	0.598128	0.401872	1.843964
6858	-2363.11	-2433.21	70.1	1.164374	0.2417617	0.598128	0.401872	3.064997
6864	-2360.763	-2431.164	70.40126	1.094603	0.2311287	0.669722	0.330278	2.943387
6870	-2371.025	-2441.593	70.56784	1.031278	0.2925738	0.655452	0.344548	2.786124
6876	-2364.158	-2435.775	71.61654	1.336148	0.2932429	0.632466	0.367534	1.923221
6882	-2358.545	-2428.759	70.21331	1.336148	0.3212277	0.572485	0.427515	2.776274
6888	-2358.229	-2429.928	71.6995	1.323916	0.3043349	0.64265	0.35735	1.857525
6894	-2357.207	-2427.061	69.85442	1.146247	0.2146015	0.63723	0.36277	3.266185
6900	-2356.987	-2426.96	69.97252	1.093929	0.1923717	0.672571	0.327429	3.266185
6906	-2362.091	-2431.806	69.71537	1.112163	0.2802568	0.673809	0.326191	3.266185
6912	-2360.907	-2430.844	69.93672	1.16141	0.2243541	0.558111	0.441889	3.1922
6918	-2355.275	-2425.799	70.52488	1.220569	0.2757202	0.564084	0.435916	2.721567
6924	-2361.343	-2432.164	70.82084	1.288327	0.281202	0.592877	0.407123	2.488181
6930	-2369.492	-2440.458	70.96569	1.269452	0.164311	0.658294	0.341706	2.615564
6936	-2363.39	-2434.414	71.02397	1.207589	0.2325217	0.535725	0.464275	2.489993
6942	-2374.063	-2443.313	69.25005	0.9333739	0.2832516	0.618409	0.381591	3.638596
6948	-2367.37	-2436.43	69.06044	0.7998137	0.2976888	0.65264	0.34736	3.805425
6954	-2356.705	-2426.975	70.2696	1.22903	0.1725587	0.621026	0.378974	3.04649
6960	-2368.079	-2438.24	70.16113	1.30878	0.2465418	0.485147	0.514853	2.934056
6966	-2366.615	-2437.752	71.13673	1.458169	0.1463324	0.556524	0.443476	2.429783
6972	-2360.587	-2430.017	69.43003	1.197109	0.1532208	0.57065	0.42935	3.597852
6978	-2357.169	-2427.68	70.51143	1.419657	0.2014532	0.503897	0.496103	2.730628
6984	-2360.501	-2431.266	70.76499	1.20841	0.2635569	0.52381	0.47619	2.599885
6990	-2361.978	-2431.476	69.4983	1.089821	0.2065869	0.629868	0.370132	3.521741
6996	-2353.039	-2423.452	70.41364	1.089821	0.3813775	0.589773	0.410227	2.727028
7002	-2376.44	-2448.488	72.04791	1.685597	0.1856022	0.675436	0.324564	1.580008
7008	-2362.586	-2434.269	71.68281	1.620111	0.1141041	0.675436	0.324564	2.052046
7014	-2364.503	-2435.705	71.20219	1.367562	0.1387668	0.542785	0.457215	2.462701
7020	-2355.938	-2426.306	70.36714	1.210857	0.2486534	0.526389	0.473611	2.865397
7026	-2364.91	-2435.233	70.32283	1.210857	0.2486534	0.572035	0.427965	2.892213
7032	-2357.795	-2428.306	70.51096	1.182115	0.3426482	0.591957	0.408043	2.659631
7038	-2366.799	-2436.812	70.01338	1.131275	0.2710088	0.55585	0.44415	3.091514
7044	-2358.83	-2429.361	70.53116	1.178827	0.1723037	0.572949	0.427051	2.92003
7050	-2361.476	-2432.941	71.46468	1.529794	0.242423	0.620185	0.379815	1.980788
7056	-2352.022	-2423.699	71.67721	1.554354	0.1770674	0.553515	0.446485	1.94956
7062	-2352.354	-2423.599	71.24566	1.535178	0.2105341	0.553515	0.446485	2.179756
7068	-2352.834	-2424.072	71.23872	1.54212	0.2105341	0.589483	0.410517	2.179756
7074	-2353.031	-2424.579	71.54822	1.54212	0.144868	0.564747	0.435253	2.115391
7080	-2353.727	-2425.221	71.49359	1.50197	0.2526855	0.536716	0.463284	1.961977
7086	-2355.678	-2427.305	71.62618	1.485976	0.2101817	0.565815	0.434185	1.961977
7092	-2362.356	-2432.498	70.14227	1.46252	0.2390136	0.619679	0.380321	2.86467
7098	-2362.328	-2433.693	71.36459	1.504053	0.1328787	0.580902	0.419098	2.28713
7104	-2366.632	-2435.945	69.31324	0.9480467	0.3417111	0.494464	0.505536	3.51611
7110	-2366.079	-2436.702	70.62271	1.314614	0.2580193	0.708023	0.291977	2.630904
7116	-2365.794	-2436.548	70.75358	1.314614	0.2234075	0.575619	0.424381	2.607293
7122	-2360.091	-2430.592	70.50144	1.113873	0.2234075	0.575619	0.424381	2.884198
7128	-2363.295	-2433.742	70.4466	1.16322	0.2253779	0.577257	0.422743	2.884198
7134	-2361.321	-2432.638	71.31735	1.340977	0.2996294	0.593739	0.406261	2.109014
7140	-2355.275	-2426.903	71.62809	1.517556	0.1516061	0.628085	0.371915	2.063414
7146	-2359.2	-2430.373	71.17258	1.232721	0.2350778	0.677991	0.322009	2.376267
7152	-2365.188	-2435.459	70.27185	1.117597	0.2366236	0.697723	0.302277	2.998366
7158	-2362.177	-2432.314	70.13768	1.380433	0.1753554	0.517998	0.482002	3.029418
7164	-2358.936	-2429.955	71.01952	1.33617	0.1753554	0.51028	0.48972	2.51822
7170	-2358.558	-2429.407	70.84939	1.33617	0.2313261	0.619239	0.380761	2.520769
7176	-2358.54	-2429.382	70.84118	1.230499	0.3239973	0.619239	0.380761	2.449464
7182	-2357.399	-2428.26	70.86134	1.328449	0.2493396	0.602053	0.397947	2.487989
7188	-2359.944	-2430.912	70.96735	1.328449	0.1581937	0.602053	0.397947	2.59079
7194	-2364.738	-2435.572	70.83422	1.328449	0.2335219	0.594704	0.405296	2.531298
7200	-2359.128	-2430.845	71.71727	1.566891	0.1660852	0.594704	0.405296	1.938254
7206	-2357.838	-2429.328	71.4903	1.566891	0.1830579	0.646013	0.353987	2.053119
7212	-2347.658	-2419.438	71.77909	1.531599	0.1830579	0.646013	0.353987	1.883165
7218	-2364.784	-2436.208	71.42394	1.2867	0.3503075	0.589413	0.410587	2.000274
7224	-2368.939	-2438.645	69.70556	1.255131	0.2709339	0.637915	0.362085	3.200987
7230	-2355.247	-2427.341	72.09452	1.573898	0.2082383	0.485933	0.514067	1.577677
7236	-2346.643	-2418.867	72.22369	1.538533	0.1775205	0.611477	0.388523	1.577677
7242	-2359.207	-2430.833	71.62598	1.538533	0.4094991	0.611656	0.388344	1.603751
7248	-2357.324	-2429.098	71.77391	1.538533	0.1795586	0.611656	0.388344	1.889497
7254	-2358.737	-2430.462	71.72482	1.550855	0.2682311	0.656005	0.343995	1.742916
7260	-2361.518	-2433.379	71.86098	1.491175	0.323312	0.658542	0.341458	1.595716
7266	-2361.844	-2433.371	71.5276	1.445277	0.2572356	0.697114	0.302886	1.96931
7272	-2365.485	-2437.092	71.60754	1.445277	0.2791464	0.713544	0.286456	1.878256
7278	-2361.724	-2432.795	71.07145	1.363036	0.3631082	0.676731	0.323269	2.164481
7284	-2351.678	-2423.786	72.10801	1.436161	0.2549767	0.624431	0.375569	1.574792
7290	-2360.213	-2432.099	71.88647	1.727298	0.2376306	0.491121	0.508879	1.557284
7296	-2351.339	-2421.582	70.24252	1.361266	0.3446938	0.629332	0.370668	2.711811
7302	-2355.044	-2427.035	71.99114	1.718654	0.3018497	0.644043	0.355957	1.362104
7308	-2359.185	-2430.643	71.45738	1.348209	0.2358515	0.592748	0.407252	2.1174
7314	-2363.76	-2433.639	69.87899	1.348209	0.2358515	0.560053	0.439947	3.096666
7320	-2361.119	-2431.249	70.12919	1.329382	0.1593235	0.658391	0.341609	3.096666
7326	-2360.577	-2431.815	71.23744	1.52429	0.1923117	0.617777	0.382223	2.227195
7332	-2356.037	-2427.116	71.07864	1.68135	0.1923117	0.583404	0.416596	2.228319
7338	-2360.718	-2432.434	71.71617	1.438774	0.1836325	0.583404	0.416596	1.986964
7344	-2370.475	-2441.699	71.22381	1.625277	0.1464969	0.644748	0.355252	2.267936
7350	-2362.969	-2435.19	72.22114	1.950915	0.2106009	0.573055	0.426945	1.175135
7356	-2364.176	-2436.726	72.55023	1.899636	0.1679894	0.623784	0.376216	1.041865
7362	-2365.626	-2437.669	72.04231	2.158061	0.103478	0.532041	0.467959	1.452199
7368	-2362.076	-2434.411	72.3344	1.900287	0.230304	0.487942	0.512058	1.06841
7374	-2359.298	-2431.392	72.09345	1.900287	0.2935342	0.545476	0.454524	1.141541
7380	-2359.094	-2431.347	72.25263	1.80854	0.1694684	0.545476	0.454524	1.371068
7386	-2362.164	-2434.834	72.66935	2.004388	0.1305965	0.63046	0.36954	0.9490808
7392	-2361.74	-2433.954	72.21396	1.823211	0.2652275	0.574773	0.425227	1.16416
7398	-2358.805	-2431.129	72.32415	1.823211	0.2713614	0.745282	0.254718	1.049596
7404	-2351.956	-2424.103	72.14683	1.836667	0.1689259	0.595246	0.404754	1.432821
7410	-2350.957	-2423.325	72.36765	1.84673	0.2548307	0.641311	0.358689	1.025317
7416	-2351.418	-2423.921	72.5029	1.879375	0.1926617	0.492985	0.507015	1.031546
7422	-2351.787	-2424.36	72.57302	1.879375	0.2333406	0.655008	0.344992	0.8278631
7428	-2354.111	-2426.692	72.58035	1.823258	0.2646909	0.655904	0.344096	0.7838388
7434	-2353.185	-2425.681	72.49571	1.892759	0.2646909	0.622314	0.377686	0.8042862
7440	-2364.381	-2433.487	69.10605	1.164266	0.2158577	0.636341	0.363659	3.690653
7446	-2358.89	-2430.487	71.59689	1.264105	0.2243495	0.52627	0.47373	2.101821
7452	-2352.085	-2423.185	71.10008	1.297218	0.2243495	0.52627	0.47373	2.400001
7458	-2350.276	-2421.234	70.95793	1.335354	0.1387396	0.52627	0.47373	2.634751
7464	-2354.797	-2425.001	70.20385	1.207103	0.1741908	0.634546	0.365454	3.095696
7470	-2358.469	-2428.33	69.86037	1.015103	0.2688913	0.675807	0.324193	3.254418
7476	-2354.71	-2425.141	70.43139	1.125404	0.1991997	0.620616	0.379384	2.961766
7482	-2354.203	-2425.279	71.07642	1.507243	0.2150871	0.620616	0.379384	2.298252
7488	-2368.16	-2440.045	71.88482	1.438608	0.2550245	0.546134	0.453866	1.732956
7494	-2368.922	-2441.015	72.0933	1.661312	0.1913432	0.586686	0.413314	1.551466
7500	-2364.697	-2436.659	71.96218	1.661312	0.2122365	0.628522	0.371478	1.60198
7506	-2366.824	-2438.576	71.75127	1.572695	0.2247711	0.567951	0.432049	1.789239
7512	-2355.738	-2427.479	71.74078	1.56234	0.2323215	0.53708	0.46292	1.789239
7518	-2356.084	-2427.266	71.18123	1.56234	0.2271502	0.53708	0.46292	2.173378
7524	-2357.617	-2429.074	71.45631	1.286181	0.2139063	0.608151	0.391849	2.198299
7530	-2358.164	-2428.911	70.74677	1.260207	0.2392936	0.61842	0.38158	2.618222
7536	-2357.317	-2427.77	70.45324	1.294327	0.1581334	0.61842	0.38158	2.925815
7542	-2351.414	-2421.638	70.22375	1.289078	0.1581334	0.641896	0.358104	3.066698
7548	-2351.308	-2421.453	70.1445	1.371218	0.1572872	0.643609	0.356391	3.066698
7554	-2351.692	-2421.736	70.04429	1.220134	0.2051244	0.643609	0.356391	3.126166
7560	-2352.882	-2423.33	70.44843	1.238123	0.2678036	0.655412	0.344588	2.769579
7566	-2355.291	-2425.982	70.69109	1.436672	0.1242721	0.521664	0.478336	2.769579
7572	-2362.518	-2433.429	70.91091	1.436672	0.2793217	0.716156	0.283844	2.340718
7578	-2357.896	-2428.614	70.71754	1.428926	0.3144552	0.678256	0.321744	2.415841
7584	-2356.942	-2427.248	70.30587	1.251225	0.1784342	0.616009	0.383991	3.000136
7590	-2354.054	-2424.319	70.26455	1.317177	0.1708028	0.616009	0.383991	3.000136
7596	-2350.549	-2421.408	70.85829	1.325726	0.3044563	0.616009	0.383991	2.40656
7602	-2355.932	-2426.774	70.8429	1.368588	0.2239266	0.550686	0.449314	2.51737
7608	-2351.104	-2422.171	71.06735	1.433898	0.1655367	0.518806	0.481194	2.447197
7614	-2351.81	-2422.263	70.45317	1.307493	0.2272595	0.590639	0.409361	2.789462
7620	-2356.561	-2428.039	71.47787	1.248432	0.2228701	0.548645	0.451355	2.192313
7626	-2355.044	-2425.321	70.27685	1.187233	0.4282112	0.660762	0.339238	2.696248
7632	-2369.358	-2439.319	69.96076	1.326474	0.5319669	0.660762	0.339238	2.696248
7638	-2363.914	-2434.874	70.95989	1.411382	0.2189092	0.669786	0.330214	2.426064
7644	-2357.668	-2428.607	70.93935	1.253247	0.3717417	0.612036	0.387964	2.30891
7650	-2350.3	-2421.011	70.71055	1.253247	0.2107632	0.526029	0.473971	2.693818
7656	-2365.578	-2435.764	70.18519	1.254981	0.1431325	0.526029	0.473971	3.141277
7662	-2359.814	-2429.764	69.94968	1.095991	0.241414	0.489752	0.510248	3.195685
7668	-2366.685	-2435.529	68.84452	1.159206	0.183984	0.794569	0.205431	3.899087
7674	-2362.832	-2435.056	72.22413	1.963473	0.08921307	0.693955	0.306045	1.508247
7680	-2359.653	-2432.197	72.54417	1.966063	0.1586295	0.536092	0.463908	1.013606
7686	-2368.136	-2440.553	72.41722	1.966063	0.2559827	0.482865	0.517135	0.8392627
7692	-2361.859	-2434.475	72.61638	1.89829	0.1435125	0.585565	0.414435	1.060314
7698	-2365.601	-2438.275	72.67432	2.001011	0.1435125	0.603905	0.396095	0.8955314
7704	-2362.578	-2434.77	72.19267	1.802671	0.2727376	0.600334	0.399666	1.184252
7710	-2361.92	-2434.385	72.46487	1.675	0.2317659	0.600334	0.399666	1.151081
7716	-2366.805	-2439.144	72.33913	1.85355	0.2208754	0.538135	0.461865	1.130997
7722	-2371.04	-2442.671	71.63131	1.789186	0.1333946	0.587604	0.412396	1.923732
7728	-2372.044	-2443.274	71.2291	1.574214	0.1096666	0.525717	0.474283	2.386271
7734	-2366.689	-2437.277	70.58752	1.363485	0.4812025	0.640641	0.359359	2.333785
7740	-2357.981	-2428.419	70.43808	1.33157	0.1637443	0.678397	0.321603	2.901053
7746	-2357.201	-2427.31	70.10915	1.26486	0.1942236	0.574162	0.425838	3.080282
7752	-2365.921	-2436.051	70.13003	1.210176	0.1941446	0.594083	0.405917	3.100587
7758	-2367.086	-2437.183	70.097	1.14323	0.2161491	0.56801	0.43199	3.121543
7764	-2364.508	-2434.249	69.74047	1.14323	0.2065795	0.670077	0.329923	3.348785
7770	-2376.595	-2446.262	69.66684	0.9759364	0.2989383	0.672705	0.327295	3.348785
7776	-2365.296	-2435.078	69.78207	1.008396	0.2375472	0.598072	0.401928	3.352419
7782	-2362.167	-2430.811	68.64411	0.9407189	0.2905842	0.50475	0.49525	3.973075
7788	-2378.29	-2448.064	69.77346	0.9556789	0.188008	0.50475	0.49525	3.472127
7794	-2368.54	-2438.868	70.32795	1.039739	0.2311267	0.442908	0.557092	3.020387
7800	-2362.761	-2432.664	69.90341	1.05759	0.2612046	0.659453	0.340547	3.215299
7806	-2377.165	-2447.673	70.50768	1.277973	0.2209927	0.413029	0.586971	2.784903
7812	-2364.89	-2436.143	71.25312	1.319692	0.2773903	0.607779	0.392221	2.199306
7818	-2367.753	-2438.93	71.17691	1.274035	0.1614014	0.528326	0.471674	2.487427
7824	-2364.864	-2435.645	70.78091	1.352715	0.2097373	0.623334	0.376666	2.590918
7830	-2364.217	-2434.843	70.62614	1.381102	0.1606571	0.623334	0.376666	2.763083
7836	-2357.764	-2429.173	71.40884	1.42252	0.2320867	0.512363	0.487637	2.107237
7842	-2356.873	-2428.131	71.25863	1.332675	0.2743194	0.499029	0.500971	2.192217
7848	-2352.211	-2422.205	69.99356	1.318765	0.2057589	0.577047	0.422953	3.096515
7854	-2354.071	-2425.86	71.78877	1.45272	0.1890449	0.601175	0.398825	1.917462
7860	-2376.358	-2447.986	71.62772	1.803115	0.1331092	0.601175	0.398825	1.917462
7866	-2364.875	-2435.943	71.06792	1.383878	0.1540327	0.698957	0.301043	2.502617
7872	-2355.767	-2426.04	70.27303	1.091205	0.1976215	0.563542	0.436458	3.079984
7878	-2358.869	-2428.979	70.11012	1.254112	0.1976215	0.63314	0.36686	3.079984
7884	-2359.286	-2429.621	70.33479	1.099252	0.1653643	0.622005	0.377995	3.099187
7890	-2362.206	-2432.196	69.99063	1.395244	0.1801958	0.522427	0.477573	3.099187
7896	-2357.356	-2427.508	70.15205	1.248499	0.1756009	0.635356	0.364644	3.099187
7902	-2355.03	-2424.557	69.52674	1.102939	0.2258472	0.608865	0.391135	3.465405
7908	-2355.984	-2425.418	69.43369	1.2382	0.2109723	0.678	0.322	3.465405
7914	-2362.456	-2433.55	71.09406	1.288308	0.222787	0.558648	0.441352	2.412184
7920	-2353.874	-2424.49	70.61608	1.294826	0.1844952	0.590523	0.409477	2.774573
7926	-2360.577	-2431.761	71.18379	1.296296	0.2310442	0.530268	0.469732	2.335784
7932	-2362.532	-2433.663	71.13092	1.48097	0.2158269	0.571202	0.428798	2.278838
7938	-2359.991	-2431.398	71.4072	1.470541	0.2810087	0.601713	0.398287	1.993231
7944	-2365.764	-2436.741	70.97738	1.248798	0.2890097	0.494203	0.505797	2.402826
7950	-2370.349	-2442.167	71.81741	1.558258	0.2890097	0.605239	0.394761	1.635833
7956	-2368.059	-2439.941	71.88213	1.319904	0.2105262	0.508854	0.491146	1.900665
7962	-2365.11	-2436.196	71.08631	1.329736	0.2078623	0.499322	0.500678	2.41788
7968	-2364.074	-2435.523	71.44872	1.444047	0.260347	0.550219	0.449781	2.017469
7974	-2368.864	-2440.38	71.51611	1.270439	0.2342296	0.512396	0.487604	2.132732
7980	-2356.242	-2427.886	71.64411	1.359017	0.2741881	0.598717	0.401283	1.920233
7986	-2364.132	-2435.925	71.79323	1.532025	0.1418301	0.556069	0.443931	1.967026
7992	-2363.853	-2434.708	70.85452	1.40425	0.3301914	0.604918	0.395082	2.322479
7998	-2352.758	-2424.475	71.71633	1.336616	0.1693564	0.486728	0.513272	2.084939
8004	-2359.632	-2431.13	71.49797	1.444385	0.3254707	0.467436	0.532564	1.880273
8010	-2359.128	-2430.801	71.67267	1.403906	0.2341145	0.471729	0.528271	1.940692
8016	-2372.513	-2443.407	70.8945	1.27384	0.1232993	0.471729	0.528271	2.747093
8022	-2368.49	-2439.623	71.13313	1.27384	0.2551639	0.471729	0.528271	2.34148
8028	-2359.671	-2430.727	71.05551	1.196617	0.4061559	0.550321	0.449679	2.227362
8034	-2363.126	-2434.947	71.82136	1.580897	0.2190331	0.706104	0.293896	1.745897
8040	-2370.809	-2442.869	72.06071	1.537007	0.2248255	0.567408	0.432592	1.594755
8046	-2370.522	-2441.712	71.18999	1.467021	0.1982889	0.562787	0.437213	2.282841
8052	-2362.389	-2434.035	71.64605	1.444783	0.2284224	0.514499	0.485501	1.941602
8058	-2360.313	-2431.208	70.89421	1.403766	0.2059483	0.647841	0.352159	2.495521
8064	-2365.735	-2437.033	71.29824	1.346078	0.1763092	0.613866	0.386134	2.334492
8070	-2357.183	-2428.666	71.4824	1.409203	0.1901625	0.545364	0.454636	2.147287
8076	-2361.533	-2433.002	71.46803	1.409203	0.2559515	0.56473	0.43527	2.035254
8082	-2357.266	-2428.283	71.01719	1.384338	0.2237514	0.550689	0.449311	2.398384
8088	-2369.39	-2440.165	70.7751	1.469769	0.1613007	0.621316	0.378684	2.615792
8094	-2362.679	-2434.05	71.37077	1.402332	0.1281845	0.525634	0.474366	2.359258
8100	-2363.384	-2434.353	70.96909	1.362752	0.1800179	0.547365	0.452635	2.523793
8106	-2361.997	-2432.918	70.92059	1.381742	0.1894529	0.655959	0.344041	2.523793
8112	-2359.14	-2430.046	70.90621	1.206865	0.268684	0.621615	0.378385	2.50502
8118	-2357.531	-2428.611	71.07956	1.376216	0.20634	0.621615	0.378385	2.395617
8124	-2352.974	-2424.936	71.96232	1.637567	0.1730216	0.621569	0.378431	1.704856
8130	-2353.231	-2424.433	71.20196	1.380567	0.2942177	0.621569	0.378431	2.166768
8136	-2357.148	-2428.217	71.06842	1.380567	0.2776815	0.54134	0.45866	2.278561
8142	-2353.95	-2425.229	71.27883	1.468179	0.2743941	0.499011	0.500989	2.09052
8148	-2352.401	-2423.491	71.0904	1.468179	0.2271801	0.643071	0.356929	2.292516
8154	-2353.313	-2424.602	71.28878	1.356592	0.1971321	0.679588	0.320412	2.292516
8160	-2346.415	-2417.931	71.51671	1.622588	0.1896118	0.591904	0.408096	1.98499
8166	-2350.199	-2421.849	71.64996	1.419236	0.2337334	0.739075	0.260925	1.94636
8172	-2360.315	-2431.612	71.29681	1.439806	0.1263685	0.572785	0.427215	2.386749
8178	-2369.337	-2440.783	71.44686	1.277416	0.1956531	0.622412	0.377588	2.244771
8184	-2367.68	-2439.11	71.43011	1.626106	0.1844556	0.709216	0.290784	2.05086
8190	-2365.042	-2435.538	70.49666	1.168306	0.3094304	0.597845	0.402155	2.721951
8196	-2354.913	-2425.222	70.30864	1.219731	0.2484294	0.597845	0.402155	2.895781
8202	-2358.105	-2430.136	72.03065	1.518345	0.1992872	0.692854	0.307146	1.682898
8208	-2359.27	-2430.89	71.62048	1.590388	0.1752732	0.604667	0.395333	1.967323
8214	-2350.846	-2421.993	71.14633	1.475671	0.297326	0.53364	0.46636	2.136296
8220	-2349.666	-2420.584	70.91817	1.475671	0.2219282	0.490236	0.509764	2.406467
8226	-2354.685	-2426.195	71.50991	1.339792	0.1326347	0.483582	0.516418	2.299828
8232	-2351.731	-2423.525	71.79388	1.736728	0.1796958	0.580788	0.419212	1.738576
8238	-2354.872	-2426.524	71.65148	1.736728	0.208707	0.598436	0.401564	1.776421
8244	-2349.13	-2420.607	71.47704	1.501925	0.1493247	0.629157	0.370843	2.177702
8250	-2359.801	-2430.961	71.16032	1.273959	0.2890524	0.629157	0.370843	2.270378
8256	-2354.319	-2425.563	71.24388	1.575782	0.1538073	0.706693	0.293307	2.270378
8262	-2368.171	-2439.491	71.31941	1.582819	0.1578499	0.668266	0.331734	2.208289
8268	-2366.152	-2436.981	70.82916	1.582819	0.1081007	0.62979	0.37021	2.634651
8274	-2361.82	-2432.419	70.59899	1.417702	0.2339391	0.709701	0.290299	2.621165
8280	-2357.439	-2428.057	70.61732	1.411638	0.1620614	0.536734	0.463266	2.746923
8286	-2357.119	-2427.904	70.78515	1.395742	0.2082986	0.652459	0.347541	2.564196
8292	-2358.438	-2430.233	71.79575	1.603008	0.1822134	0.625298	0.374702	1.824688
8298	-2359.53	-2429.046	69.51576	1.372459	0.1320562	0.655121	0.344879	3.490212
8304	-2365.946	-2436.051	70.1049	1.13396	0.1707952	0.506225	0.493775	3.204538
8310	-2363.944	-2435.008	71.06357	1.38126	0.218524	0.623646	0.376354	2.380312
8316	-2379.979	-2451.706	71.7268	1.555196	0.23344	0.477844	0.522156	1.801767
8322	-2367.212	-2438.12	70.90762	1.396359	0.2402978	0.491511	0.508489	2.43135
8328	-2352.434	-2423.859	71.42565	1.396359	0.2224099	0.581102	0.418898	2.130897
8334	-2357.324	-2428.473	71.14951	1.366177	0.1594034	0.708503	0.291497	2.451068
8340	-2364.467	-2435.391	70.92327	1.52303	0.287394	0.640107	0.359893	2.265211
8346	-2358.34	-2429.997	71.65781	1.50704	0.1269351	0.640107	0.359893	2.109909
8352	-2351.684	-2423.06	71.37599	1.808853	0.1268151	0.674968	0.325032	2.097091
8358	-2358.412	-2429.549	71.13682	1.577045	0.1268151	0.671632	0.328368	2.400049
8364	-2360.817	-2432.09	71.27398	1.463779	0.1219614	0.671632	0.328368	2.396765
8370	-2364.588	-2436.043	71.45473	1.56375	0.1173707	0.705388	0.294612	2.229152
8376	-2366.14	-2437.303	71.16341	1.644676	0.176538	0.557123	0.442877	2.229152
8382	-2361.296	-2433.558	72.26233	1.882758	0.1834387	0.559965	0.440035	1.267356
8388	-2361.446	-2433.621	72.17485	1.986535	0.1925015	0.543152	0.456848	1.230364
8394	-2363.183	-2435.193	72.00987	1.77144	0.1665731	0.543152	0.456848	1.589775
8400	-2357.34	-2429.254	71.91417	1.71667	0.2339391	0.656191	0.343809	1.552072
8406	-2353.822	-2425.626	71.80326	1.596548	0.2680439	0.548165	0.451835	1.655296
8412	-2359.444	-2430.902	71.45769	1.71336	0.2455494	0.548165	0.451835	1.855749
8418	-2359.619	-2431.517	71.89783	1.423223	0.1398819	0.548165	0.451835	1.974568
8424	-2361.905	-2433.866	71.96026	1.580497	0.2152168	0.711099	0.288901	1.655496
8430	-2358.069	-2429.888	71.81903	1.693844	0.2250918	0.573161	0.426839	1.655496
8436	-2354.635	-2425.898	71.26242	1.632416	0.2250918	0.688731	0.311269	2.078219
8442	-2361.572	-2433.698	72.12557	1.891369	0.2175266	0.681737	0.318263	1.288986
8448	-2365.731	-2437.85	72.11954	1.891369	0.2047232	0.477496	0.522504	1.323901
8454	-2368.63	-2437.09	68.45932	1.119082	0.294762	0.638172	0.361828	3.971095
8460	-2361.821	-2432.292	70.47027	1.170147	0.2622355	0.666564	0.333436	2.80624
8466	-2367.938	-2437.508	69.56995	1.442819	0.2256266	0.651222	0.348778	3.240639
8472	-2361.776	-2431.548	69.77235	1.281651	0.2110971	0.651222	0.348778	3.240639
8478	-2362.041	-2431.742	69.7008	1.466595	0.1740149	0.524166	0.475834	3.240639
8484	-2354.443	-2425.019	70.57522	1.408492	0.1162116	0.64372	0.35628	2.876276
8490	-2355.444	-2426.491	71.04736	1.421562	0.1773057	0.689401	0.310599	2.443389
8496	-2358.032	-2429.903	71.87029	1.448852	0.179646	0.538494	0.461506	1.884751
8502	-2362.361	-2434.348	71.98615	1.413197	0.1940977	0.550948	0.449052	1.798877
8508	-2359.004	-2430.026	71.0221	1.605323	0.1536326	0.482429	0.517571	2.393129
8514	-2356.813	-2428.433	71.62026	1.64312	0.2360953	0.618842	0.381158	1.809646
8520	-2359.793	-2431.066	71.27284	1.512891	0.1860567	0.640302	0.359698	2.224167
8526	-2360.749	-2431.635	70.88525	1.399961	0.301949	0.473242	0.526758	2.346151
8532	-2366.199	-2437.47	71.27072	1.396871	0.2208583	0.473242	0.526758	2.233892
8538	-2354.988	-2426.202	71.21435	1.396871	0.2264077	0.607703	0.392297	2.260156
8544	-2368.791	-2439.53	70.73904	1.34879	0.1541747	0.527227	0.472773	2.727354
8550	-2363.286	-2431.976	68.6902	0.8509474	0.306716	0.572257	0.427743	3.976496
8556	-2358.26	-2427.169	68.90919	1.078483	0.2048366	0.613314	0.386686	3.871935
8562	-2349.871	-2420.921	71.04965	1.45717	0.2386211	0.637687	0.362313	2.30563
8568	-2366.331	-2437.127	70.79581	1.34506	0.2566017	0.551575	0.448425	2.506791
8574	-2364.998	-2434.414	69.41579	1.318695	0.4266313	0.634705	0.365295	3.138432
8580	-2368.092	-2439.139	71.0467	1.203145	0.2717328	0.634705	0.365295	2.414419
8586	-2377.295	-2447.691	70.3957	1.315114	0.1806665	0.614413	0.385587	2.903326
8592	-2371.028	-2441.973	70.94499	1.223989	0.3267113	0.569897	0.430103	2.384346
8598	-2369.847	-2440.497	70.65037	1.18479	0.2510868	0.548736	0.451264	2.704797
8604	-2360.06	-2431.663	71.60387	1.46857	0.2318744	0.590038	0.409962	1.947591
8610	-2356.983	-2428.997	72.01401	1.632382	0.332955	0.498703	0.501297	1.356956
8616	-2372.292	-2444.264	71.97181	1.677207	0.3317528	0.585402	0.414598	1.356956
8622	-2354.549	-2426.181	71.63249	1.592314	0.2969657	0.667994	0.332006	1.72978
8628	-2355.467	-2427.439	71.97165	1.572532	0.193211	0.546013	0.453987	1.699346
8634	-2355.154	-2425.66	70.50582	1.415249	0.2513957	0.632344	0.367656	2.651483
8640	-2361.145	-2432.091	70.94683	1.324556	0.2082489	0.583378	0.416622	2.507927
8646	-2360.292	-2430.939	70.64687	1.15814	0.2816209	0.662961	0.337039	2.676168
8652	-2347.279	-2417.99	70.71095	1.253278	0.187085	0.505823	0.494177	2.737072
8658	-2359.313	-2429.577	70.26435	1.284471	0.3036823	0.587518	0.412482	2.800931
8664	-2376.709	-2448.14	71.43102	1.233965	0.2323601	0.62602	0.37398	2.214981
8670	-2366.478	-2435.775	69.29677	1.138156	0.1807033	0.587518	0.412482	3.656543
8676	-2362.639	-2432.027	69.38779	1.092615	0.1666593	0.587518	0.412482	3.656543
8682	-2364.701	-2433.966	69.26429	1.080107	0.224296	0.456958	0.543042	3.633951
8688	-2361.287	-2430.551	69.26429	1.080107	0.224296	0.62153	0.37847	3.633951
8694	-2355.302	-2424.943	69.64157	1.123707	0.224296	0.585896	0.414104	3.388557
8700	-2361.165	-2430.698	69.53216	0.9491217	0.224296	0.653697	0.346303	3.554452
8706	-2361.542	-2431.711	70.16895	1.066341	0.2548675	0.528187	0.471813	3.061817
8712	-2356.952	-2426.95	69.99751	1.292388	0.3850604	0.528187	0.471813	2.852683
8718	-2361.39	-2431.465	70.07503	1.367117	0.3130628	0.528187	0.471813	2.852683
8724	-2359.668	-2430.786	71.11812	1.278931	0.2460106	0.578572	0.421428	2.36295
8730	-2363.24	-2432.569	69.32911	1.020602	0.2142716	0.539774	0.460226	3.647318
8736	-2362.831	-2431.56	68.72858	1.188767	0.409522	0.65204	0.34796	3.636674
8742	-2360.213	-2431.413	71.20057	1.350156	0.2703167	0.699235	0.300765	2.224854
8748	-2357.143	-2426.641	69.49811	1.019141	0.2594223	0.496851	0.503149	3.478829
8754	-2364.089	-2433.457	69.36766	1.049919	0.2816734	0.459666	0.540334	3.504679
8760	-2363.433	-2432.381	68.94724	1.289587	0.1860261	0.649627	0.350373	3.761365
8766	-2357.362	-2427.976	70.61443	1.209235	0.2369647	0.633854	0.366146	2.734794
8772	-2356.382	-2426.845	70.46353	1.371721	0.3030865	0.559881	0.440119	2.626198
8778	-2357.153	-2428.182	71.02886	1.340457	0.3086911	0.496709	0.503291	2.282605
8784	-2364.317	-2434.837	70.5198	1.145471	0.2650666	0.507471	0.492529	2.786748
8790	-2369.594	-2440.204	70.60936	1.086097	0.2532591	0.644102	0.355898	2.786748
8796	-2372.736	-2442.89	70.15418	1.065294	0.2527691	0.634664	0.365336	3.07451
8802	-2364.127	-2434.113	69.98668	1.106721	0.2988674	0.598252	0.401748	3.082054
8808	-2371.423	-2441.9	70.47676	1.263711	0.2450436	0.553118	0.446882	2.772423
8814	-2358.377	-2428.741	70.36395	1.090006	0.26646	0.584434	0.415566	2.912765
8820	-2357.413	-2428.675	71.2623	1.429082	0.1601742	0.584434	0.415566	2.338387
8826	-2356.209	-2428.201	71.99237	1.627948	0.201772	0.660011	0.339989	1.626485
8832	-2352.396	-2424.291	71.89497	1.644875	0.2299199	0.565233	0.434767	1.626485
8838	-2356.387	-2428.618	72.23177	1.584681	0.2244558	0.565233	0.434767	1.432124
8844	-2368.739	-2440.475	71.73595	1.738234	0.150343	0.671798	0.328202	1.845567
8850	-2354.312	-2424.832	70.51942	1.616294	0.1699999	0.585389	0.414611	2.665286
8856	-2357.866	-2428.985	71.11941	1.287037	0.1987339	0.650883	0.349117	2.440933
8862	-2363.804	-2433.043	69.2393	1.287037	0.2318682	0.650883	0.349117	3.516024
8868	-2347.898	-2417.467	69.56863	1.11591	0.218528	0.651305	0.348695	3.445351
8874	-2361.807	-2431.536	69.72891	1.159731	0.2353143	0.585359	0.414641	3.298197
8880	-2357.398	-2427.132	69.73417	1.254205	0.1664804	0.660261	0.339739	3.36067
8886	-2353.317	-2422.872	69.55535	1.122147	0.2329157	0.565741	0.434259	3.42605
8892	-2355.84	-2426.005	70.16514	1.122147	0.2547545	0.565741	0.434259	3.03089
8898	-2357.699	-2428.363	70.66377	1.350656	0.3205789	0.565741	0.434259	2.490127
8904	-2363.318	-2435.277	71.95856	1.52566	0.1652902	0.513478	0.486522	1.803519
8910	-2362.704	-2433.898	71.19437	1.460384	0.2707961	0.609421	0.390579	2.156685
8916	-2362.84	-2433.75	70.91045	1.331511	0.3634829	0.702535	0.297465	2.288137
8922	-2365.132	-2436.045	70.91341	1.443416	0.3103764	0.578707	0.421293	2.288137
8928	-2361.446	-2432.536	71.08999	1.443416	0.3137079	0.658278	0.341722	2.169422
8934	-2361.76	-2433.439	71.67908	1.323105	0.1267635	0.705936	0.294064	2.216122
8940	-2357.601	-2429.673	72.07178	1.712827	0.1941452	0.618946	0.381054	1.522897
8946	-2363.352	-2435.7	72.34726	1.766625	0.2296071	0.618946	0.381054	1.179034
8952	-2362.294	-2433.663	71.36847	1.411747	0.2895754	0.584834	0.415166	2.044353
8958	-2363.07	-2434.627	71.55709	1.474078	0.1836064	0.443883	0.556117	2.06916
8964	-2360.689	-2432.619	71.92932	1.492696	0.2009377	0.524089	0.475911	1.768821
8970	-2361.067	-2433.172	72.10428	1.590828	0.2524473	0.524089	0.475911	1.467225
8976	-2360.012	-2432.09	72.07821	1.590828	0.3506438	0.617081	0.382919	1.308527
8982	-2357.047	-2428.669	71.62164	1.397464	0.2370165	0.559726	0.440274	1.974005
8988	-2358.653	-2430.382	71.72834	1.269979	0.2450528	0.600511	0.399489	1.973543
8994	-2352.607	-2423.416	70.80972	1.437405	0.1486424	0.609021	0.390979	2.641327
9000	-2357.909	-2428.62	70.71146	1.437405	0.158999	0.599335	0.400665	2.67977
9006	-2357.815	-2428.463	70.64752	1.273373	0.158999	0.599335	0.400665	2.819103
9012	-2354.271	-2425.129	70.85726	1.216824	0.2505604	0.599335	0.400665	2.55815
9018	-2363.284	-2433.711	70.42645	1.298576	0.4082507	0.596488	0.403512	2.55815
9024	-2358.737	-2429.43	70.69368	1.292244	0.2493105	0.569641	0.430359	2.614817
9030	-2349.581	-2420.359	70.77881	1.291815	0.2352609	0.556081	0.443919	2.585559
9036	-2349.057	-2418.932	69.87455	1.210754	0.3085753	0.606607	0.393393	3.073492
9042	-2351.122	-2420.356	69.23379	1.048291	0.2025978	0.606607	0.393393	3.706162
9048	-2348.038	-2416.578	68.53945	0.9877194	0.205099	0.57014	0.42986	4.134625
9054	-2354.95	-2424.421	69.47044	1.066127	0.2765596	0.57014	0.42986	3.442465
9060	-2350.921	-2420.559	69.63793	1.092504	0.2043657	0.614471	0.385529	3.442465
9066	-2349.972	-2421	71.02772	1.261201	0.2337405	0.600872	0.399128	2.45195
9072	-2360.769	-2432.06	71.29088	1.293187	0.2367973	0.526282	0.473718	2.259323
9078	-2366.664	-2437.824	71.15953	1.378301	0.3626471	0.695937	0.304063	2.097581
9084	-2358.714	-2430.084	71.36982	1.405619	0.3089067	0.630581	0.369419	2.01759
9090	-2356.768	-2428.39	71.6226	1.633496	0.1732364	0.541499	0.458501	1.941356
9096	-2354.187	-2426.161	71.97423	1.676408	0.1732364	0.51109	0.48891	1.668294
9102	-2352.64	-2424.448	71.8079	1.57296	0.290531	0.609261	0.390739	1.629481
9108	-2346.246	-2417.073	70.82695	1.293811	0.169286	0.630649	0.369351	2.675925
9114	-2354.095	-2425.24	71.14555	1.344845	0.2862383	0.520826	0.479174	2.238651
9120	-2355.709	-2426.467	70.75751	1.298158	0.2980482	0.466507	0.533493	2.496535
9126	-2352.746	-2423.815	71.0689	1.342521	0.2398269	0.474588	0.525412	2.364267
9132	-2351.571	-2422.768	71.1976	1.342521	0.1946727	0.474588	0.525412	2.364267
9138	-2365.304	-2436.04	70.73516	1.234442	0.1939841	0.474588	0.525412	2.720806
9144	-2366.374	-2438.015	71.64166	1.597063	0.2492623	0.631831	0.368169	1.802458
9150	-2359.115	-2431.3	72.18473	1.865783	0.2492623	0.639673	0.360327	1.188218
9156	-2364.185	-2436.625	72.44001	1.755122	0.2174009	0.695518	0.304482	1.137606
9162	-2359.001	-2431.224	72.22304	1.755122	0.1469048	0.588754	0.411246	1.493948
9168	-2359.381	-2429.968	70.58737	1.527073	0.1398808	0.653108	0.346892	2.742049
9174	-2359.708	-2431.355	71.64626	1.53438	0.2683667	0.616515	0.383485	1.80882
9180	-2356.253	-2428.35	72.09732	1.551539	0.2614216	0.616515	0.383485	1.484756
9186	-2356.626	-2428.226	71.60063	1.47916	0.2614216	0.54997	0.45003	1.889934
9192	-2355.959	-2428.141	72.18185	1.785038	0.1705582	0.60287	0.39713	1.441453
9198	-2350.504	-2423.03	72.52611	1.918956	0.1836084	0.590136	0.409864	0.9972654
9204	-2360.962	-2433.017	72.05486	1.861953	0.1296579	0.566066	0.433934	1.586071
9210	-2351.202	-2422.409	71.20681	1.764792	0.1452861	0.576012	0.423988	2.19174
9216	-2350.989	-2423.35	72.36153	1.673528	0.23133	0.538301	0.461699	1.242155
9222	-2349.258	-2421.324	72.06614	1.673528	0.1422936	0.580298	0.419702	1.680165
9228	-2352.406	-2424.934	72.5277	1.798221	0.1534628	0.580298	0.419702	1.198345
9234	-2359.854	-2431.757	71.90233	1.798221	0.1542142	0.580878	0.419122	1.678084
9240	-2355.791	-2427.448	71.6568	1.6946	0.1408609	0.575294	0.424706	1.951823
9246	-2354.084	-2424.514	70.43086	1.570423	0.1408609	0.575294	0.424706	2.808898
9252	-2369.044	-2441.33	72.28617	1.510301	0.2070638	0.524153	0.475847	1.485146
9258	-2354.244	-2425.723	71.47912	1.542181	0.1267587	0.524153	0.475847	2.203785
9264	-2360.362	-2432.552	72.18952	1.645765	0.1641749	0.519803	0.480197	1.556054
9270	-2363.414	-2434.931	71.51699	1.586488	0.2588989	0.592732	0.407268	1.878191
9276	-2370.09	-2441.404	71.31398	1.279976	0.2718288	0.585611	0.414389	2.194487
9282	-2369.028	-2440.464	71.43655	1.279976	0.2356011	0.585611	0.414389	2.175898
9288	-2368.13	-2439.535	71.40423	1.272471	0.2358514	0.677146	0.322854	2.20127
9294	-2357.124	-2428.146	71.02195	1.290222	0.2482796	0.595774	0.404226	2.412851
9300	-2363.383	-2434.463	71.08014	1.222027	0.183939	0.498028	0.501972	2.534578
9306	-2358.385	-2429.22	70.83512	1.406064	0.1202012	0.687104	0.312896	2.709876
9312	-2359.193	-2429.989	70.79626	1.499964	0.1179259	0.653636	0.346364	2.681574
9318	-2363.418	-2434.381	70.96299	1.31858	0.3139505	0.635887	0.364113	2.330983
9324	-2353.364	-2424.591	71.22685	1.412298	0.1796552	0.686344	0.313656	2.330983
9330	-2355.011	-2425.658	70.64609	1.251603	0.2121935	0.504048	0.495952	2.731803
9336	-2361.164	-2431.274	70.10986	1.20223	0.3867146	0.563951	0.436049	2.837236
9342	-2362.221	-2432.291	70.07036	1.376366	0.26599	0.563951	0.436049	2.917846
9348	-2364.313	-2434.644	70.33096	1.336792	0.186727	0.563951	0.436049	2.917846
9354	-2359.997	-2430.28	70.28317	1.210216	0.2295217	0.578392	0.421608	2.947536
9360	-2368.812	-2438.663	69.85125	1.099666	0.3468934	0.674373	0.325627	3.103339
9366	-2357.204	-2427.603	70.39901	1.267117	0.1929849	0.528247	0.471753	2.907195
9372	-2365.131	-2436.908	71.77777	1.582946	0.1306273	0.579058	0.420942	1.970911
9378	-2347.802	-2419.389	71.58777	1.469877	0.2319513	0.579058	0.420942	1.957399
9384	-2356.615	-2427.915	71.29995	1.529164	0.1912439	0.549683	0.450317	2.185747
9390	-2357.646	-2428.644	70.99785	1.509223	0.177141	0.549683	0.450317	2.419706
9396	-2357.676	-2428.532	70.85552	1.258336	0.221962	0.549683	0.450317	2.581522
9402	-2354.63	-2424.711	70.08098	1.325056	0.18544	0.593512	0.406488	3.077312
9408	-2361.53	-2432.445	70.91471	1.446622	0.1631488	0.560165	0.439835	2.539689
9414	-2363.116	-2433.971	70.85507	1.658933	0.1746655	0.572867	0.427133	2.420357
9420	-2360.579	-2432.299	71.72009	1.534427	0.2330946	0.65981	0.34019	1.821393
9426	-2359.455	-2431.476	72.02137	1.769756	0.322584	0.712921	0.287079	1.258228
9432	-2359.008	-2431.094	72.08607	1.913161	0.2862937	0.604294	0.395706	1.151961
9438	-2354.913	-2427.309	72.39574	1.72836	0.2862937	0.531105	0.468895	1.036925
9444	-2361.939	-2434.196	72.25656	1.908338	0.2772389	0.673871	0.326129	1.018579
9450	-2360.979	-2431.471	70.49169	1.376759	0.2881424	0.695766	0.304234	2.627404
9456	-2366.148	-2437.764	71.61594	1.355487	0.1998806	0.593652	0.406348	2.075684
9462	-2366.353	-2435.976	69.62263	1.344224	0.2728152	0.589703	0.410297	3.19457
9468	-2357.759	-2427.871	70.11195	1.336837	0.2409358	0.594461	0.405539	2.95574
9474	-2357.411	-2427.554	70.14311	1.132168	0.2335767	0.608083	0.391917	3.071661
9480	-2355.15	-2425.705	70.55533	1.222879	0.1788969	0.606623	0.393377	2.865965
9486	-2360.585	-2429.527	68.94274	1.154353	0.1966605	0.616966	0.383034	3.823064
9492	-2360.498	-2430.9	70.4025	1.19492	0.1821412	0.460835	0.539165	2.968853
9498	-2364.399	-2434.751	70.35246	1.071122	0.262068	0.500441	0.499559	2.937774
9504	-2358.161	-2429.001	70.83919	1.25258	0.2407501	0.549228	0.450772	2.563268
9510	-2359.512	-2428.951	69.43841	1.218125	0.2163733	0.645367	0.354633	3.465306
9516	-2364.986	-2435.298	70.31157	1.2771	0.2612409	0.627169	0.372831	2.839218
9522	-2365.259	-2436.14	70.88138	1.21522	0.135861	0.627169	0.372831	2.761942
9528	-2359.504	-2431.135	71.63034	1.391318	0.1646701	0.627169	0.372831	2.115645
9534	-2361.206	-2432.969	71.76282	1.737745	0.1980563	0.600543	0.399457	1.719811
9540	-2364.637	-2436.949	72.31221	1.754698	0.1770202	0.416018	0.583982	1.34716
9546	-2362.844	-2434.685	71.84156	1.528897	0.1848465	0.581374	0.418626	1.838463
9552	-2363.622	-2434.74	71.11783	1.43491	0.3349972	0.621682	0.378318	2.126082
9558	-2370.175	-2442.171	71.99584	1.610243	0.2916371	0.626652	0.373348	1.460981
9564	-2370.08	-2441.457	71.37701	1.610243	0.3563978	0.571925	0.428075	1.803932
9570	-2359.565	-2430.437	70.87227	1.427721	0.4339524	0.669739	0.330261	2.162806
9576	-2368.969	-2440.073	71.10404	1.35259	0.2384823	0.58314	0.41686	2.33785
9582	-2356.599	-2427.924	71.32503	1.472262	0.193547	0.643729	0.356271	2.201795
9588	-2354.723	-2425.745	71.02232	1.404757	0.261619	0.589092	0.410908	2.318159
9594	-2355.72	-2426.993	71.27358	1.399106	0.2503743	0.534151	0.465849	2.178843
9600	-2363.707	-2433.327	69.62028	1.131685	0.2379768	0.553776	0.446224	3.374349
9606	-2362.095	-2432.895	70.79992	1.310587	0.2175562	0.62276	0.37724	2.591315
9612	-2360.109	-2430.314	70.20507	1.310579	0.3249788	0.62276	0.37724	2.791805
9618	-2358.719	-2430.313	71.59434	1.574177	0.2856824	0.587222	0.412778	1.787816
9624	-2355.69	-2426.273	70.58384	1.364511	0.1522016	0.549279	0.450721	2.816615
9630	-2356.835	-2426.515	69.68041	1.151705	0.1522016	0.507934	0.492066	3.48056
9636	-2364.411	-2434.445	70.0336	1.318997	0.1633807	0.522829	0.477171	3.151606
9642	-2362.092	-2432.336	70.24375	1.455653	0.1656747	0.550587	0.449413	2.93955
9648	-2357.55	-2427.981	70.43088	1.277833	0.1628867	0.542886	0.457114	2.93955
9654	-2354.63	-2425.845	71.21538	1.281401	0.2259973	0.55631	0.44369	2.334028
9660	-2355.46	-2426.829	71.3689	1.380102	0.1841217	0.615742	0.384258	2.251704
9666	-2354.295	-2425.118	70.82284	1.364429	0.2432864	0.612064	0.387936	2.49955
9672	-2360.653	-2432.399	71.74581	1.590131	0.1530128	0.626527	0.373473	1.93324
9678	-2361.188	-2432.134	70.94622	1.516747	0.1460634	0.611603	0.388397	2.513085
9684	-2365.558	-2437.522	71.96374	1.379177	0.1892456	0.597737	0.402263	1.84799
9690	-2361.708	-2433.286	71.57762	1.476045	0.3538659	0.491952	0.508048	1.761455
9696	-2369.62	-2441.343	71.72285	1.674248	0.1715911	0.683871	0.316129	1.849215
9702	-2357.022	-2428.848	71.82563	1.533582	0.2275738	0.579845	0.420155	1.759281
9708	-2345.378	-2415.794	70.4154	1.392469	0.2067239	0.5681	0.4319	2.796348
9714	-2349.918	-2420.52	70.60192	1.332922	0.2252466	0.628172	0.371828	2.686336
9720	-2357.561	-2429.014	71.45286	1.431731	0.1825604	0.593253	0.406747	2.167251
9726	-2366.827	-2436.861	70.03402	1.192994	0.1909877	0.532384	0.467616	3.173654
9732	-2360.121	-2429.034	68.91264	1.04897	0.2946336	0.511408	0.488592	3.751153
9738	-2357.906	-2428.103	70.19658	1.210369	0.1824122	0.511408	0.488592	3.082432
9744	-2352.934	-2423.79	70.85591	1.463128	0.2103034	0.533917	0.466083	2.474378
9750	-2352.789	-2423.322	70.53249	1.268606	0.1767251	0.624901	0.375099	2.8563
9756	-2353.268	-2423.591	70.32371	1.396543	0.2029637	0.648274	0.351726	2.8563
9762	-2354.741	-2425.445	70.70354	1.29923	0.2755308	0.605371	0.394629	2.563155
9768	-2354.083	-2424.704	70.62127	1.152898	0.2755308	0.591857	0.408143	2.70425
9774	-2367.355	-2435.233	67.87724	0.9255062	0.2593605	0.60315	0.39685	4.460436
9780	-2363.317	-2430.971	67.65446	0.83352	0.3618517	0.568802	0.431198	4.505598
9786	-2362.936	-2432.353	69.41719	0.9237297	0.2499486	0.590982	0.409018	3.595766
9792	-2362.318	-2432.614	70.29609	1.078972	0.2471126	0.45565	0.54435	2.99021
9798	-2355.266	-2425.397	70.13143	1.243623	0.2471126	0.613928	0.386072	2.99021
9804	-2348.097	-2419.196	71.09892	1.273043	0.2186638	0.612681	0.387319	2.426072
9810	-2356.508	-2426.349	69.84117	1.158094	0.4331353	0.597323	0.402677	2.972998
9816	-2360.643	-2430.881	70.23849	1.153468	0.2516028	0.482025	0.517975	2.972998
9822	-2356.142	-2425.666	69.52389	1.242639	0.1697139	0.607259	0.392741	3.484329
9828	-2363.426	-2432.503	69.07733	1.210387	0.1628812	0.707182	0.292818	3.775147
9834	-2359.06	-2430.218	71.15841	1.483572	0.2502417	0.648103	0.351897	2.198967
9840	-2355.479	-2426.923	71.44353	1.604607	0.2726582	0.597303	0.402697	1.892289
9846	-2368.129	-2437.881	69.7524	1.328237	0.2464598	0.553643	0.446357	3.167
9852	-2357.18	-2426.911	69.7302	1.440186	0.2812276	0.571055	0.428945	3.061165
9858	-2365.775	-2436.749	70.9735	1.427827	0.2812276	0.524009	0.475991	2.303514
9864	-2370.127	-2440.01	69.88328	1.09735	0.2390274	0.542245	0.457755	3.23798
9870	-2359.085	-2429.977	70.89217	1.383613	0.2679843	0.529908	0.470092	2.403946
9876	-2351.296	-2422.071	70.77444	1.294717	0.3589056	0.541035	0.458965	2.403946
9882	-2366.931	-2436.993	70.06202	1.263131	0.2771264	0.555001	0.444999	2.974407
9888	-2365.8	-2436.617	70.81668	1.38157	0.1860971	0.600705	0.399295	2.594932
9894	-2357.492	-2428.067	70.57526	1.403174	0.2647302	0.601633	0.398367	2.594932
9900	-2365.136	-2435.819	70.68311	1.194539	0.306837	0.661834	0.338166	2.594626
9906	-2356.999	-2427.659	70.65999	1.296095	0.2738848	0.637757	0.362243	2.594626
9912	-2356.319	-2427.327	71.0087	1.103248	0.291104	0.606364	0.393636	2.471551
9918	-2357.949	-2429.027	71.078	1.189714	0.2300731	0.55473	0.44527	2.471551
9924	-2360.617	-2431.243	70.62608	1.186063	0.2827154	0.67003	0.32997	2.670154
9930	-2357.194	-2427.912	70.71749	1.431847	0.1634955	0.594514	0.405486	2.670154
9936	-2365.551	-2436.698	71.14663	1.591837	0.1512017	0.639137	0.360863	2.328042
9942	-2360.174	-2432.189	72.01486	1.591837	0.157528	0.534523	0.465477	1.736405
9948	-2358.763	-2430.625	71.86219	1.396121	0.2790134	0.535802	0.464198	1.736405
9954	-2366.017	-2438.202	72.18532	1.603801	0.3575861	0.557477	0.442523	1.196463
9960	-2365.468	-2436.482	71.01394	1.365865	0.2249785	0.650863	0.349137	2.40994
9966	-2370.334	-2441.661	71.32641	1.435594	0.2330155	0.639814	0.360186	2.1509
9972	-2362.242	-2432.622	70.38013	1.435594	0.2269349	0.61818	0.38182	2.756424
9978	-2358.768	-2429.71	70.94233	1.349181	0.2412659	0.678815	0.321185	2.437566
9984	-2360.329	-2430.411	70.08165	1.221326	0.3189139	0.678815	0.321185	2.928852
9990	-2360.357	-2430.345	69.9885	1.216161	0.2096452	0.668661	0.331339	3.153842
9996	-2352.163	-2421.934	69.77116	1.216161	0.2096452	0.668661	0.331339	3.282502
10002	-2357.084	-2428.452	71.3678	1.261952	0.1667188	0.60796	0.39204	2.363611
10008	-2356.157	-2426.411	70.25359	1.1206	0.2118485	0.663944	0.336056	3.048975
10014	-2356.55	-2427.736	71.18627	1.468663	0.1587115	0.532366	0.467634	2.364683
10020	-2367.765	-2438.248	70.48348	1.008652	0.2322581	0.603194	0.396806	2.943773
10026	-2369.701	-2440.383	70.68156	1.161693	0.2018829	0.63714	0.36286	2.783492
10032	-2361.451	-2431.29	69.83838	1.110123	0.2750642	0.536402	0.463598	3.202153
10038	-2358.998	-2428.266	69.26866	1.210176	0.2653852	0.579315	0.420685	3.492427
10044	-2360.518	-2430.621	70.10293	1.210176	0.1689915	0.605723	0.394277	3.16401
10050	-2354.331	-2423.704	69.37237	1.037404	0.2697621	0.538966	0.461034	3.526302
10056	-2351.551	-2422.08	70.52897	1.226441	0.2697621	0.656995	0.343005	2.724496
10062	-2351.262	-2422.471	71.20912	1.273191	0.2408435	0.673689	0.326311	2.317465
10068	-2352.933	-2423.904	70.97136	1.354519	0.2225949	0.545192	0.454808	2.448084
10074	-2351.375	-2422.492	71.11658	1.266498	0.2429971	0.630805	0.369195	2.376864
10080	-2347.499	-2418.053	70.55431	1.270702	0.3079356	0.585286	0.414714	2.625619
10086	-2349.529	-2420.098	70.56888	1.249389	0.2490373	0.509137	0.490863	2.718433
10092	-2348.892	-2419.455	70.5631	1.346407	0.25325	0.693116	0.306884	2.655637
10098	-2348.167	-2418.967	70.8006	1.274829	0.2082748	0.673638	0.326362	2.629544
10104	-2354.378	-2425.673	71.29485	1.473481	0.2931745	0.582446	0.417554	2.04656
10110	-2358.12	-2428.813	70.69372	1.498711	0.1743145	0.659887	0.340113	2.621653
10116	-2368.553	-2438.594	70.04095	1.498711	0.1849167	0.658387	0.341613	2.998315
10122	-2358.903	-2430.219	71.31563	1.333	0.1849167	0.645419	0.354581	2.314375
10128	-2353.161	-2424.643	71.48216	1.549856	0.1714423	0.594229	0.405771	2.094208
10134	-2357.846	-2429.203	71.35711	1.559611	0.1630569	0.660821	0.339179	2.187513
10140	-2353.498	-2424.363	70.86508	1.381648	0.2078742	0.620248	0.379752	2.523996
10146	-2354.04	-2424.382	70.34228	1.173021	0.2078742	0.645125	0.354875	2.971289
10152	-2359.379	-2429.701	70.32194	1.377272	0.212603	0.645125	0.354875	2.851982
10158	-2353.944	-2423.823	69.8783	1.257573	0.3433969	0.584323	0.415677	2.997172
10164	-2357.358	-2428.258	70.90001	1.218447	0.3433969	0.54319	0.45681	2.393405
10170	-2355.296	-2426.123	70.82748	1.317865	0.217376	0.567181	0.432819	2.57003
10176	-2350.352	-2421.901	71.54913	1.348728	0.1669466	0.653499	0.346501	2.191338
10182	-2355.818	-2426.648	70.83032	1.254326	0.3511501	0.608959	0.391041	2.404388
10188	-2352.65	-2423.964	71.31427	1.281409	0.1910398	0.608959	0.391041	2.336025
10194	-2355.168	-2426.61	71.44147	1.370802	0.2343915	0.689776	0.310224	2.115624
10200	-2350.431	-2421.595	71.16406	1.315276	0.3779076	0.675938	0.324062	2.115624
10206	-2357.437	-2428.273	70.8359	1.196069	0.3408712	0.641561	0.358439	2.451305
10212	-2360.165	-2430.623	70.45781	1.215612	0.3655779	0.58804	0.41196	2.642194
10218	-2361.915	-2432.617	70.70259	1.200349	0.1839432	0.571298	0.428702	2.780488
10224	-2356.122	-2427.735	71.61245	1.260326	0.2050402	0.58391	0.41609	2.130352
10230	-2352.765	-2424.445	71.67943	1.461002	0.1944731	0.565825	0.434175	1.974285
10236	-2356.89	-2427.752	70.86183	1.461002	0.2960216	0.615762	0.384238	2.331028
10242	-2350.653	-2421.281	70.62799	1.25816	0.186343	0.599344	0.400656	2.78615
10248	-2353.116	-2425.199	72.08247	1.574359	0.186343	0.639154	0.360846	1.633995
10254	-2356.93	-2426.333	69.40301	1.19671	0.2132612	0.577618	0.422382	3.50368
10260	-2360.882	-2431.932	71.05035	1.391725	0.1856934	0.607225	0.392775	2.44361
10266	-2369.908	-2440.582	70.67324	1.347404	0.1788831	0.626954	0.373046	2.718325
10272	-2358.266	-2428.561	70.29505	1.153015	0.2369273	0.719864	0.280136	2.962657
10278	-2348.999	-2420.559	71.56003	1.464034	0.2613789	0.539837	0.460163	1.927761
10284	-2357.317	-2428.459	71.14199	1.382697	0.2332095	0.583869	0.416131	2.303582
10290	-2356.725	-2427.427	70.70247	1.16235	0.2221679	0.599443	0.400557	2.734543
10296	-2361.088	-2432.224	71.13615	1.167924	0.2147848	0.569248	0.430752	2.475657
10302	-2360.333	-2431.896	71.56305	1.432576	0.2109654	0.57117	0.42883	2.038152
10308	-2366.502	-2437.586	71.08478	1.536346	0.1464374	0.57117	0.42883	2.413023
10314	-2365.047	-2436.827	71.77933	1.442891	0.1807534	0.626052	0.373948	1.947944
10320	-2362.736	-2433.918	71.18244	1.207857	0.2591354	0.556997	0.443003	2.345598
10326	-2360.776	-2432.056	71.28014	1.531465	0.3566331	0.526361	0.473639	1.923635
10332	-2349.963	-2421.906	71.94292	1.387942	0.2507512	0.575473	0.424527	1.735524
10338	-2357.375	-2429.014	71.63895	1.387942	0.2966397	0.575473	0.424527	1.867389
10344	-2368.929	-2440.155	71.22561	1.402529	0.2393928	0.735215	0.264785	2.226466
10350	-2357.227	-2428.004	70.7763	1.254048	0.2206978	0.60345	0.39655	2.635382
10356	-2363.806	-2434.548	70.7426	1.293982	0.3179809	0.490735	0.509265	2.479895
10362	-2366.258	-2437.917	71.65928	1.617398	0.3138912	0.565706	0.434294	1.665371
10368	-2363.547	-2435.501	71.9544	1.617398	0.2287786	0.52773	0.47227	1.605633
10374	-2354.806	-2426.934	72.12798	1.617398	0.1708687	0.623416	0.376584	1.605633
10380	-2355.277	-2427.121	71.84446	1.389608	0.184649	0.709595	0.290405	1.931706
10386	-2355.874	-2426.659	70.78523	1.223742	0.2380606	0.558476	0.441524	2.619036
10392	-2353.859	-2424.692	70.83307	1.2607	0.2078193	0.447031	0.552969	2.619036
10398	-2356.801	-2427.599	70.79851	1.279979	0.2508548	0.585683	0.414317	2.554934
10404	-2356.41	-2426.63	70.22076	1.275369	0.198756	0.585683	0.414317	2.999011
10410	-2359.034	-2429.196	70.16258	1.528514	0.1292602	0.642535	0.357465	3.022014
10416	-2359.089	-2429.759	70.67022	1.539933	0.201442	0.597938	0.402062	2.558572
10422	-2355.692	-2426.563	70.87112	1.500361	0.2222872	0.663171	0.336829	2.419935
10428	-2369.14	-2440.473	71.33274	1.500361	0.1545689	0.691056	0.308944	2.260067
10434	-2372.336	-2443.63	71.29386	1.500361	0.1703467	0.497148	0.502852	2.250997
10440	-2361.958	-2433.443	71.48507	1.69236	0.1930447	0.499734	0.500266	1.952379
10446	-2355.559	-2427.846	72.28675	1.515681	0.1646666	0.458041	0.541959	1.578969
10452	-2355.571	-2427.637	72.06613	1.736303	0.1646666	0.617629	0.382371	1.578969
10458	-2352.699	-2423.21	70.51124	1.199563	0.1786657	0.512103	0.487897	2.907173
10464	-2362.175	-2433.286	71.11033	1.349998	0.2452224	0.521283	0.478717	2.32405
10470	-2354.234	-2425.476	71.24212	1.268722	0.2586253	0.680486	0.319514	2.269481
10476	-2358.5	-2430.565	72.0648	1.483089	0.1669724	0.738305	0.261695	1.755365
10482	-2360.905	-2432.729	71.82365	1.518844	0.2357236	0.635438	0.364562	1.755365
10488	-2358.832	-2430.611	71.77921	1.518844	0.2072553	0.570133	0.429867	1.84165
10494	-2359.667	-2431.142	71.47553	1.522804	0.1504155	0.588859	0.411141	2.162632
10500	-2357.717	-2427.439	69.72147	1.269402	0.2990899	0.54186	0.45814	3.142824
10506	-2367.559	-2437.474	69.91425	1.48913	0.1528176	0.504072	0.495928	3.142824
10512	-2362.388	-2432.436	70.04842	1.134519	0.1931747	0.670547	0.329453	3.195827
10518	-2348.815	-2419.128	70.31271	1.170039	0.2782041	0.632678	0.367322	2.877776
10524	-2355.265	-2424.892	69.62697	1.143619	0.2173583	0.58782	0.41218	3.396906
10530	-2357.82	-2429.062	71.24233	1.172682	0.1875664	0.591152	0.408848	2.456951
10536	-2348.34	-2418.858	70.51809	1.324567	0.223802	0.613408	0.386592	2.745297
10542	-2353.215	-2424.151	70.93571	1.324088	0.1991624	0.549302	0.450698	2.531917
10548	-2356.429	-2426.592	70.16351	1.501935	0.1364358	0.585373	0.414627	3.021344
10554	-2362.999	-2433.44	70.44123	1.436121	0.1258178	0.60734	0.39266	2.917898
10560	-2368.067	-2438.526	70.45983	1.455985	0.2008326	0.680929	0.319071	2.741102
10566	-2371.258	-2441.807	70.54873	1.511656	0.1389747	0.651319	0.348681	2.777071
10572	-2367.607	-2438.233	70.62598	1.345896	0.2413806	0.537673	0.462327	2.636446
10578	-2358.958	-2429.629	70.67056	1.424398	0.2424676	0.563916	0.436084	2.558437
10584	-2356.713	-2427.12	70.40646	1.327854	0.2160804	0.563916	0.436084	2.824619
10590	-2352.154	-2422.936	70.78235	1.310253	0.1860823	0.639365	0.360635	2.6602
10596	-2360.406	-2430.862	70.45635	1.18016	0.1860823	0.626638	0.373362	2.93789
10602	-2365.658	-2435.441	69.78329	1.216125	0.2396052	0.600691	0.399309	3.225949
10608	-2364.816	-2435.24	70.42398	1.198503	0.2184217	0.600691	0.399309	2.888364
10614	-2361.73	-2432.723	70.99313	1.299244	0.2712481	0.628045	0.371955	2.38832
10620	-2361.204	-2432.228	71.02398	1.289675	0.2627669	0.592954	0.407046	2.38832
10626	-2363.55	-2435.199	71.64961	1.516235	0.2383053	0.531165	0.468835	1.872504
10632	-2370.338	-2442.265	71.92666	1.480696	0.2135156	0.506187	0.493813	1.753354
10638	-2365.59	-2437.541	71.95073	1.428123	0.2811519	0.519259	0.480741	1.647149
10644	-2373.872	-2445.899	72.02735	1.627655	0.2251314	0.567129	0.432871	1.552142
10650	-2361.313	-2432.521	71.20768	1.424659	0.2417174	0.574602	0.425398	2.219744
10656	-2364.102	-2434.638	70.53582	1.129036	0.2435389	0.607147	0.392853	2.820892
10662	-2369.204	-2441.473	72.26943	1.856315	0.1059915	0.606805	0.393195	1.500706
10668	-2371.509	-2443.343	71.83405	1.646444	0.1330933	0.617097	0.382903	1.883804
10674	-2353.983	-2424.487	70.50402	1.149756	0.2330422	0.683795	0.316205	2.844774
10680	-2366.188	-2438.613	72.42503	1.756418	0.1698877	0.632416	0.367584	1.273223
10686	-2362.695	-2434.643	71.94845	1.783318	0.2034228	0.643718	0.356282	1.541467
10692	-2360.1	-2431.459	71.35842	1.421433	0.2163643	0.586747	0.413253	2.169508
10698	-2362.378	-2433.191	70.81248	1.404752	0.2067123	0.672913	0.327087	2.544486
10704	-2357.813	-2428.53	70.71649	1.405581	0.2407154	0.612343	0.387657	2.544486
10710	-2354.304	-2425.798	71.49412	1.507461	0.2179181	0.752121	0.247879	2.020971
10716	-2366.448	-2437.246	70.79782	1.328804	0.2556228	0.754386	0.245614	2.517257
10722	-2369.51	-2441.305	71.7957	1.481941	0.1516746	0.661243	0.338757	1.97554
10728	-2364.781	-2436.524	71.7425	1.435912	0.1599663	0.599039	0.400961	2.022713
10734	-2358.189	-2429.818	71.629	1.586852	0.1790739	0.486579	0.513421	1.955812
10740	-2363.638	-2434.19	70.55278	1.589856	0.153054	0.667366	0.332634	2.696133
10746	-2363.307	-2433.754	70.44655	1.467968	0.1526399	0.71374	0.28626	2.836242
10752	-2357.305	-2427.464	70.15923	1.35896	0.2679155	0.695405	0.304595	2.871734
10758	-2359.288	-2430.029	70.74133	1.334927	0.2237491	0.695405	0.304595	2.601712
10764	-2359.324	-2429.732	70.40785	1.358775	0.3522214	0.653886	0.346114	2.601712
10770	-2368.015	-2438.3	70.2851	1.239626	0.279567	0.69572	0.30428	2.850336
10776	-2359.466	-2430.279	70.81265	1.340024	0.2910921	0.638707	0.361293	2.446003
10782	-2365.572	-2436.413	70.84133	1.218724	0.1726643	0.694086	0.305914	2.706429
10788	-2368.307	-2438.16	69.85262	1.218724	0.1726643	0.592555	0.407445	3.299914
10794	-2360.488	-2429.784	69.29584	1.100744	0.1521408	0.585671	0.414329	3.733508
10800	-2363.4	-2433.402	70.00125	1.291173	0.2017716	0.566022	0.433978	3.115397
10806	-2360.734	-2431.512	70.77793	1.301504	0.1762	0.62802	0.37198	2.687521
10812	-2370.571	-2441.046	70.47468	1.488397	0.2071608	0.588648	0.411352	2.700698
10818	-2354.44	-2425.245	70.80519	1.513767	0.1915496	0.57567	0.42433	2.509397
10824	-2368.157	-2439.433	71.27613	1.566397	0.220989	0.734313	0.265687	2.120094
10830	-2363.863	-2434.945	71.08233	1.549138	0.2613936	0.674897	0.325103	2.187168
10836	-2353.508	-2423.103	69.59484	1.074045	0.2158051	0.59613	0.40387	3.459034
10842	-2352.799	-2423.658	70.85911	1.327896	0.1522174	0.462245	0.537755	2.670655
10848	-2356.47	-2425.501	69.03111	1.228747	0.1547681	0.615388	0.384612	3.807084
10854	-2357.231	-2427.299	70.06858	1.267831	0.2368649	0.537538	0.462462	3.02977
10860	-2361.797	-2432.357	70.5607	1.320416	0.2393826	0.675247	0.324753	2.695591
10866	-2354.472	-2424.712	70.23982	1.018983	0.2884557	0.553016	0.446984	2.99779
10872	-2359.926	-2429.857	69.93169	1.012758	0.257274	0.553825	0.446175	3.231036
10878	-2361.143	-2432.65	71.50686	1.422915	0.2641814	0.570678	0.429322	1.986316
10884	-2359.443	-2431.149	71.7058	1.491686	0.1706518	0.605519	0.394481	1.986316
10890	-2352.01	-2423.866	71.85673	1.769442	0.1664746	0.577853	0.422147	1.701452
10896	-2349.712	-2421.655	71.94334	1.54844	0.2322305	0.577853	0.422147	1.656493
10902	-2353.928	-2425.131	71.20319	1.422604	0.2151136	0.577853	0.422147	2.271237
10908	-2357.224	-2428.903	71.67908	1.413838	0.2069874	0.5	0.5	1.981106
10914	-2359.992	-2430.169	70.1779	1.332874	0.2658177	0.477661	0.522339	2.879405
10920	-2354.08	-2424.747	70.66747	1.30345	0.1762011	0.479619	0.520381	2.753992
10926	-2350.206	-2421.038	70.83267	1.361564	0.1652237	0.588355	0.411645	2.638942
10932	-2353.238	-2423.988	70.75068	1.314535	0.3424871	0.589928	0.410072	2.428217
10938	-2355.79	-2427.022	71.23222	1.324102	0.1883614	0.568419	0.431581	2.366259
10944	-2357.207	-2428.975	71.76815	1.611467	0.3181891	0.566986	0.433014	1.584019
10950	-2358.985	-2430.411	71.42588	1.570944	0.2450514	0.60089	0.39911	1.974546
10956	-2353.274	-2424.784	71.51059	1.457763	0.2180965	0.52837	0.47163	2.042672
10962	-2356.37	-2427.954	71.58437	1.464379	0.2152743	0.487776	0.512224	1.994587
10968	-2358.511	-2430.621	72.11025	1.483612	0.2493968	0.628996	0.371004	1.548915
10974	-2359.192	-2431.358	72.16604	1.595727	0.290621	0.532932	0.467068	1.341793
10980	-2357.702	-2429.899	72.19769	1.595727	0.1827454	0.532932	0.467068	1.542529
10986	-2357.527	-2429.677	72.14968	1.522235	0.1698207	0.567778	0.432222	1.661046
10992	-2353.816	-2425.15	71.33414	1.308904	0.1889271	0.597611	0.402389	2.309991
10998	-2355.981	-2425.359	69.37789	1.295778	0.1698444	0.577146	0.422854	3.538219
11004	-2356.949	-2427.685	70.73549	1.265759	0.2790976	0.577146	0.422854	2.558671
11010	-2347.973	-2417.858	69.8843	1.163875	0.1579003	0.58325	0.41675	3.342476
11016	-2349.975	-2421.083	71.10795	1.334837	0.2515841	0.679236	0.320764	2.324596
11022	-2356.837	-2427.791	70.95414	1.334837	0.3151096	0.511511	0.488489	2.324596
11028	-2354.04	-2425.137	71.09647	1.324953	0.2053013	0.528145	0.471855	2.419224
11034	-2360.518	-2432.084	71.56613	1.641808	0.2546965	0.528145	0.471855	1.813966
11040	-2353.068	-2424.517	71.44829	1.665112	0.2855351	0.614858	0.385142	1.826164
11046	-2355.645	-2427.337	71.69267	1.37442	0.340805	0.551553	0.448447	1.771382
11052	-2358.13	-2429.144	71.01408	1.498412	0.2352459	0.458292	0.541708	2.307834
11058	-2356.244	-2426.058	69.81377	1.117256	0.2138677	0.677174	0.322826	3.308494
11064	-2366.857	-2436.213	69.35631	0.9521306	0.2259448	0.637551	0.362449	3.652132
11070	-2360.879	-2430.228	69.34911	1.09155	0.2762091	0.650231	0.349769	3.498993
11076	-2359.459	-2428.674	69.21522	1.359148	0.2211486	0.62888	0.37112	3.505367
11082	-2362.91	-2433.474	70.56403	1.477778	0.2434942	0.594355	0.405645	2.589725
11088	-2365.84	-2436.4	70.55934	1.558928	0.1544909	0.624092	0.375908	2.708035
11094	-2362.76	-2433.988	71.22824	1.43993	0.1814033	0.624092	0.375908	2.308954
11100	-2372.944	-2444.152	71.20763	1.417237	0.2838419	0.42559	0.57441	2.155335
11106	-2366.734	-2438.192	71.45724	1.417237	0.2838419	0.574717	0.425283	1.990829
11112	-2366.401	-2438.021	71.61988	1.507221	0.2366322	0.634768	0.365232	1.901931
11118	-2377.144	-2448.672	71.52792	1.33407	0.2366322	0.721091	0.278909	2.078996
11124	-2356.581	-2427.447	70.86548	1.190882	0.2239231	0.627921	0.372079	2.613718
11130	-2355.111	-2426.573	71.46241	1.345432	0.2006313	0.715781	0.284219	2.181129
11136	-2349.485	-2419.756	70.27135	1.253193	0.2398164	0.57713	0.42287	2.911887
11142	-2359.539	-2431.585	72.04647	1.477825	0.1961767	0.479431	0.520569	1.707054
11148	-2352.668	-2423.709	71.04114	1.19361	0.2390626	0.635535	0.364465	2.476902
11154	-2354.778	-2425.73	70.9521	1.331752	0.1504474	0.422988	0.577012	2.614737
11160	-2357.043	-2429.182	72.13859	1.559123	0.2509272	0.540266	0.459734	1.468249
11166	-2359.308	-2431.661	72.35229	1.513345	0.2300182	0.446568	0.553432	1.382016
11172	-2360.013	-2432.013	71.99953	1.760508	0.1443447	0.603266	0.396734	1.660382
11178	-2358.526	-2429.9	71.37343	1.490762	0.163075	0.634511	0.365489	2.221443
11184	-2356.999	-2428.884	71.88516	1.750853	0.1760292	0.666225	0.333775	1.672298
11190	-2357.203	-2428.972	71.76869	1.594352	0.2623101	0.542933	0.457067	1.691814
11196	-2349.945	-2421.074	71.12905	1.356237	0.298646	0.542933	0.457067	2.223003
11202	-2348.392	-2419.387	70.99505	1.356237	0.310208	0.56427	0.43573	2.291926
11208	-2353.515	-2424.521	71.00584	1.356237	0.2391933	0.546727	0.453273	2.396577
11214	-2352.171	-2422.096	69.9248	1.12242	0.2499447	0.546727	0.453273	3.181402
11220	-2351.346	-2420.881	69.53493	1.103155	0.224459	0.546727	0.453273	3.462757
11226	-2356.398	-2425.53	69.13219	1.167696	0.225095	0.546727	0.453273	3.658457
11232	-2362.791	-2433.295	70.50411	1.266117	0.2429447	0.497589	0.502411	2.75766
11238	-2356.907	-2427.41	70.50262	1.156113	0.2871355	0.478673	0.521327	2.75766
11244	-2357.412	-2427.402	69.99065	1.18482	0.2818045	0.65667	0.34333	3.057288
11250	-2354.981	-2426.025	71.04373	1.039348	0.2932089	0.534809	0.465191	2.486506
11256	-2358.469	-2428.456	69.98681	1.224501	0.2319402	0.653125	0.346875	3.112481
11262	-2359.048	-2428.746	69.69855	1.168821	0.4303138	0.640498	0.359502	3.055153
11268	-2354.774	-2425.013	70.23937	1.168821	0.4025282	0.640498	0.359502	2.760006
11274	-2360.357	-2430.714	70.35675	1.269252	0.2394913	0.438905	0.561095	2.851038
11280	-2357.399	-2428.601	71.20193	1.415186	0.2524972	0.530162	0.469838	2.211248
11286	-2350.796	-2421.849	71.05312	1.303371	0.1832662	0.444077	0.555923	2.502009
11292	-2353.006	-2424.919	71.91276	1.303468	0.2603969	0.561985	0.438015	1.798124
11298	-2350.57	-2420.955	70.38518	1.272282	0.3339705	0.561985	0.438015	2.693028
11304	-2358.012	-2429.307	71.29489	1.272282	0.1503678	0.613947	0.386053	2.438282
11310	-2360.244	-2430.576	70.33158	1.272282	0.2970306	0.468629	0.531371	2.77683
11316	-2351.666	-2422.1	70.43478	1.325817	0.1741478	0.599499	0.400501	2.885847
11322	-2365.553	-2436.092	70.53824	1.172861	0.2450842	0.599499	0.400501	2.790261
11328	-2371.305	-2441.948	70.6426	1.098901	0.2337607	0.565659	0.434341	2.790261
11334	-2360.95	-2430.602	69.65207	1.43006	0.1906627	0.681734	0.318266	3.260017
11340	-2355.247	-2425.962	70.71493	1.389956	0.3213368	0.596804	0.403196	2.432304
11346	-2352.74	-2423.557	70.81747	1.216814	0.2160635	0.65946	0.34054	2.641065
11352	-2356.24	-2426.635	70.39463	1.085524	0.1664561	0.553776	0.446224	3.069507
11358	-2355.437	-2426.006	70.569	1.203548	0.2145398	0.646224	0.353776	2.804055
11364	-2357.693	-2426.95	69.25677	1.283282	0.2327164	0.630553	0.369447	3.506676
11370	-2352.007	-2422.96	70.95327	1.458576	0.1792666	0.595716	0.404284	2.475283
11376	-2360.281	-2431.892	71.61112	1.363099	0.2042672	0.711182	0.288818	2.065251
11382	-2363.879	-2434.989	71.10946	1.554758	0.2041691	0.656246	0.343754	2.267002
11388	-2353.27	-2424.324	71.05404	1.523061	0.2349511	0.603835	0.396165	2.267002
11394	-2364.133	-2434.334	70.2012	1.533346	0.2460799	0.638305	0.361695	2.774366
11400	-2361.728	-2433.782	72.05396	1.828388	0.1522584	0.642883	0.357117	1.551293
11406	-2359.642	-2430.345	70.70389	1.615945	0.1679292	0.654497	0.345503	2.555622
11412	-2362.568	-2432.103	69.53503	1.152338	0.204878	0.654497	0.345503	3.466761
11418	-2359.896	-2430.352	70.45572	1.32855	0.2459571	0.624583	0.375417	2.744201
11424	-2354.036	-2424.443	70.40628	1.32855	0.2155523	0.568235	0.431765	2.825226
11430	-2369.116	-2440.334	71.2178	1.382459	0.1545687	0.64283	0.35717	2.408243
11436	-2358.122	-2428.329	70.20738	1.357394	0.1700802	0.510452	0.489548	3.011724
11442	-2350.497	-2421.092	70.5952	1.346701	0.1799349	0.659402	0.340598	2.764436
11448	-2350.909	-2420.969	70.05938	1.280962	0.2606443	0.64356	0.35644	2.990016
11454	-2356.823	-2426.959	70.13599	1.309002	0.22289	0.532715	0.467285	2.987716
11460	-2357.424	-2427.783	70.35891	1.309002	0.2517409	0.532715	0.467285	2.805918
11466	-2358.449	-2428.573	70.12419	1.373129	0.2517409	0.477399	0.522601	2.909309
11472	-2356.006	-2426.122	70.11625	1.460887	0.2222049	0.58908	0.41092	2.909309
11478	-2359.104	-2429.237	70.13307	1.328538	0.2656945	0.537755	0.462245	2.909309
11484	-2350.846	-2421.674	70.82853	1.261646	0.2025346	0.618469	0.381531	2.63087
11490	-2360.581	-2432.512	71.93104	1.635616	0.1714161	0.618469	0.381531	1.731976
11496	-2362.644	-2434.574	71.9294	1.674014	0.4356883	0.659361	0.340639	1.225479
11502	-2361.46	-2433.67	72.21057	1.707282	0.1953625	0.659361	0.340639	1.419149
11508	-2365.375	-2437.794	72.41887	1.669113	0.2010723	0.659361	0.340639	1.269986
11514	-2355	-2427.346	72.34599	1.798158	0.170089	0.561013	0.438987	1.303164
11520	-2359.294	-2430.921	71.62707	1.550246	0.2814349	0.62531	0.37469	1.788834
11526	-2356.992	-2428.823	71.83087	1.360202	0.1985287	0.574791	0.425209	1.932025
11532	-2353.979	-2425.581	71.6016	1.3883	0.2402396	0.572491	0.427509	1.987745
11538	-2361.442	-2433.433	71.99074	1.37647	0.197438	0.647196	0.352804	1.814103
11544	-2364.719	-2436.859	72.13961	1.334212	0.2068273	0.603146	0.396854	1.720312
11550	-2360.175	-2431.61	71.43532	1.334212	0.2289553	0.603146	0.396854	2.153249
11556	-2356.7	-2428.104	71.40364	1.334212	0.2406186	0.604988	0.395012	2.153249
11562	-2357.579	-2429.335	71.7559	1.433378	0.2060445	0.524422	0.475578	1.918163
11568	-2358.032	-2429.823	71.79096	1.479439	0.1928558	0.644012	0.355988	1.889931
11574	-2348.518	-2419.223	70.70546	1.224152	0.2820251	0.603455	0.396545	2.598693
11580	-2349.429	-2420.371	70.94287	1.077626	0.2115465	0.638888	0.361112	2.657561
11586	-2359.236	-2429.016	69.7801	0.9927949	0.3064802	0.525111	0.474889	3.261838
11592	-2364.138	-2433.28	69.14232	1.112308	0.2588829	0.563142	0.436858	3.632437
11598	-2366.11	-2435.529	69.4192	1.255183	0.1239791	0.563142	0.436858	3.632437
11604	-2361.609	-2430.93	69.321	1.255183	0.1874969	0.50357	0.49643	3.562202
11610	-2364.803	-2435.384	70.58098	1.446197	0.1784975	0.475184	0.524816	2.715072
11616	-2371.016	-2441.166	70.15063	1.310553	0.3871678	0.520398	0.479602	2.745878
11622	-2359.661	-2428.384	68.72341	1.151503	0.1939367	0.531975	0.468025	3.955285
11628	-2356.475	-2425.429	68.9544	1.147813	0.2715563	0.560687	0.439313	3.702185
11634	-2355.52	-2426.136	70.61673	1.203418	0.2262303	0.560687	0.439313	2.754915
11640	-2371.803	-2441.825	70.02179	1.486917	0.2323632	0.507886	0.492114	2.933614
11646	-2361.916	-2433.386	71.47051	1.437889	0.227433	0.511363	0.488637	2.064997
11652	-2365.522	-2436.703	71.18157	1.564108	0.1355531	0.640982	0.359018	2.359159
11658	-2364.628	-2436.354	71.72542	1.525211	0.1726065	0.505223	0.494777	1.946414
11664	-2368.629	-2439.508	70.87891	1.46822	0.1769702	0.717271	0.282729	2.520323
11670	-2356.525	-2427.554	71.02915	1.337943	0.2603039	0.559187	0.440813	2.358437
11676	-2357.258	-2428.48	71.22172	1.561929	0.1237858	0.618188	0.381812	2.363245
11682	-2351.935	-2423.642	71.70785	1.414855	0.2375523	0.694227	0.305773	1.903226
11688	-2361.988	-2433.064	71.07545	1.328653	0.1782005	0.589523	0.410477	2.482262
11694	-2358.1	-2428.695	70.59451	1.333186	0.1866409	0.512359	0.487641	2.760241
11700	-2364.593	-2435.795	71.20149	1.31417	0.2166294	0.573049	0.426951	2.338792
11706	-2361.922	-2433.726	71.8048	1.511782	0.2494636	0.662749	0.337251	1.747898
11712	-2362.779	-2434.925	72.14669	1.636617	0.2342306	0.593921	0.406079	1.436889
11718	-2360.664	-2432.984	72.32001	1.723302	0.1717338	0.643065	0.356935	1.379279
11724	-2364.035	-2436.296	72.26123	1.665488	0.2792185	0.643065	0.356935	1.229242
11730	-2356.962	-2428.771	71.80854	1.522233	0.1868772	0.589352	0.410648	1.861318
11736	-2363.953	-2434.583	70.63037	1.519052	0.2843627	0.635127	0.364873	2.45816
11742	-2372.242	-2444.152	71.90958	1.879311	0.3275711	0.579064	0.420936	1.250917
11748	-2359.785	-2431.852	72.06797	2.008912	0.2290058	0.611698	0.388302	1.212256
11754	-2361.14	-2433.077	71.93728	1.651059	0.1820633	0.69449	0.30551	1.692546
11760	-2359.27	-2430.623	71.35231	1.561169	0.267986	0.700503	0.299497	1.990816
11766	-2359.083	-2430.612	71.52884	1.648597	0.1753851	0.561337	0.438663	1.98945
11772	-2359.17	-2429.584	70.41412	1.495196	0.2897607	0.591836	0.408164	2.599749
11778	-2353.276	-2423.826	70.55045	1.495196	0.2238564	0.606685	0.393315	2.620456
11784	-2361.613	-2432.176	70.56268	1.49481	0.2196437	0.590776	0.409224	2.620456
11790	-2368.387	-2438.589	70.20239	1.219195	0.1949103	0.519602	0.480398	3.050615
11796	-2368.349	-2438.159	69.80927	1.240957	0.2022331	0.549279	0.450721	3.258226
11802	-2355.838	-2425.158	69.32098	1.034403	0.1808597	0.549279	0.450721	3.702282
11808	-2363.173	-2430.791	67.61878	0.9864779	0.2883964	0.549279	0.450721	4.531189
11814	-2365.045	-2434.972	69.92774	0.999437	0.2787775	0.454609	0.545391	3.209395
11820	-2355.779	-2426.791	71.01262	1.134696	0.2563337	0.575343	0.424657	2.503191
11826	-2359.097	-2429.276	70.17982	1.182948	0.2419853	0.563248	0.436752	3.005738
11832	-2355.4	-2426.465	71.06565	1.429246	0.1301975	0.575683	0.424317	2.529367
11838	-2353.447	-2425.217	71.76951	1.429246	0.2188048	0.58347	0.41653	1.88677
11844	-2358.584	-2430.481	71.89669	1.429246	0.2188048	0.58347	0.41653	1.799505
11850	-2360.918	-2433.072	72.15405	1.429246	0.225904	0.613371	0.386629	1.603061
11856	-2367.666	-2439.137	71.4713	1.445113	0.2550329	0.557556	0.442444	2.010808
11862	-2359.608	-2429.428	69.81993	1.292607	0.2562537	0.676664	0.323336	3.132877
11868	-2356.885	-2428.346	71.46021	1.292607	0.3346055	0.608451	0.391549	1.99453
11874	-2356.333	-2426.63	70.29764	1.136012	0.2874854	0.659443	0.340557	2.893893
11880	-2361.212	-2432.348	71.13565	1.359853	0.1664154	0.625278	0.374722	2.448975
11886	-2362.961	-2434.408	71.44723	1.345385	0.1996065	0.584822	0.415178	2.192988
11892	-2364.88	-2435.788	70.908	1.335214	0.2842491	0.632065	0.367935	2.399283
11898	-2361.078	-2431.773	70.6945	1.358739	0.2014671	0.660857	0.339143	2.6556
11904	-2362.068	-2432.123	70.05463	1.45763	0.2205795	0.559443	0.440557	2.951178
11910	-2355.435	-2425.696	70.26105	1.419973	0.2566296	0.58459	0.41541	2.79024
11916	-2366.484	-2436.932	70.44856	1.340753	0.1517841	0.557946	0.442054	2.913826
11922	-2358.686	-2429.407	70.72094	1.317063	0.1544986	0.590414	0.409586	2.757138
11928	-2368.63	-2438.986	70.35538	1.20364	0.331101	0.539349	0.460651	2.757138
11934	-2360.623	-2430.813	70.19062	1.281668	0.2462655	0.576466	0.423534	2.933067
11940	-2367.334	-2438.128	70.79412	1.43901	0.2155618	0.563897	0.436103	2.518622
11946	-2356.839	-2427.248	70.4093	1.356904	0.3309479	0.598521	0.401479	2.630135
11952	-2357.696	-2428.249	70.55368	1.126628	0.2337586	0.52345	0.47655	2.827486
11958	-2355.148	-2424.94	69.79228	1.168369	0.1714054	0.53242	0.46758	3.367439
11964	-2355.673	-2426.633	70.95994	1.266813	0.1592018	0.53242	0.46758	2.631371
11970	-2354.785	-2426.216	71.43063	1.542898	0.1644397	0.592116	0.407884	2.147585
11976	-2356.82	-2428.637	71.81713	1.470218	0.2249141	0.462615	0.537385	1.814306
11982	-2359.393	-2430.811	71.41787	1.378891	0.2486306	0.469484	0.530516	2.100866
11988	-2353.96	-2425.224	71.26406	1.506235	0.1242042	0.527184	0.472816	2.370688
11994	-2356.288	-2427.256	70.96876	1.635509	0.1242042	0.65842	0.34158	2.47529
12000	-2353.419	-2424.162	70.74372	1.465091	0.2173898	0.600034	0.399966	2.530535
12006	-2347.979	-2418.572	70.59295	1.222923	0.2768044	0.601423	0.398577	2.676712
12012	-2357.418	-2428.107	70.68915	1.333212	0.3736186	0.601423	0.398577	2.414491
12018	-2353.927	-2425.097	71.16982	1.378801	0.1566361	0.588849	0.411151	2.4363
12024	-2353.149	-2423.176	70.02668	1.155161	0.2365012	0.531577	0.468423	3.122645
12030	-2360.976	-2432.649	71.67216	1.465236	0.1563871	0.701977	0.298023	2.057951
12036	-2355.4	-2425.734	70.33379	1.317942	0.1051412	0.533775	0.466225	3.102635
12042	-2361.132	-2431.986	70.85305	1.240306	0.1940844	0.534611	0.465389	2.644566
12048	-2359.261	-2430.732	71.47079	1.448459	0.2059488	0.633426	0.366574	2.098165
12054	-2359.134	-2430.964	71.83004	1.66402	0.238072	0.670571	0.329429	1.643481
12060	-2362.004	-2434.041	72.03668	1.504998	0.2207879	0.631759	0.368241	1.643481
12066	-2371.334	-2442.907	71.57284	1.633342	0.1727009	0.576203	0.423797	1.976035
12072	-2363.881	-2435.727	71.84658	1.462657	0.276866	0.6443	0.3557	1.704214
12078	-2360.814	-2432.459	71.64457	1.286279	0.2336128	0.515833	0.484167	2.038933
12084	-2351.967	-2423.58	71.61277	1.562816	0.1517541	0.515833	0.484167	2.04329
12090	-2356.584	-2428.234	71.65047	1.772267	0.1130518	0.556464	0.443536	1.975154
12096	-2354.969	-2426.873	71.90376	1.594372	0.2673065	0.619811	0.380189	1.585526
12102	-2355.324	-2426.86	71.53612	1.405851	0.2882016	0.590165	0.409835	1.93854
12108	-2354.93	-2426.446	71.51549	1.472995	0.1567846	0.535784	0.464216	2.1547
12114	-2353.217	-2425.522	72.30586	1.900738	0.1736866	0.642278	0.357722	1.242072
12120	-2364.334	-2436.893	72.55845	1.727933	0.1736866	0.543856	0.456144	1.173996
12126	-2352.638	-2424.67	72.03196	1.617704	0.2663162	0.623327	0.376673	1.474804
12132	-2368.305	-2439.727	71.42212	1.617704	0.1457792	0.644807	0.355193	2.146274
12138	-2363.398	-2434.306	70.90798	1.620903	0.14183	0.6945	0.3055	2.481349
12144	-2354.375	-2425.568	71.19285	1.470098	0.2554031	0.502994	0.497006	2.176699
12150	-2352.765	-2423.084	70.31857	1.234749	0.1661131	0.5489	0.4511	3.026425
12156	-2358.073	-2428.44	70.36763	1.478808	0.1769241	0.570325	0.429675	2.828407
12162	-2356.283	-2428.314	72.03035	1.653929	0.1270819	0.570325	0.429675	1.758949
12168	-2355.822	-2427.786	71.96436	1.562873	0.1717011	0.660976	0.339024	1.758949
12174	-2356.724	-2429.133	72.40841	1.697965	0.1514831	0.604309	0.395691	1.383336
12180	-2352.164	-2423.208	71.04428	1.585311	0.1466975	0.752286	0.247714	2.407105
12186	-2352.167	-2424.23	72.06273	1.585311	0.1638845	0.608801	0.391199	1.692056
12192	-2356.543	-2428.393	71.85038	1.385991	0.3081902	0.546474	0.453526	1.703263
12198	-2364.202	-2435.839	71.63696	1.309656	0.2265971	0.636863	0.363137	2.041266
12204	-2360.173	-2431.805	71.6312	1.539232	0.1541197	0.469317	0.530683	2.041266
12210	-2356.785	-2427.969	71.18415	1.558652	0.2132404	0.58318	0.41682	2.199337
12216	-2367.009	-2436.806	69.79694	1.355295	0.1363209	0.625799	0.374201	3.326234
12222	-2360.394	-2431.402	71.00795	1.391105	0.1682034	0.629304	0.370696	2.505693
12228	-2352.241	-2423.058	70.81679	1.364596	0.1854585	0.629304	0.370696	2.606603
12234	-2349.632	-2421.053	71.42175	1.407301	0.2952233	0.706923	0.293077	2.003038
12240	-2354.395	-2425.519	71.12489	1.407301	0.1601046	0.633425	0.366575	2.439203
12246	-2352.623	-2423.604	70.98125	1.366642	0.2879441	0.68971	0.31029	2.327269
12252	-2348.139	-2419.43	71.29103	1.52566	0.1712753	0.712864	0.287136	2.234585
12258	-2348.652	-2419.841	71.18879	1.670744	0.2105031	0.620908	0.379092	2.128573
12264	-2346.067	-2417.07	71.00345	1.494126	0.1277795	0.620908	0.379092	2.533396
12270	-2359.974	-2431.409	71.43493	1.591608	0.1116971	0.567995	0.432005	2.238587
12276	-2353.185	-2423.665	70.48015	1.542623	0.1222219	0.663153	0.336847	2.838292
12282	-2353.972	-2424.975	71.00307	1.5385	0.1578745	0.663153	0.336847	2.438074
12288	-2356.552	-2427.595	71.04332	1.498244	0.1578745	0.589921	0.410079	2.438074
12294	-2363.389	-2434.443	71.05324	1.682702	0.2480051	0.620412	0.379588	2.141729
12300	-2362.65	-2434.597	71.94692	1.793633	0.1354303	0.620412	0.379588	1.697318
12306	-2354.024	-2425.191	71.16613	1.495911	0.2274672	0.587217	0.412783	2.225567
12312	-2362.185	-2431.864	69.67848	1.155009	0.3930566	0.64388	0.35612	3.117406
12318	-2352.566	-2423.155	70.58864	1.190439	0.2329891	0.64388	0.35612	2.768633
12324	-2357.566	-2428.534	70.96841	1.250489	0.1536515	0.497365	0.502635	2.647949
12330	-2347.559	-2418.897	71.33794	1.481926	0.1681082	0.629038	0.370962	2.239224
12336	-2352.945	-2423.988	71.04288	1.291712	0.3555524	0.516362	0.483638	2.239224
12342	-2349.974	-2421.651	71.67611	1.367054	0.2328542	0.62988	0.37012	1.96546
12348	-2344.385	-2415.67	71.28547	1.383686	0.2709602	0.576448	0.423552	2.147038
12354	-2354.382	-2425.068	70.68643	1.348229	0.2594288	0.570537	0.429463	2.568416
12360	-2352.753	-2423.426	70.67291	1.372705	0.25516	0.570537	0.429463	2.568416
12366	-2350.505	-2421.774	71.26922	1.318566	0.2145442	0.518255	0.481745	2.296615
12372	-2353.062	-2423.982	70.92034	1.318566	0.3015999	0.45437	0.54563	2.376042
12378	-2353.116	-2423.573	70.45659	1.382551	0.1638751	0.579823	0.420177	2.858742
12384	-2352.651	-2423.137	70.48543	1.210345	0.295903	0.61173	0.38827	2.722277
12390	-2351.884	-2421.7	69.81611	1.156121	0.1899419	0.561473	0.438527	3.326112
12396	-2346.724	-2416.44	69.71605	1.130356	0.2334138	0.548188	0.451812	3.326112
12402	-2357.033	-2426.1	69.06652	1.163068	0.3235238	0.426488	0.573512	3.557655
12408	-2357.162	-2426.643	69.48125	1.169824	0.3087878	0.690664	0.309336	3.330521
12414	-2355.091	-2425.368	70.27706	1.276994	0.2915524	0.501418	0.498582	2.815028
12420	-2360.997	-2431.737	70.73952	1.296909	0.1970494	0.450385	0.549615	2.674088
12426	-2362.337	-2431.639	69.30169	1.267128	0.3160021	0.672512	0.327488	3.369237
12432	-2358.077	-2427.379	69.30209	1.404827	0.2409503	0.591138	0.408862	3.396098
12438	-2359.117	-2429.428	70.31142	1.370238	0.192498	0.591138	0.408862	2.898708
12444	-2366.492	-2436.865	70.37369	1.299832	0.2678339	0.62041	0.37959	2.777481
12450	-2354.505	-2425.454	70.94945	1.298525	0.247446	0.628876	0.371124	2.454629
12456	-2351.851	-2422.423	70.57142	1.406073	0.2191987	0.628876	0.371124	2.670551
12462	-2353.272	-2423.768	70.49573	1.398043	0.2120537	0.599625	0.400375	2.734452
12468	-2363.58	-2433.377	69.79757	1.15558	0.2760746	0.459775	0.540225	3.197932
12474	-2352.039	-2422.486	70.44654	1.140963	0.1820341	0.548969	0.451031	2.97502
12480	-2358.24	-2428.117	69.87752	1.070138	0.3014202	0.626552	0.373448	3.165275
12486	-2356.142	-2425.339	69.19692	0.9916795	0.2601768	0.626552	0.373448	3.668773
12492	-2364.482	-2435.968	71.48639	1.385121	0.2159393	0.622718	0.377282	2.110499
12498	-2354.935	-2425.918	70.98336	1.368915	0.2352898	0.587277	0.412723	2.409417
12504	-2363.428	-2434.465	71.03645	1.566022	0.1606783	0.576062	0.423938	2.393673
12510	-2363.094	-2433.192	70.09772	1.273581	0.1624334	0.576062	0.423938	3.142375
12516	-2357.045	-2427.452	70.40716	1.286161	0.2668106	0.576062	0.423938	2.766971
12522	-2365.908	-2437.677	71.76929	1.925541	0.1061138	0.600752	0.399248	1.809461
12528	-2355.521	-2427.686	72.16468	1.576535	0.1703729	0.490188	0.509812	1.609831
12534	-2352.024	-2423.719	71.69483	1.662681	0.1090874	0.618762	0.381238	2.029344
12540	-2350.493	-2421.034	70.54127	1.381628	0.1607521	0.56287	0.43713	2.814268
12546	-2351.089	-2421.627	70.53738	1.312102	0.183297	0.668623	0.331377	2.814268
12552	-2344.944	-2416.468	71.52422	1.511517	0.2172765	0.540751	0.459249	1.999454
12558	-2351.694	-2422.14	70.4463	1.34031	0.2709666	0.614663	0.385337	2.703542
12564	-2367.522	-2439.106	71.58355	1.469554	0.2591141	0.478691	0.521309	1.912033
12570	-2358.271	-2429.43	71.15889	1.481798	0.1670117	0.687644	0.312356	2.356055
12576	-2360.815	-2432.229	71.41449	1.243065	0.2079112	0.554594	0.445406	2.264225
12582	-2357.108	-2427.599	70.49124	1.243065	0.2742103	0.617067	0.382933	2.730669
12588	-2357.885	-2428.558	70.67264	1.221965	0.2139095	0.618565	0.381435	2.730669
12594	-2358.08	-2428.55	70.47015	1.340366	0.1987642	0.577367	0.422633	2.809097
12600	-2355.2	-2425.566	70.36613	1.210658	0.2492372	0.577367	0.422633	2.865202
12606	-2366.494	-2437.866	71.3725	1.333449	0.1909214	0.671596	0.328404	2.265809
12612	-2355.189	-2426.386	71.19676	1.645077	0.1574004	0.688548	0.311452	2.248208
12618	-2356.028	-2427.179	71.15094	1.438712	0.1780004	0.458055	0.541945	2.365773
12624	-2357.067	-2427.572	70.50454	1.221179	0.2725709	0.627474	0.372526	2.738401
12630	-2354.586	-2425.418	70.83196	1.368089	0.2837451	0.535943	0.464057	2.42727
12636	-2353.802	-2425.082	71.28019	1.332707	0.1981598	0.565796	0.434204	2.311283
12642	-2352.085	-2423.094	71.00872	1.326577	0.233483	0.633118	0.366882	2.423222
12648	-2348.565	-2420.227	71.66139	1.466607	0.2292059	0.580233	0.419767	1.915057
12654	-2356.22	-2427.949	71.72921	1.466187	0.2582388	0.596768	0.403232	1.816335
12660	-2355.494	-2427.222	71.72823	1.473253	0.1675946	0.560831	0.439169	1.990357
12666	-2361.989	-2432.907	70.91826	1.431198	0.181469	0.500605	0.499395	2.509938
12672	-2361.35	-2432.84	71.49036	1.444618	0.3161657	0.574604	0.425396	1.899403
12678	-2364.781	-2436.26	71.47861	1.449821	0.2204258	0.52673	0.47327	2.0647
12684	-2363.19	-2434.186	70.99622	1.481335	0.4189018	0.554084	0.445916	2.0647
12690	-2367.293	-2438.384	71.09196	1.481335	0.1767373	0.52908	0.47092	2.378696
12696	-2355.156	-2426.519	71.36328	1.526564	0.2353875	0.531855	0.468145	2.062857
12702	-2352.943	-2424.099	71.15571	1.452419	0.2283941	0.531855	0.468145	2.258614
12708	-2367.641	-2438.627	70.9858	1.346393	0.2958725	0.548982	0.451018	2.325293
12714	-2373.467	-2444.523	71.05635	1.230257	0.3071624	0.715214	0.284786	2.337618
12720	-2367.294	-2438.327	71.03314	1.29188	0.2556944	0.620687	0.379313	2.392563
12726	-2359.824	-2430.381	70.55668	1.29188	0.3371528	0.59283	0.40717	2.570807
12732	-2358.305	-2429.026	70.72065	1.354956	0.1767577	0.540861	0.459139	2.688777
12738	-2360.358	-2430.723	70.36502	1.272807	0.1734857	0.558774	0.441226	2.961188
12744	-2357.244	-2428.117	70.87231	1.390474	0.250155	0.599717	0.400283	2.44086
12750	-2357.781	-2428.124	70.34278	1.297007	0.1796131	0.5822	0.4178	2.948179
12756	-2365.248	-2435.406	70.15745	1.271718	0.2129707	0.669293	0.330707	3.014121
12762	-2360.434	-2429.077	68.64293	1.149178	0.1741635	0.621973	0.378027	4.038035
12768	-2360	-2430.997	70.9964	1.283749	0.1478218	0.570808	0.429192	2.622729
12774	-2358.508	-2427.977	69.46937	1.302035	0.2662246	0.73505	0.26495	3.319728
12780	-2348.362	-2419.401	71.03859	1.307048	0.158229	0.543731	0.456269	2.559789
12786	-2353.798	-2425.636	71.83806	1.424438	0.128105	0.677352	0.322648	2.042665
12792	-2344.075	-2415.735	71.66073	1.430251	0.1773859	0.599642	0.400358	2.042665
12798	-2354.663	-2426.897	72.23423	1.468269	0.2619487	0.531639	0.468361	1.443006
12804	-2351.215	-2422.881	71.66654	1.553148	0.2619487	0.620365	0.379635	1.79299
12810	-2354.294	-2426.283	71.98907	1.531237	0.1508298	0.654689	0.345311	1.81266
12816	-2354.289	-2424.921	70.63173	1.513555	0.1580156	0.521726	0.478274	2.684026
12822	-2356.116	-2428.047	71.93077	1.597648	0.1574525	0.501289	0.498711	1.791207
12828	-2364.073	-2435.78	71.70688	1.637958	0.1574525	0.463589	0.536411	1.916909
12834	-2366.438	-2438.284	71.84616	1.781894	0.1758036	0.656145	0.343855	1.678484
12840	-2361.741	-2434.07	72.32901	1.659112	0.1493627	0.570072	0.429928	1.479914
12846	-2350.949	-2423.11	72.16075	1.659112	0.2014872	0.650722	0.349278	1.479914
12852	-2351.082	-2423.44	72.35809	1.654373	0.1988765	0.558458	0.441542	1.336579
12858	-2361.028	-2432.401	71.373	1.663527	0.2378236	0.521442	0.478558	1.960871
12864	-2361.969	-2433.596	71.62708	1.364514	0.2129476	0.67519	0.32481	2.03703
12870	-2369.175	-2440.159	70.98379	1.466083	0.3953979	0.675007	0.324993	2.112329
12876	-2363.585	-2434.98	71.39545	1.466083	0.2184634	0.698048	0.301952	2.112329
12882	-2358.373	-2429.44	71.0669	1.464021	0.2521057	0.656601	0.343399	2.267388
12888	-2361.141	-2432.915	71.77363	1.385486	0.2435853	0.474533	0.525467	1.867465
12894	-2363.164	-2434.067	70.9026	1.392096	0.3460592	0.569771	0.430229	2.277671
12900	-2363.089	-2434.999	71.90915	1.40785	0.1933031	0.619841	0.380159	1.857214
12906	-2357.37	-2429.057	71.68716	1.558893	0.1933031	0.619841	0.380159	1.905532
12912	-2360.093	-2431.744	71.65114	1.481497	0.1616247	0.447928	0.552072	2.049335
12918	-2358.19	-2429.731	71.54022	1.431823	0.140534	0.707171	0.292829	2.202513
12924	-2355.503	-2426.755	71.25167	1.459631	0.2225994	0.52588	0.47412	2.202513
12930	-2355.976	-2427.453	71.47688	1.358924	0.28498	0.524308	0.475692	2.014774
12936	-2359.341	-2430.789	71.44746	1.357722	0.1877991	0.385419	0.614581	2.208112
12942	-2357.275	-2428.304	71.02932	1.347103	0.1604401	0.689321	0.310679	2.535974
12948	-2351.836	-2422.716	70.87977	1.347103	0.1929489	0.473178	0.526822	2.564081
12954	-2358.445	-2428.871	70.42589	1.37483	0.3468424	0.658978	0.341022	2.587618
12960	-2353.243	-2423.637	70.39329	1.36064	0.2909705	0.436302	0.563698	2.693763
12966	-2354.781	-2425.113	70.33161	1.581307	0.1723568	0.472771	0.527229	2.796945
12972	-2355.913	-2426.628	70.715	1.346344	0.388763	0.472771	0.527229	2.370793
12978	-2352.627	-2422.661	70.0344	1.348563	0.2663417	0.693217	0.306783	2.955734
12984	-2355.775	-2426.689	70.91487	1.348563	0.3008102	0.535182	0.464818	2.361661
12990	-2352.591	-2422.941	70.34986	1.254154	0.1901858	0.66967	0.33033	2.949812
12996	-2358.862	-2428.531	69.66969	1.14652	0.2161115	0.66967	0.33033	3.372228
13002	-2356.293	-2426.558	70.26499	1.346706	0.1807806	0.48509	0.51491	2.962853
13008	-2370.163	-2440.777	70.61416	1.409693	0.1946989	0.665971	0.334029	2.686189
13014	-2364.45	-2434.618	70.16842	1.363182	0.1708297	0.489619	0.510381	3.030127
13020	-2359.337	-2430.017	70.68019	1.363186	0.2301569	0.595831	0.404169	2.611066
13026	-2353.06	-2423.7	70.64019	1.298338	0.2856002	0.614401	0.385599	2.587823
13032	-2353.741	-2424.231	70.48961	1.06252	0.2469033	0.630656	0.369344	2.883837
13038	-2353.646	-2425.842	72.19562	1.397956	0.1935335	0.551419	0.448581	1.663502
13044	-2356.863	-2427.685	70.82113	1.392344	0.264197	0.663926	0.336074	2.449182
13050	-2354.127	-2425.043	70.91599	1.322134	0.2545493	0.552609	0.447391	2.449182
13056	-2359.843	-2430.217	70.37397	1.292302	0.3784698	0.634943	0.365057	2.630504
13062	-2354.556	-2425.034	70.47745	1.317219	0.2177646	0.667227	0.332773	2.784974
13068	-2354.816	-2425.435	70.61875	1.321059	0.2697369	0.672181	0.327819	2.611067
13074	-2356.718	-2427.203	70.48465	1.196374	0.259356	0.727552	0.272448	2.785979
13080	-2359.851	-2430.848	70.99611	1.291521	0.2861269	0.492407	0.507593	2.368319
13086	-2347.137	-2416.941	69.80387	1.146373	0.1973313	0.555267	0.444733	3.325811
13092	-2362.917	-2435.32	72.40299	1.632912	0.238098	0.558192	0.441808	1.225991
13098	-2370.719	-2443.162	72.44351	1.89913	0.1715275	0.454489	0.545511	1.130501
13104	-2374.428	-2444.849	70.42149	1.575792	0.1229876	0.586278	0.413722	2.851951
13110	-2356.5	-2427.092	70.59211	1.432852	0.1159352	0.643358	0.356642	2.851951
13116	-2357.609	-2428.449	70.84087	1.381112	0.2342408	0.608533	0.391467	2.493052
13122	-2364.066	-2432.478	68.41172	0.9917379	0.1636749	0.509462	0.490538	4.278533
13128	-2360.115	-2429.709	69.59407	1.215839	0.1636749	0.526448	0.473552	3.470676
13134	-2361.275	-2431.161	69.88524	1.215839	0.3973936	0.526448	0.473552	2.952164
13140	-2356.747	-2426.495	69.74868	1.218792	0.2046283	0.584759	0.415241	3.302863
13146	-2353.936	-2424.005	70.06822	1.16523	0.214991	0.583104	0.416896	3.127547
13152	-2368.317	-2439.299	70.98174	1.267244	0.1948732	0.583104	0.416896	2.546697
13158	-2363.709	-2434.314	70.6053	1.334345	0.1948732	0.628035	0.371965	2.737486
13164	-2367.154	-2437.47	70.31574	1.334345	0.1334532	0.628035	0.371965	3.037155
13170	-2349.467	-2420.767	71.30057	1.245066	0.241468	0.58443	0.41557	2.275927
13176	-2349.276	-2421.008	71.73185	1.496362	0.1957929	0.497505	0.502495	1.912493
13182	-2358.791	-2430.234	71.4431	1.289918	0.3242253	0.681514	0.318486	2.022869
13188	-2354.861	-2425.827	70.96645	1.286599	0.2673107	0.681514	0.318486	2.419353
13194	-2355.121	-2425.806	70.68479	1.24915	0.2732209	0.628443	0.371557	2.60935
13200	-2359.532	-2430.199	70.66733	1.24915	0.2165977	0.653082	0.346918	2.712559
13206	-2358.779	-2428.961	70.18147	1.24915	0.273441	0.658494	0.341506	2.916352
13212	-2360.47	-2431.893	71.42312	1.433971	0.273441	0.688785	0.311215	2.019335
13218	-2357.224	-2428.608	71.38393	1.777562	0.1698569	0.703437	0.296563	2.012049
13224	-2358.254	-2429.835	71.58087	1.766255	0.1645194	0.531876	0.468124	1.899198
13230	-2361.312	-2431.619	70.30701	1.549047	0.09820231	0.62393	0.37607	2.997932
13236	-2355.409	-2426.027	70.61819	1.590012	0.1639756	0.634123	0.365877	2.632896
13242	-2354.062	-2425.005	70.94264	1.469862	0.1980283	0.634123	0.365877	2.438459
13248	-2355.495	-2426.443	70.94837	1.483077	0.1620161	0.625743	0.374257	2.498323
13254	-2369.187	-2440.451	71.26421	1.391599	0.2471347	0.625743	0.374257	2.19529
13260	-2365.456	-2436.926	71.47003	1.539286	0.1937156	0.598179	0.401821	2.062962
13266	-2376.508	-2447.819	71.31074	1.492444	0.176705	0.533085	0.466915	2.231968
13272	-2370.02	-2441.148	71.1282	1.501983	0.1503403	0.61187	0.38813	2.398625
13278	-2361.678	-2432.906	71.22863	1.521324	0.1560497	0.621449	0.378551	2.310025
13284	-2357.148	-2429.279	72.13061	1.708963	0.1347349	0.521149	0.478851	1.628355
13290	-2357.022	-2429.079	72.05689	1.732136	0.1513305	0.521149	0.478851	1.621793
13296	-2363.551	-2434.675	71.12353	1.638989	0.1805907	0.521521	0.478479	2.25017
13302	-2352.751	-2423.721	70.96903	1.447082	0.1805907	0.550745	0.449255	2.469975
13308	-2357.445	-2429.396	71.95073	1.578924	0.1386262	0.544125	0.455875	1.836236
13314	-2362.48	-2434.676	72.19648	1.452968	0.2171123	0.594365	0.405635	1.572834
13320	-2360.742	-2431.749	71.00636	1.286506	0.2022926	0.594365	0.405635	2.505465
13326	-2360.617	-2431.287	70.67048	1.265278	0.2753314	0.594365	0.405635	2.605001
13332	-2360.494	-2430.807	70.31298	1.205161	0.2600629	0.595931	0.404069	2.88377
13338	-2358.7	-2429.037	70.33613	1.05168	0.2407427	0.549429	0.450571	2.9927
13344	-2366.271	-2435.709	69.43851	1.097315	0.2718428	0.512241	0.487759	3.449709
13350	-2361.115	-2429.978	68.86328	1.117109	0.3276666	0.460394	0.539606	3.696866
13356	-2360.505	-2429.188	68.68316	1.11059	0.2595348	0.681752	0.318248	3.897224
13362	-2359.489	-2428.528	69.03931	0.944507	0.2214938	0.573417	0.426583	3.846608
13368	-2364.923	-2433.844	68.92071	1.158152	0.3269975	0.673184	0.326816	3.640717
13374	-2354.619	-2423.783	69.16362	1.168537	0.2245011	0.601705	0.398295	3.640717
13380	-2369.268	-2437.854	68.58609	1.085794	0.162999	0.601705	0.398295	4.127477
13386	-2366.317	-2436.117	69.79996	1.085794	0.2774026	0.606968	0.393032	3.235903
13392	-2360.129	-2431.494	71.36498	1.520707	0.1481967	0.596419	0.403581	2.24055
13398	-2357.654	-2428.609	70.95517	1.505631	0.243858	0.472603	0.527397	2.326055
13404	-2358.941	-2429.239	70.29813	1.48353	0.1983629	0.572188	0.427812	2.827364
13410	-2359.693	-2430.774	71.08056	1.306159	0.2374623	0.651916	0.348084	2.383944
13416	-2355.791	-2427.119	71.32733	1.549407	0.1714134	0.587286	0.412714	2.195517
13422	-2352.044	-2423.174	71.13006	1.331009	0.1822695	0.580344	0.419656	2.438413
13428	-2361.291	-2432.923	71.63182	1.37716	0.2789469	0.489676	0.510324	1.908371
13434	-2358.313	-2429.324	71.01124	1.48281	0.3130358	0.653384	0.346616	2.195937
13440	-2357.997	-2429.651	71.65435	1.635291	0.1779544	0.512168	0.487832	1.908441
13446	-2372.053	-2443.375	71.3225	1.705116	0.2271904	0.673709	0.326291	1.986295
13452	-2359.813	-2431.081	71.26783	1.512295	0.2933513	0.582582	0.417418	2.038475
13458	-2349.411	-2420.294	70.8827	1.392433	0.1945325	0.61543	0.38457	2.531063
13464	-2350.094	-2421.269	71.1751	1.364133	0.2278936	0.524703	0.475297	2.303617
13470	-2367.071	-2438.099	71.02765	1.737611	0.1925759	0.527525	0.472475	2.224398
13476	-2364.076	-2435.322	71.24603	1.328745	0.3377832	0.511589	0.488411	2.107709
13482	-2357.767	-2429.429	71.6618	1.535513	0.3102441	0.549554	0.450446	1.727519
13488	-2364.873	-2436.667	71.79324	1.657108	0.2572059	0.482805	0.517195	1.638738
13494	-2358.913	-2429.745	70.8327	1.61329	0.4092676	0.655316	0.344684	2.097414
13500	-2358.092	-2429.518	71.42562	1.61201	0.2090928	0.607704	0.392296	2.013882
13506	-2352.842	-2423.562	70.71966	1.576865	0.2243265	0.637073	0.362927	2.463474
13512	-2357.818	-2429.268	71.44994	1.664631	0.1463008	0.637073	0.362927	2.096157
13518	-2356.409	-2428.432	72.02291	1.715861	0.2481014	0.692981	0.307019	1.442612
13524	-2355.985	-2427.838	71.85346	1.455461	0.3017093	0.574495	0.425505	1.662286
13530	-2358.636	-2430.367	71.731	1.442011	0.2487424	0.613182	0.386818	1.848647
13536	-2357.932	-2429.036	71.10423	1.358772	0.3554082	0.629528	0.370472	2.156304
13542	-2354.469	-2425.897	71.42793	1.322902	0.3554082	0.578209	0.421791	1.966253
13548	-2352.974	-2424.107	71.13285	1.205746	0.385525	0.515183	0.484817	2.197374
13554	-2356.878	-2427.183	70.30457	1.117942	0.3360519	0.642094	0.357906	2.833704
13560	-2366.208	-2435.803	69.59533	1.350792	0.1957802	0.613001	0.386999	3.330989
13566	-2375.378	-2445.38	70.00228	1.313402	0.2821637	0.679467	0.320533	2.972721
13572	-2374.51	-2445.084	70.57424	1.314833	0.1832057	0.517316	0.482684	2.790346
13578	-2367.796	-2437.484	69.68808	1.249517	0.264036	0.564693	0.435307	3.224898
13584	-2367.59	-2437.396	69.80527	1.144746	0.3441847	0.520165	0.479835	3.107307
13590	-2364.854	-2433.62	68.76546	1.071492	0.315735	0.520165	0.479835	3.794967
13596	-2352.459	-2421.493	69.03381	1.19708	0.1696426	0.611411	0.388589	3.794967
13602	-2356.549	-2425.458	68.90978	1.095681	0.2155871	0.439632	0.560368	3.843796
13608	-2354.238	-2423.132	68.89451	1.217913	0.1800549	0.588462	0.411538	3.843796
13614	-2354.203	-2423.909	69.70618	1.228487	0.1800549	0.588462	0.411538	3.366357
13620	-2356.634	-2428.047	71.41311	1.477882	0.1860236	0.559928	0.440072	2.156031
13626	-2355.418	-2426.938	71.52	1.477882	0.2886576	0.559928	0.440072	1.900002
13632	-2362.554	-2433.474	70.91941	1.388595	0.2662949	0.528692	0.471308	2.386263
13638	-2368.389	-2439.434	71.04445	1.413561	0.2106467	0.61245	0.38755	2.386263
13644	-2365.942	-2436.333	70.39078	1.328379	0.162735	0.594508	0.405492	2.933562
13650	-2355.582	-2425.926	70.34425	1.197552	0.2204753	0.575585	0.424415	2.933562
13656	-2355.629	-2425.421	69.79215	1.197552	0.2152635	0.575585	0.424415	3.271537
13662	-2360.261	-2431.039	70.77806	1.263256	0.2152635	0.529201	0.470799	2.638139
13668	-2361.458	-2432.466	71.00806	1.392084	0.1659051	0.593518	0.406482	2.509761
13674	-2356.507	-2427.455	70.94843	1.285733	0.2201961	0.498152	0.501848	2.509761
13680	-2355.594	-2426.321	70.72706	1.216132	0.3387422	0.571407	0.428593	2.509761
13686	-2357.374	-2428.466	71.09131	1.226377	0.3301421	0.541992	0.458008	2.284923
13692	-2355.986	-2426.752	70.76639	1.44646	0.2291338	0.645229	0.354771	2.507499
13698	-2354.043	-2424.707	70.66342	1.330758	0.1598138	0.637022	0.362978	2.772792
13704	-2352.263	-2422.192	69.9284	1.141145	0.2810489	0.637022	0.362978	3.121573
13710	-2357.34	-2426.591	69.25109	0.9358745	0.3028332	0.604681	0.395319	3.609674
13716	-2353.299	-2422.277	68.97793	1.010908	0.2429627	0.604681	0.395319	3.809944
13722	-2350.792	-2418.686	67.89421	0.9754818	0.2211683	0.631022	0.368978	4.480387
13728	-2363.604	-2431.72	68.11652	0.7640218	0.2173338	0.537604	0.462396	4.480387
13734	-2360.066	-2429.293	69.22778	1.040444	0.1774485	0.537604	0.462396	3.758878
13740	-2354.12	-2425.463	71.34287	1.170257	0.2173068	0.576619	0.423381	2.33918
13746	-2355.469	-2425.854	70.38426	1.164175	0.2878176	0.500388	0.499612	2.823849
13752	-2363.616	-2433.948	70.3313	1.143775	0.1586658	0.564746	0.435254	3.088154
13758	-2365.263	-2435.79	70.5274	1.23162	0.1736857	0.614408	0.385592	2.887703
13764	-2363.069	-2433.419	70.35051	1.23162	0.2522304	0.547703	0.452297	2.857236
13770	-2368.794	-2439.011	70.21699	1.179571	0.2204815	0.547703	0.452297	3.020831
13776	-2367.745	-2437.5	69.75491	1.179571	0.152063	0.578434	0.421566	3.420985
13782	-2361.789	-2431.564	69.77491	1.239536	0.1299761	0.611677	0.388323	3.420985
13788	-2364.439	-2434.017	69.57792	1.239536	0.1877265	0.708326	0.291674	3.420985
13794	-2351.493	-2422.407	70.91471	1.472414	0.1626619	0.541786	0.458214	2.524641
13800	-2356.491	-2427.495	71.00396	1.410985	0.2694859	0.541786	0.458214	2.313265
13806	-2355.56	-2425.981	70.42081	1.216089	0.1998708	0.541786	0.458214	2.912285
13812	-2369.704	-2440.442	70.73765	1.677421	0.2582946	0.63826	0.36174	2.33121
13818	-2360.067	-2432.11	72.04295	1.844723	0.1789066	0.606294	0.393706	1.481185
13824	-2368.342	-2439.725	71.38336	1.690885	0.09912965	0.606294	0.393706	2.24146
13830	-2362.692	-2434.008	71.31664	1.417524	0.1473968	0.628605	0.371395	2.339288
13836	-2356.28	-2427.028	70.74746	1.394432	0.2166281	0.621641	0.378359	2.573495
13842	-2363.863	-2435.579	71.71664	1.58338	0.2511705	0.499559	0.500441	1.756368
13848	-2364.105	-2434.777	70.67124	1.435215	0.156839	0.468529	0.531471	2.710331
13854	-2363.174	-2434.09	70.91604	1.581068	0.1894527	0.565758	0.434242	2.401588
13860	-2363.716	-2435.675	71.95878	1.796689	0.2121556	0.651096	0.348904	1.504827
13866	-2365.285	-2437.05	71.76475	1.664639	0.2510684	0.614966	0.385034	1.665152
13872	-2360.001	-2430.142	70.14091	1.568952	0.2091856	0.581262	0.418738	2.851526
13878	-2364.302	-2435.091	70.78827	1.573161	0.1438043	0.594521	0.405479	2.581263
13884	-2353.685	-2425.551	71.86618	1.553576	0.1762063	0.603085	0.396915	1.823391
13890	-2367.192	-2438.02	70.82741	1.624265	0.2855747	0.583088	0.416912	2.264563
13896	-2362.626	-2434.847	72.22123	1.624265	0.1373763	0.517201	0.482799	1.617045
13902	-2404.575	-2474.249	69.67326	1.411051	0.4039394	0.748715	0.251285	2.954675
13908	-2408.386	-2477.473	69.08689	1.370102	0.2174337	0.647293	0.352707	3.579824
13914	-2355.84	-2427.634	71.79434	1.802689	0.131915	0.540089	0.459911	1.806895
13920	-2359.983	-2431.299	71.31643	1.539298	0.1684749	0.540089	0.459911	2.215326
13926	-2366.534	-2438.018	71.48446	1.353718	0.154738	0.618874	0.381126	2.256435
13932	-2366.749	-2437.573	70.82363	1.232287	0.2231265	0.618874	0.381126	2.615371
13938	-2362.307	-2433.262	70.95558	1.201608	0.2765308	0.598402	0.401598	2.465242
13944	-2369.476	-2441.652	72.1759	1.586058	0.2589373	0.560746	0.439254	1.403083
13950	-2368.065	-2440.019	71.95391	1.705571	0.300986	0.547937	0.452063	1.403083
13956	-2366.709	-2438.649	71.93964	1.511998	0.2427964	0.528209	0.471791	1.664817
13962	-2374.27	-2445.491	71.22145	1.290993	0.2487251	0.644145	0.355855	2.284883
13968	-2366.132	-2436.957	70.82455	1.45292	0.1509052	0.644145	0.355855	2.617691
13974	-2357.365	-2428.04	70.67533	1.334365	0.15946	0.644145	0.355855	2.764056
13980	-2358.269	-2429.657	71.38816	1.22156	0.1987284	0.54595	0.45405	2.31222
13986	-2363.943	-2435.658	71.71428	1.389811	0.2412314	0.528955	0.471045	1.909148
13992	-2361.992	-2433.585	71.59371	1.391565	0.3139605	0.533535	0.466465	1.868558
13998	-2357.382	-2428.069	70.68657	1.413402	0.1999239	0.647151	0.352849	2.629618
14004	-2361.124	-2431.204	70.07985	1.308696	0.1616396	0.529505	0.470495	3.133707
14010	-2355.937	-2426.821	70.88434	1.556023	0.1052486	0.529505	0.470495	2.624398
14016	-2361.606	-2432.163	70.55691	1.194432	0.2006934	0.529505	0.470495	2.841539
14022	-2356.503	-2427.515	71.01235	1.585972	0.2006934	0.537802	0.462198	2.31574
14028	-2358.052	-2429.355	71.30215	1.52668	0.1645706	0.652252	0.347748	2.24101
14034	-2359.388	-2430.21	70.82219	1.418653	0.2336244	0.639592	0.360408	2.482298
14040	-2351.472	-2422.32	70.84843	1.425431	0.258796	0.638591	0.361409	2.419823
14046	-2355.53	-2426.567	71.03717	1.415933	0.2238619	0.638591	0.361409	2.365549
14052	-2346.503	-2417.855	71.35258	1.556773	0.2266083	0.638591	0.361409	2.065875
14058	-2354.863	-2425.712	70.84841	1.556773	0.272406	0.638591	0.361409	2.314862
14064	-2356.979	-2428.047	71.06824	1.741914	0.1953201	0.638591	0.361409	2.18998
14070	-2353.264	-2424.695	71.43048	1.572666	0.1908812	0.529417	0.470583	2.072744
14076	-2352.27	-2423.213	70.94212	1.690459	0.1747555	0.540844	0.459156	2.345134
14082	-2360.325	-2432.133	71.80733	1.673626	0.2434142	0.506424	0.493576	1.642632
14088	-2351.948	-2423.202	71.25463	1.605382	0.1470668	0.3788	0.6212	2.259623
14094	-2358.282	-2429.804	71.52252	1.669995	0.1470668	0.410994	0.589006	2.042978
14100	-2354.917	-2426.181	71.26402	1.487341	0.1591109	0.524238	0.475762	2.302454
14106	-2364.667	-2434.66	69.99295	1.38178	0.2210211	0.524238	0.475762	3.032994
14112	-2355.667	-2426.242	70.57497	1.2915	0.2026747	0.612327	0.387673	2.767903
14118	-2357.007	-2427.742	70.73485	1.194042	0.2590849	0.599017	0.400983	2.634427
14124	-2348.428	-2419.538	71.11019	1.299291	0.2590849	0.599017	0.400983	2.333478
14130	-2355.154	-2426.625	71.47085	1.384541	0.2961999	0.519512	0.480488	1.983922
14136	-2360.583	-2431.234	70.65076	1.61044	0.1263545	0.619965	0.380035	2.68298
14142	-2364.016	-2434.312	70.29632	1.42921	0.1240599	0.619965	0.380035	3.013272
14148	-2369.397	-2438.444	69.04665	1.275785	0.1215445	0.519995	0.480005	3.841051
14154	-2358.241	-2428.507	70.26617	1.34092	0.2672489	0.532778	0.467222	2.818821
14160	-2359.059	-2429.523	70.4632	1.187289	0.2873404	0.521525	0.478475	2.762392
14166	-2367.273	-2438.048	70.77528	1.142194	0.2944175	0.394621	0.605379	2.587856
14172	-2361.959	-2432.42	70.46039	1.310866	0.2834381	0.586873	0.413127	2.694207
14178	-2350.959	-2421.696	70.73708	1.391544	0.1580406	0.628844	0.371156	2.694207
14184	-2361.73	-2432.388	70.65828	1.199502	0.2718014	0.567306	0.432694	2.65852
14190	-2354.979	-2424.416	69.43663	1.135441	0.2327472	0.629432	0.370568	3.487942
14196	-2365.103	-2434.605	69.50194	1.189399	0.1903414	0.507726	0.492274	3.489992
