Iteration	Posterior	Likelihood	Prior	rate_log_sd	rate_neo	root_freqs[1]	root_freqs[2]	tree_length
0	-2363.106	-2434.142	71.03598	1.48745	0.123671	0.47925	0.52075	2.52709
6	-2363.099	-2434.032	70.93276	1.657133	0.1857955	0.612208	0.387792	2.350011
12	-2364.259	-2436.275	72.01628	1.56176	0.1857955	0.644665	0.355335	1.691547
18	-2371.894	-2443.086	71.19152	1.56176	0.1561156	0.603098	0.396902	2.307756
24	-2361.865	-2432.743	70.87835	1.453835	0.2732286	0.654915	0.345085	2.359995
30	-2353.967	-2425.299	71.33197	1.372856	0.1905664	0.479681	0.520319	2.267232
36	-2357.128	-2427.403	70.27512	1.450309	0.2104383	0.479837	0.520163	2.839873
42	-2358.279	-2428.274	69.99559	1.350542	0.2748377	0.503983	0.496017	2.965176
48	-2356.085	-2426.573	70.48815	1.152111	0.2115876	0.587274	0.412726	2.889443
54	-2363.552	-2434.294	70.74136	1.144819	0.2115876	0.618083	0.381917	2.739918
60	-2354.766	-2424.502	69.73573	1.31499	0.2284376	0.548332	0.451668	3.213573
66	-2354.363	-2425.201	70.83745	1.310867	0.198041	0.527508	0.472492	2.603225
72	-2364.009	-2435.259	71.25018	1.441899	0.3108129	0.559131	0.440869	2.06989
78	-2357.609	-2428.804	71.19546	1.389861	0.2226437	0.543173	0.456827	2.2835
84	-2357.669	-2428.537	70.86789	1.406518	0.2393165	0.561798	0.438202	2.451598
90	-2348.678	-2418.684	70.00633	1.259502	0.260711	0.466303	0.533697	3.034589
96	-2355.33	-2425.973	70.64274	1.318373	0.1892162	0.566055	0.433945	2.734943
102	-2352.8	-2423.964	71.16393	1.289821	0.2336985	0.659316	0.340684	2.347917
108	-2350.434	-2421.287	70.85283	1.379011	0.1766453	0.520914	0.479086	2.592631
114	-2363.95	-2434.033	70.0827	1.082246	0.1852911	0.588713	0.411287	3.22089
120	-2355.043	-2424.59	69.5471	1.199461	0.2636479	0.623352	0.376648	3.338172
126	-2358.101	-2427.729	69.62773	1.13261	0.2636479	0.654041	0.345959	3.330066
132	-2353.254	-2422.945	69.69098	1.257846	0.2897867	0.658035	0.341965	3.180825
138	-2360.872	-2431.491	70.61874	1.282071	0.2617073	0.658035	0.341965	2.647622
144	-2354.22	-2424.638	70.41806	1.350932	0.2309775	0.590516	0.409484	2.778138
150	-2354.412	-2425.993	71.58067	1.505801	0.2486892	0.636579	0.363421	1.907712
156	-2356.422	-2427.914	71.492	1.603128	0.2632353	0.495162	0.504838	1.876364
162	-2350.416	-2421.176	70.76076	1.36531	0.2286044	0.691749	0.308251	2.562461
168	-2345.986	-2416.541	70.55431	1.236782	0.1993293	0.585306	0.414694	2.819876
174	-2354.174	-2424.484	70.31036	1.236782	0.1907676	0.585306	0.414694	2.98294
180	-2353.622	-2423.566	69.94404	1.124179	0.19345	0.575416	0.424584	3.263198
186	-2354.03	-2424.654	70.62323	1.169051	0.3031043	0.664103	0.335897	2.652677
192	-2354.086	-2423.904	69.81839	1.174744	0.2366267	0.610922	0.389078	3.234407
198	-2360.396	-2430.312	69.91594	1.327077	0.335082	0.595691	0.404309	2.94351
204	-2364.752	-2434.632	69.87994	1.447909	0.3120305	0.573714	0.426286	2.923215
210	-2358.049	-2427.642	69.59257	1.147307	0.2624846	0.746381	0.253619	3.343833
216	-2352.9	-2423.564	70.66463	1.218845	0.2192531	0.697142	0.302858	2.728158
222	-2363.8	-2433.843	70.04306	1.361132	0.2775266	0.503296	0.496704	2.926235
228	-2365.556	-2435.551	69.99537	1.11822	0.3095109	0.582723	0.417277	3.055315
234	-2355.308	-2426.473	71.16524	1.159133	0.2654949	0.525425	0.474575	2.377182
240	-2358.062	-2428.444	70.38238	1.425434	0.1557215	0.602919	0.397081	2.894421
246	-2353.244	-2424.523	71.27927	1.396443	0.2285358	0.670348	0.329652	2.214836
252	-2357.241	-2428.108	70.86718	1.210555	0.2814058	0.670192	0.329808	2.507523
258	-2350.622	-2422.044	71.42136	1.408263	0.2292474	0.649724	0.350276	2.11348
264	-2347.228	-2418.566	71.33748	1.492143	0.2292474	0.578575	0.421425	2.11348
270	-2352.983	-2424.719	71.73605	1.536797	0.163312	0.521012	0.478988	1.952088
276	-2352.509	-2424.555	72.04603	1.61688	0.1689556	0.518497	0.481503	1.669507
282	-2356.978	-2428.415	71.43751	1.533637	0.2030235	0.518497	0.481503	2.069706
288	-2354.759	-2426.016	71.25747	1.445822	0.1749838	0.601373	0.398627	2.29961
294	-2360.403	-2431.973	71.57017	1.445822	0.2198894	0.678946	0.321054	2.007674
300	-2361.555	-2432.531	70.97654	1.445822	0.4214429	0.542199	0.457801	2.097908
306	-2357.321	-2428.489	71.16775	1.413749	0.3416075	0.515068	0.484932	2.097908
312	-2359.934	-2431.602	71.66863	1.614234	0.1845518	0.60809	0.39191	1.898893
318	-2365.357	-2436.889	71.53164	1.375588	0.2307272	0.68883	0.31117	2.059769
324	-2365.85	-2436.802	70.9524	1.442501	0.288144	0.659029	0.340971	2.296974
330	-2360.89	-2431.33	70.44	1.21604	0.3098336	0.601893	0.398107	2.726855
336	-2358.844	-2429.53	70.68678	1.240888	0.2046886	0.569336	0.430664	2.726855
342	-2352.455	-2423.687	71.23196	1.352887	0.1352921	0.57248	0.42752	2.461235
348	-2369.051	-2440.249	71.19825	1.507136	0.1045542	0.57248	0.42752	2.461235
354	-2365.482	-2436.134	70.65143	1.380689	0.1674927	0.555033	0.444967	2.733915
360	-2364.537	-2435.377	70.84002	1.44915	0.1596189	0.638174	0.361826	2.591894
366	-2370.321	-2441.222	70.90096	1.388215	0.1596189	0.544953	0.455047	2.591894
372	-2356.187	-2425.619	69.43141	1.154036	0.1779342	0.69907	0.30093	3.574315
378	-2352.671	-2422.072	69.40112	1.127876	0.2174824	0.592322	0.407678	3.537854
384	-2361.006	-2431.897	70.89108	1.116933	0.3341335	0.669474	0.330526	2.475453
390	-2363.609	-2434.118	70.50912	1.321371	0.263675	0.669474	0.330526	2.687823
396	-2367.282	-2437.748	70.46628	1.381271	0.2343311	0.669474	0.330526	2.724538
402	-2355.536	-2426.656	71.11954	1.326259	0.1955316	0.493437	0.506563	2.422239
408	-2357.148	-2427.425	70.27746	1.29375	0.2347424	0.689669	0.310331	2.891972
414	-2361	-2431.996	70.99589	1.224205	0.2272693	0.689669	0.310331	2.506194
420	-2355.256	-2426.268	71.01151	1.519847	0.1510499	0.583157	0.416843	2.459288
426	-2356.516	-2427.313	70.79715	1.456072	0.227138	0.559968	0.440032	2.485708
432	-2348.542	-2419.904	71.36199	1.472477	0.227138	0.559968	0.440032	2.114125
438	-2353.425	-2424.293	70.86778	1.445777	0.2629198	0.635894	0.364106	2.38814
444	-2352.906	-2423.554	70.64757	1.390074	0.4748177	0.56145	0.43855	2.285446
450	-2349.914	-2420.891	70.97642	1.280068	0.2491271	0.668139	0.331861	2.446512
456	-2353.602	-2424.331	70.72891	1.209018	0.1984186	0.680963	0.319037	2.731993
462	-2353.421	-2424.986	71.5649	1.224709	0.2047229	0.616069	0.383931	2.185084
468	-2361.38	-2432.518	71.1376	1.282412	0.2418053	0.738105	0.261895	2.355461
474	-2362.12	-2433.275	71.1554	1.421617	0.1975906	0.546474	0.453526	2.33523
480	-2367.245	-2438.625	71.38028	1.390816	0.1975906	0.546474	0.453526	2.210819
486	-2366.589	-2437.499	70.91001	1.208041	0.2798156	0.546474	0.453526	2.484733
492	-2362.912	-2431.654	68.74202	1.208041	0.2232013	0.555167	0.444833	3.863247
498	-2353.381	-2423.659	70.27718	1.205528	0.1871272	0.506063	0.493937	3.028325
504	-2356.342	-2425.857	69.51477	1.148708	0.2245314	0.583629	0.416371	3.44779
510	-2358.34	-2428.131	69.79165	1.141462	0.2647561	0.647024	0.352976	3.226478
516	-2355.298	-2426.953	71.65455	1.364544	0.2647561	0.587518	0.412482	1.925347
522	-2357.887	-2429.619	71.73162	1.605083	0.2647561	0.597113	0.402887	1.706092
528	-2366.671	-2439.168	72.49693	1.623178	0.2203078	0.731039	0.268961	1.196043
534	-2363.23	-2434.848	71.61757	1.614439	0.1734454	0.519337	0.480663	1.957098
540	-2357.459	-2428.993	71.53378	1.696839	0.2280412	0.624235	0.375765	1.847356
546	-2354.962	-2426.702	71.74054	1.569279	0.200458	0.572853	0.427147	1.847356
552	-2360.467	-2430.855	70.38768	1.292825	0.3329343	0.634185	0.365815	2.680255
558	-2351.622	-2422.41	70.78802	1.093031	0.2579962	0.615906	0.384094	2.665628
564	-2357.082	-2427.026	69.94363	1.137036	0.2382092	0.596432	0.403568	3.180029
570	-2367.558	-2437.293	69.73491	1.125077	0.2382092	0.649471	0.350529	3.310472
576	-2363.29	-2433.964	70.6739	1.128597	0.2318721	0.615061	0.384939	2.756198
582	-2360.14	-2431.464	71.32465	1.319096	0.2937579	0.453895	0.546105	2.127574
588	-2359.596	-2431.105	71.50888	1.469825	0.2343249	0.464601	0.535399	2.005854
594	-2356.795	-2428.311	71.51571	1.484475	0.2343249	0.683997	0.316003	1.991533
600	-2352.884	-2424.834	71.94945	1.594835	0.1548027	0.660355	0.339645	1.786507
606	-2367.119	-2438.754	71.63452	1.514324	0.2594932	0.660355	0.339645	1.846144
612	-2367.83	-2438.813	70.98305	1.536704	0.2147204	0.660355	0.339645	2.33966
618	-2371.578	-2442.036	70.45747	1.346609	0.2055719	0.546754	0.453246	2.800711
624	-2368.479	-2439.969	71.48949	1.402895	0.1314688	0.663636	0.336364	2.275303
630	-2366.477	-2437.016	70.53946	1.204074	0.3083951	0.583452	0.416548	2.675184
636	-2366.903	-2436.777	69.8742	1.269216	0.2492315	0.668691	0.331309	3.12535
642	-2364.77	-2435.699	70.92871	1.395914	0.2173207	0.647414	0.352586	2.45823
648	-2371.986	-2442.614	70.62769	1.235636	0.1877379	0.564805	0.435195	2.797413
654	-2362.83	-2433.226	70.39534	1.222168	0.1765585	0.62206	0.37794	2.967454
660	-2367.222	-2437.715	70.4928	1.254609	0.2477859	0.57764	0.42236	2.763776
666	-2371.576	-2442.544	70.96839	1.405937	0.1874577	0.709919	0.290081	2.482665
672	-2368.295	-2438.814	70.51905	1.166019	0.2514389	0.596271	0.403729	2.795958
678	-2365.98	-2436.363	70.38321	1.149999	0.3121444	0.564777	0.435223	2.798628
684	-2354.241	-2425.124	70.88281	1.17975	0.2101102	0.579869	0.420131	2.634193
690	-2359.51	-2430.766	71.25587	1.343923	0.2031891	0.604953	0.395047	2.310071
696	-2358.089	-2428.2	70.11044	1.09231	0.2472598	0.580555	0.419445	3.093083
702	-2370.419	-2441.727	71.30782	1.075832	0.3209665	0.580555	0.419445	2.255627
708	-2366.85	-2438.052	71.20202	1.365803	0.2233163	0.664102	0.335898	2.293483
714	-2369.633	-2439.84	70.20736	1.417806	0.1873949	0.664102	0.335898	2.942265
720	-2359.023	-2429.44	70.41707	1.105589	0.1874688	0.675883	0.324117	3.003747
726	-2358.033	-2427.022	68.98821	1.006231	0.1771041	0.650763	0.349237	3.916907
732	-2356.332	-2427.458	71.12555	1.271436	0.1666167	0.684137	0.315863	2.51026
738	-2357.113	-2428.665	71.55211	1.212278	0.2460584	0.545584	0.454416	2.126503
744	-2357.189	-2428.464	71.27454	1.397854	0.2460584	0.627355	0.372645	2.186386
750	-2350.776	-2422.271	71.49504	1.437704	0.2605023	0.666269	0.333731	1.99057
756	-2361.091	-2432.775	71.68464	1.394752	0.2173188	0.515289	0.484711	1.970196
762	-2359.226	-2430.23	71.00324	1.415517	0.1798772	0.598787	0.401213	2.469735
768	-2361.617	-2432.583	70.96562	1.415517	0.221662	0.595786	0.404214	2.414952
774	-2366.03	-2437.002	70.97206	1.440739	0.3623262	0.595786	0.404214	2.179607
780	-2356.887	-2427.105	70.21811	1.238148	0.1771677	0.499792	0.500208	3.062938
786	-2355.053	-2425.02	69.96739	1.248316	0.1580738	0.52582	0.47418	3.243365
792	-2359.055	-2429.159	70.10463	1.199376	0.1450427	0.605153	0.394847	3.218008
798	-2355.219	-2424.78	69.56128	1.381027	0.2667891	0.605153	0.394847	3.218008
804	-2368.258	-2438.221	69.96245	1.275065	0.2394011	0.594179	0.405821	3.084803
810	-2365.173	-2434.628	69.45505	1.284523	0.1992521	0.721473	0.278527	3.446014
816	-2357.692	-2427.888	70.19595	1.184945	0.2397869	0.749214	0.250786	2.998388
822	-2354.637	-2425.155	70.51849	1.287485	0.2039008	0.673737	0.326263	2.802553
828	-2360.379	-2431.427	71.048	1.462946	0.2514434	0.553029	0.446971	2.281297
834	-2358.954	-2430.032	71.0773	1.446323	0.1879031	0.746861	0.253139	2.387859
840	-2354.987	-2424.799	69.81155	1.272059	0.1605586	0.608995	0.391005	3.316317
846	-2352.754	-2424.008	71.25417	1.419492	0.2359219	0.642752	0.357248	2.203111
852	-2352.485	-2424.534	72.04918	1.521252	0.2535868	0.658721	0.341279	1.558144
858	-2353.337	-2424.314	70.97779	1.366865	0.1821823	0.490958	0.509042	2.511527
864	-2351.406	-2422.361	70.95563	1.557768	0.1654168	0.720191	0.279809	2.439815
870	-2350.239	-2420.846	70.60674	1.424059	0.2001617	0.519177	0.480823	2.671807
876	-2352.863	-2423.386	70.52271	1.371497	0.291992	0.620286	0.379714	2.605816
882	-2370.135	-2442.03	71.89474	1.563846	0.249932	0.458222	0.541778	1.64636
888	-2360.426	-2432.41	71.98345	1.596988	0.2355508	0.481605	0.518395	1.585855
894	-2367.374	-2438.682	71.3088	1.676577	0.2742294	0.64838	0.35162	1.932152
900	-2358.176	-2430.209	72.0328	1.439786	0.2253684	0.646006	0.353994	1.683703
906	-2358.31	-2430.569	72.25913	1.682511	0.2204298	0.654167	0.345833	1.34308
912	-2362.578	-2434.645	72.0665	1.802468	0.2471024	0.711061	0.288939	1.34308
918	-2359.633	-2431.954	72.32117	1.802468	0.2534207	0.539737	0.460263	1.113979
924	-2368.39	-2440.153	71.76368	1.716099	0.3063079	0.631286	0.368714	1.530122
930	-2363.447	-2434.41	70.96302	1.3087	0.1931632	0.638503	0.361497	2.535781
936	-2358.554	-2428.138	69.58431	1.125954	0.3012967	0.674195	0.325805	3.305844
942	-2359.061	-2429.53	70.46855	1.153999	0.2805485	0.492496	0.507504	2.789431
948	-2362.857	-2433.988	71.13196	1.623096	0.2819845	0.554281	0.445719	2.073015
954	-2357.192	-2428.93	71.73797	1.623096	0.1473851	0.554281	0.445719	1.929589
960	-2358.64	-2430.381	71.74147	1.88248	0.1473851	0.644919	0.355081	1.749023
966	-2354.246	-2426.358	72.11283	1.601809	0.1673079	0.590546	0.409454	1.636324
972	-2350.276	-2421.75	71.47376	1.384145	0.1873117	0.590546	0.409454	2.174938
978	-2349.038	-2419.994	70.95533	1.402465	0.2752066	0.599	0.401	2.340631
984	-2353.221	-2423.925	70.70459	1.474819	0.1641121	0.653619	0.346381	2.650373
990	-2366.434	-2437.312	70.87778	1.515502	0.1145693	0.675739	0.324261	2.630011
996	-2356.057	-2426.328	70.2701	1.530015	0.1954341	0.567699	0.432301	2.821518
1002	-2360.942	-2432.056	71.11383	1.459063	0.2716972	0.598558	0.401442	2.208324
1008	-2352.783	-2424.044	71.26142	1.498783	0.2090054	0.613902	0.386098	2.196012
1014	-2356.323	-2427.705	71.38146	1.479015	0.1742353	0.642459	0.357541	2.200109
1020	-2353.617	-2424.392	70.77502	1.340372	0.2607607	0.642459	0.357541	2.516052
1026	-2354.127	-2424.616	70.48822	1.240924	0.1648865	0.691399	0.308601	2.923203
1032	-2351.374	-2422.128	70.75397	1.323988	0.191158	0.498029	0.501971	2.659556
1038	-2358.901	-2429.489	70.58882	1.467541	0.2490263	0.553652	0.446348	2.571647
1044	-2365.095	-2435.894	70.79858	1.300575	0.1783278	0.763739	0.236261	2.671215
1050	-2360.513	-2432.043	71.52953	1.355417	0.2528633	0.644143	0.355857	2.035436
1056	-2352.22	-2423.683	71.46321	1.415688	0.2551974	0.60248	0.39752	2.035436
1062	-2354.429	-2425.222	70.79276	1.318914	0.1508676	0.669207	0.330793	2.719788
1068	-2358.645	-2429.455	70.80959	1.361824	0.1923679	0.435144	0.564856	2.599568
1074	-2357.701	-2428.206	70.50562	1.176157	0.2547842	0.535379	0.464621	2.792677
1080	-2356.802	-2426.939	70.13668	1.209667	0.2283517	0.584075	0.415925	3.037744
1086	-2365.108	-2435.274	70.16629	1.359064	0.2377447	0.584075	0.415925	2.91476
1092	-2368.243	-2438.412	70.16915	1.53265	0.3254407	0.558997	0.441003	2.677273
1098	-2355.177	-2426.633	71.45568	1.549128	0.2901907	0.484982	0.515018	1.892816
1104	-2354.303	-2426.153	71.85046	1.532183	0.1605697	0.622091	0.377909	1.88407
1110	-2361.279	-2433.258	71.97872	1.37391	0.2843107	0.66544	0.33456	1.660464
1116	-2370.385	-2442.294	71.9093	1.428365	0.2905598	0.687548	0.312452	1.660464
1122	-2366.009	-2437.394	71.38561	1.497377	0.2274198	0.66574	0.33426	2.081764
1128	-2365.145	-2436.565	71.41979	1.516422	0.2086813	0.66574	0.33426	2.081764
1134	-2369.965	-2441.397	71.43142	1.525575	0.2314262	0.627027	0.372973	2.025553
1140	-2363.55	-2434.68	71.12969	1.55843	0.283628	0.515641	0.484359	2.114373
1146	-2352.857	-2424.746	71.88986	1.725203	0.1627877	0.61437	0.38563	1.717987
1152	-2352.592	-2424.292	71.6995	1.532285	0.2758707	0.560856	0.439144	1.760371
1158	-2359.421	-2431.346	71.92555	1.467311	0.2541253	0.631826	0.368174	1.685521
1164	-2351.069	-2422.53	71.46131	1.486531	0.285934	0.631826	0.368174	1.938245
1170	-2354.284	-2425.392	71.1081	1.486531	0.2090909	0.646898	0.353102	2.302303
1176	-2364.171	-2434.387	70.2166	1.356592	0.1464019	0.465504	0.534496	3.055007
1182	-2353.877	-2424.538	70.66102	1.284476	0.1961781	0.610516	0.389484	2.731493
1188	-2352.042	-2422.277	70.2348	1.209055	0.2231248	0.625752	0.374248	2.988002
1194	-2356.362	-2425.213	68.85092	1.172008	0.2231248	0.651673	0.348327	3.821484
1200	-2365.328	-2433.893	68.56579	1.346774	0.2308059	0.541227	0.458773	3.872674
1206	-2361.931	-2432.488	70.55723	1.346774	0.2445666	0.574581	0.425419	2.673037
1212	-2355.846	-2427.064	71.21849	1.45388	0.1619476	0.579834	0.420166	2.346667
1218	-2357.086	-2428.152	71.06537	1.49144	0.1983298	0.707013	0.292987	2.346667
1224	-2353.886	-2424.979	71.09319	1.503212	0.1944953	0.63127	0.36873	2.328848
1230	-2354.464	-2425.45	70.98599	1.503212	0.231696	0.568087	0.431913	2.328848
1236	-2351.923	-2423.281	71.35877	1.409069	0.1480857	0.572117	0.427883	2.316295
1242	-2354.084	-2425.327	71.24242	1.440767	0.2667077	0.692532	0.307468	2.144814
1248	-2357.687	-2427.092	69.40589	1.085213	0.2501991	0.622574	0.377426	3.507992
1254	-2357.199	-2427.897	70.69777	1.296461	0.2190215	0.620087	0.379913	2.660558
1260	-2363.318	-2433.462	70.14371	1.333887	0.1653448	0.675078	0.324922	3.073238
1266	-2357.279	-2428.629	71.35013	1.36369	0.2213635	0.621146	0.378854	2.203134
1272	-2356.621	-2427.871	71.25033	1.292574	0.335906	0.621146	0.378854	2.131225
1278	-2353.004	-2424.614	71.61003	1.435179	0.2912976	0.712592	0.287408	1.863489
1284	-2357.49	-2428.933	71.44365	1.331761	0.2151724	0.532166	0.467834	2.174607
1290	-2355.313	-2426.526	71.21297	1.331761	0.305253	0.684969	0.315031	2.174607
1296	-2359.583	-2431.461	71.87726	1.419616	0.2421032	0.439073	0.560927	1.775233
1302	-2351.807	-2423.611	71.80475	1.501777	0.1851234	0.519396	0.480604	1.881591
1308	-2347.255	-2418.257	71.00183	1.501777	0.1816094	0.587075	0.412925	2.412935
1314	-2352.341	-2422.494	70.15358	1.229866	0.1705996	0.577687	0.422313	3.119043
1320	-2367.398	-2439.372	71.97453	1.612892	0.2444736	0.540037	0.459963	1.563213
1326	-2358.182	-2429.473	71.2905	1.427471	0.3029877	0.628514	0.371486	2.064667
1332	-2358.227	-2430.311	72.08348	1.444848	0.2413632	0.58298	0.41702	1.612382
1338	-2362.142	-2434.45	72.30742	1.67761	0.1416129	0.676124	0.323876	1.503001
1344	-2360.917	-2432.585	71.66858	1.609247	0.3701202	0.62345	0.37655	1.577459
1350	-2359.751	-2432.014	72.26389	1.605123	0.2785568	0.670915	0.329085	1.278584
1356	-2370.602	-2443.002	72.3991	1.812309	0.1536806	0.622614	0.377386	1.293384
1362	-2368.272	-2438.863	70.59055	1.134914	0.2358772	0.547246	0.452754	2.796524
1368	-2374.494	-2446.048	71.55333	1.354824	0.2358772	0.484007	0.515993	2.049881
1374	-2359.973	-2432.342	72.36965	2.097102	0.2747055	0.585078	0.414922	0.6326099
1380	-2364.681	-2436.976	72.29465	2.142509	0.2995056	0.585078	0.414922	0.5076384
1386	-2360.467	-2432.768	72.30146	2.075267	0.2548301	0.595273	0.404727	0.850923
1392	-2355.749	-2428.214	72.4655	1.913564	0.2539293	0.598945	0.401055	0.850923
1398	-2349.028	-2421.138	72.11016	1.711772	0.1892878	0.626315	0.373685	1.506146
1404	-2357.271	-2428.995	71.72422	1.354517	0.2353664	0.640195	0.359805	1.93695
1410	-2361.345	-2433.43	72.08522	1.53096	0.2570952	0.573561	0.426439	1.517544
1416	-2358.041	-2430.123	72.08162	1.521693	0.1854027	0.618147	0.381853	1.674442
1422	-2364.792	-2437.082	72.28962	1.616294	0.1476393	0.491237	0.508763	1.545846
1428	-2367.394	-2438.696	71.30254	1.616294	0.2873902	0.537594	0.462406	1.955413
1434	-2375.398	-2445.962	70.56404	1.423412	0.3210056	0.596946	0.403054	2.506394
1440	-2362.585	-2432.623	70.03788	1.299377	0.2015025	0.596946	0.403054	3.089153
1446	-2373.493	-2444.498	71.00579	1.307585	0.2055402	0.561431	0.438569	2.486637
1452	-2358.942	-2430.252	71.30984	1.25241	0.2090589	0.5425	0.4575	2.323023
1458	-2364.608	-2436.589	71.98087	1.492613	0.1839054	0.634261	0.365739	1.769232
1464	-2364.08	-2434.418	70.3376	1.43055	0.179568	0.485252	0.514748	2.870765
1470	-2355.746	-2426.806	71.05998	1.341657	0.2310444	0.632965	0.367035	2.385551
1476	-2359.042	-2429.722	70.67963	1.420695	0.1355092	0.632965	0.367035	2.760459
1482	-2354.938	-2426.334	71.39582	1.571691	0.1584898	0.565694	0.434306	2.164554
1488	-2351.255	-2423.288	72.03326	1.7095	0.2140317	0.567071	0.432929	1.510296
1494	-2351.198	-2422.94	71.74217	1.7095	0.2312547	0.649963	0.350037	1.687012
1500	-2352.308	-2424.348	72.04033	1.671774	0.1887889	0.501671	0.498329	1.588419
1506	-2367.089	-2438.993	71.90461	1.671774	0.3172233	0.550232	0.449768	1.438564
1512	-2363.181	-2434.562	71.38126	1.560006	0.3385475	0.552774	0.447226	1.861548
1518	-2356.989	-2428.905	71.91626	1.614784	0.1366826	0.560043	0.439957	1.840174
1524	-2358.595	-2430.501	71.90606	1.475534	0.1708536	0.560043	0.439957	1.861476
1530	-2353.755	-2424.204	70.44892	1.317342	0.2089751	0.478497	0.521503	2.817656
1536	-2354.751	-2425.294	70.54288	1.234513	0.2373326	0.609827	0.390173	2.762468
1542	-2364.335	-2433.343	69.00752	1.192577	0.1297276	0.61031	0.38969	3.893296
1548	-2362.663	-2431.683	69.01976	1.327521	0.1421391	0.592184	0.407816	3.782366
1554	-2358.286	-2428.34	70.05461	1.132498	0.2451839	0.659264	0.340736	3.105671
1560	-2357.84	-2427.333	69.49314	1.058208	0.2656968	0.659264	0.340736	3.449612
1566	-2352.666	-2424.147	71.4813	1.316356	0.2682252	0.518709	0.481291	2.067266
1572	-2364.654	-2436.718	72.06389	1.424154	0.2810089	0.518709	0.481291	1.568151
1578	-2364.73	-2436.253	71.52346	1.453789	0.2375949	0.54415	0.45585	2.000929
1584	-2365.28	-2436.409	71.1293	1.351166	0.1709395	0.555701	0.444299	2.449067
1590	-2367.314	-2438.383	71.06868	1.459509	0.3656009	0.507883	0.492117	2.09993
1596	-2371.207	-2443.225	72.01785	1.821655	0.1466559	0.533534	0.466466	1.597102
1602	-2367.516	-2439.225	71.70818	1.821655	0.2196602	0.533534	0.466466	1.654269
1608	-2359.355	-2430.392	71.03727	1.497411	0.178937	0.630425	0.369575	2.398667
1614	-2358.601	-2429.345	70.74401	1.221687	0.2614626	0.568043	0.431957	2.607941
1620	-2355.172	-2425.317	70.1446	1.356372	0.2522069	0.589448	0.410552	2.906368
1626	-2361.356	-2432.001	70.64528	1.356372	0.2256899	0.607699	0.392301	2.644458
1632	-2365.575	-2435.325	69.75031	1.114022	0.2640904	0.659935	0.340065	3.268118
1638	-2365.654	-2435.99	70.33568	1.264856	0.2234113	0.676057	0.323943	2.893129
1644	-2356.564	-2426.777	70.21213	1.200734	0.2058052	0.54081	0.45919	3.03637
1650	-2350.643	-2421.21	70.56641	1.245661	0.1556678	0.513985	0.486015	2.891962
1656	-2357.874	-2426.828	68.95456	1.061291	0.2050589	0.561491	0.438509	3.855375
1662	-2356.746	-2427.441	70.69498	1.094402	0.2050589	0.61934	0.38066	2.810575
1668	-2358.874	-2427.941	69.067	1.115446	0.208872	0.61934	0.38066	3.753046
1674	-2363.297	-2434.064	70.76657	1.231761	0.2435519	0.61934	0.38066	2.616532
1680	-2354.226	-2425.127	70.9007	1.197115	0.2078225	0.580892	0.419108	2.616532
1686	-2365.286	-2437.346	72.05963	1.71287	0.1144985	0.676357	0.323643	1.731559
1692	-2364.003	-2435.754	71.75104	1.362238	0.2272185	0.594098	0.405902	1.928715
1698	-2360.978	-2432.252	71.27426	1.552686	0.3632657	0.613525	0.386475	1.903967
1704	-2362.367	-2433.812	71.44498	1.553968	0.1446959	0.538949	0.461051	2.175373
1710	-2362.447	-2433.932	71.48538	1.541188	0.2976103	0.746861	0.253139	1.866059
1716	-2360.083	-2432.062	71.97859	1.589789	0.2104181	0.613768	0.386232	1.645603
1722	-2359.759	-2430.076	70.31723	1.143739	0.1899448	0.558164	0.441836	3.036126
1728	-2377.004	-2448.067	71.06292	1.461266	0.2388262	0.622475	0.377525	2.294184
1734	-2361.415	-2433.605	72.18926	2.040869	0.08252038	0.520992	0.479008	1.498943
1740	-2366.784	-2438.849	72.06515	1.814406	0.1104028	0.628592	0.371408	1.667423
1746	-2361.327	-2433.116	71.78932	1.688917	0.2703134	0.668558	0.331442	1.594558
1752	-2358.552	-2429.979	71.42657	1.256863	0.2584433	0.63071	0.36929	2.158306
1758	-2357.583	-2428	70.41783	1.319155	0.2957826	0.655197	0.344803	2.697182
1764	-2357.504	-2428.716	71.21196	1.343616	0.3622047	0.578284	0.421716	2.086526
1770	-2363.775	-2435.056	71.28076	1.49238	0.1626758	0.518248	0.481752	2.280831
1776	-2355.771	-2426.092	70.32077	1.235976	0.220803	0.588387	0.411613	2.923991
1782	-2361.793	-2433.89	72.09709	1.456112	0.2463803	0.545484	0.454516	1.584599
1788	-2353.622	-2425.455	71.8332	1.368625	0.2643919	0.658616	0.341384	1.801078
1794	-2357.667	-2429.524	71.85734	1.624764	0.1946307	0.567853	0.432147	1.740071
1800	-2364.553	-2434.153	69.60045	1.214139	0.1814334	0.645283	0.354717	3.434186
1806	-2364.869	-2435.205	70.33579	1.299796	0.2407304	0.596733	0.403267	2.843209
1812	-2357.773	-2429.085	71.31274	1.547152	0.2317069	0.6317	0.3683	2.089187
1818	-2356.741	-2428.024	71.2831	1.361193	0.1460737	0.561618	0.438382	2.399216
1824	-2358.659	-2429.697	71.03793	1.495445	0.1937237	0.561618	0.438382	2.370372
1830	-2351.573	-2423.063	71.4895	1.520609	0.1937237	0.589306	0.410694	2.062422
1836	-2349.332	-2420.482	71.14987	1.228173	0.2351925	0.580634	0.419366	2.393316
1842	-2356.187	-2427.212	71.02405	1.256222	0.2216004	0.598084	0.401916	2.478449
1848	-2364.2	-2434.816	70.61648	1.214766	0.2171421	0.598084	0.401916	2.763749
1854	-2370.366	-2440.93	70.56413	1.024586	0.2577521	0.71543	0.28457	2.844597
1860	-2359.84	-2429.162	69.32182	1.147529	0.2498385	0.545085	0.454915	3.521219
1866	-2353.697	-2424.096	70.39901	1.058759	0.2498385	0.581232	0.418768	2.936158
1872	-2360.711	-2431.095	70.38418	1.163475	0.2498385	0.581232	0.418768	2.881885
1878	-2357.466	-2427.314	69.84752	1.087468	0.2760178	0.634052	0.365948	3.208775
1884	-2360.502	-2429.977	69.47522	1.195248	0.1674775	0.652503	0.347497	3.544614
1890	-2378.096	-2449.391	71.2953	1.500635	0.410612	0.531389	0.468611	1.861509
1896	-2375.741	-2447.779	72.03788	1.498666	0.2501195	0.646789	0.353211	1.589587
1902	-2367.641	-2438.094	70.45384	1.15358	0.3429261	0.698344	0.301656	2.711891
1908	-2358.178	-2427.622	69.44394	1.190917	0.2824817	0.591699	0.408301	3.376418
1914	-2356.792	-2426.754	69.96226	1.181779	0.2291892	0.575956	0.424044	3.156995
1920	-2359.707	-2430.015	70.30813	1.019647	0.2552514	0.55351	0.44649	3.005853
1926	-2360.983	-2431.506	70.52316	1.022765	0.2202699	0.605307	0.394693	2.931426
1932	-2352.045	-2422.348	70.30282	1.211973	0.1772058	0.511897	0.488103	3.027847
1938	-2357.257	-2427.087	69.82933	1.195637	0.2820485	0.519995	0.480005	3.146649
1944	-2355.469	-2425.905	70.43614	1.182095	0.3406025	0.588872	0.411128	2.708308
1950	-2364.956	-2435.984	71.02791	1.273249	0.2968398	0.67432	0.32568	2.343595
1956	-2364.13	-2435.181	71.0509	1.40522	0.2547867	0.641216	0.358784	2.310801
1962	-2356.08	-2426.918	70.83785	1.50355	0.2941527	0.610273	0.389727	2.322006
1968	-2362.348	-2433.835	71.48641	1.404054	0.4589162	0.598152	0.401848	1.735064
1974	-2359.494	-2430.574	71.07918	1.374389	0.2245764	0.567859	0.432141	2.363991
1980	-2353.54	-2424.35	70.80994	1.395675	0.1658717	0.596033	0.403967	2.630589
1986	-2356.087	-2426.619	70.53238	1.390277	0.1658717	0.598283	0.401717	2.803984
1992	-2359.669	-2431.187	71.5183	1.551872	0.2260628	0.61689	0.38311	1.959885
1998	-2354.73	-2426.433	71.70287	1.551872	0.2260628	0.559076	0.440924	1.834561
2004	-2351.483	-2422.719	71.2356	1.482617	0.1873327	0.579498	0.420502	2.265043
2010	-2351.291	-2422.868	71.57677	1.629935	0.2788471	0.624529	0.375471	1.772778
2016	-2351.757	-2423.161	71.4045	1.390375	0.2681315	0.542849	0.457151	2.069257
2022	-2361.517	-2432.544	71.02752	1.437833	0.2623155	0.623703	0.376297	2.292587
2028	-2363.859	-2435.401	71.54168	1.402594	0.2100152	0.622087	0.377913	2.073898
2034	-2359.707	-2431.436	71.72863	1.380568	0.2100152	0.535385	0.464615	1.964287
2040	-2359.003	-2430.911	71.90815	1.475582	0.2303348	0.50061	0.49939	1.736775
2046	-2362.234	-2433.623	71.38832	1.41811	0.317445	0.626615	0.373385	1.984031
2052	-2357.295	-2429.223	71.92772	1.420153	0.2130566	0.579265	0.420735	1.795682
2058	-2363.864	-2435.49	71.62581	1.360631	0.2566411	0.520027	0.479973	1.961243
2064	-2354.64	-2426.508	71.86862	1.47045	0.1866591	0.520027	0.479973	1.856107
2070	-2352.442	-2423.742	71.29999	1.478903	0.2324566	0.521467	0.478533	2.140885
2076	-2365.098	-2437.002	71.90408	1.586978	0.1968306	0.665425	0.334575	1.729102
2082	-2372.266	-2444.04	71.77364	1.53945	0.180546	0.560964	0.439036	1.886924
2088	-2359.552	-2431.085	71.53293	1.587149	0.3297798	0.484609	0.515391	1.751077
2094	-2363.138	-2434.808	71.66962	1.587149	0.2164827	0.583696	0.416304	1.851679
2100	-2365.668	-2435.349	69.68132	1.118976	0.2458141	0.617397	0.382603	3.333669
2106	-2363.936	-2434.196	70.25953	1.356418	0.3113058	0.591112	0.408888	2.749324
2112	-2354.852	-2426.783	71.93157	1.639757	0.2289292	0.610962	0.389038	1.605672
2118	-2351.144	-2422.999	71.85521	1.463166	0.1798265	0.595049	0.404951	1.884883
2124	-2357.642	-2429.426	71.78451	1.534202	0.2425235	0.524879	0.475121	1.759224
2130	-2361.623	-2432.441	70.81796	1.368682	0.1831474	0.524879	0.475121	2.60783
2136	-2357.981	-2428.984	71.00329	1.382374	0.2789054	0.604108	0.395892	2.317113
2142	-2354.998	-2427.245	72.24708	1.77077	0.294332	0.667755	0.332245	1.11823
2148	-2362.689	-2434.917	72.2277	1.57879	0.1505071	0.667755	0.332245	1.611232
2154	-2361.857	-2434.052	72.1947	1.55067	0.1968633	0.670412	0.329588	1.545896
2160	-2354.456	-2426.23	71.77477	1.57239	0.1951338	0.609883	0.390117	1.832712
2166	-2363.691	-2435.604	71.91308	1.851639	0.1351269	0.70408	0.29592	1.680952
2172	-2360.842	-2432.506	71.66398	1.62896	0.09400392	0.602018	0.397982	2.113836
2178	-2355.455	-2426.526	71.07092	1.68308	0.1280078	0.602018	0.397982	2.371789
2184	-2358.689	-2429.512	70.82302	1.375671	0.3272641	0.597874	0.402126	2.364752
2190	-2349.261	-2419.337	70.07669	1.401945	0.1825799	0.607366	0.392634	3.039277
2196	-2357.88	-2429.469	71.58895	1.320209	0.2793379	0.657424	0.342576	1.974952
2202	-2358.059	-2429.161	71.10205	1.655169	0.3462045	0.509916	0.490084	1.974952
2208	-2358.529	-2429.763	71.23364	1.535683	0.2791424	0.491555	0.508445	2.068167
2214	-2369.729	-2441.794	72.0657	1.485993	0.2125499	0.498956	0.501044	1.653151
2220	-2360.158	-2431.59	71.43219	1.51147	0.2206066	0.535982	0.464018	2.054305
2226	-2355.771	-2425.221	69.44926	1.094193	0.2206066	0.604215	0.395785	3.524279
2232	-2362.801	-2432.838	70.03698	1.12277	0.2783907	0.628032	0.371968	3.071646
2238	-2368.691	-2438.839	70.14747	1.291125	0.1661303	0.628032	0.371968	3.094955
2244	-2359.651	-2431.2	71.54915	1.629117	0.1120551	0.534182	0.465818	2.139322
2250	-2370.197	-2441.019	70.82156	1.445444	0.2552215	0.568684	0.431316	2.429933
2256	-2367.383	-2438.334	70.95082	1.330483	0.2087075	0.589808	0.410192	2.500899
2262	-2355.303	-2426.475	71.17176	1.518885	0.2605689	0.649736	0.350264	2.150073
2268	-2353.912	-2423.575	69.66326	1.334267	0.3421306	0.649243	0.350757	3.081585
2274	-2352.404	-2422.32	69.91653	1.45186	0.2421056	0.649243	0.350757	3.002171
2280	-2353.381	-2423.744	70.36342	1.355737	0.2136752	0.663701	0.336299	2.838011
2286	-2356.083	-2426.578	70.49508	1.288499	0.2765646	0.663701	0.336299	2.696916
2292	-2358.334	-2430.208	71.8742	1.594213	0.1668714	0.586548	0.413452	1.810819
2298	-2359.663	-2431.313	71.65001	1.594213	0.1109436	0.578374	0.421626	2.099103
2304	-2362.591	-2434.731	72.13953	1.529043	0.2289485	0.719409	0.280591	1.534277
2310	-2361.276	-2432.393	71.11758	1.267326	0.3127959	0.693094	0.306906	2.266619
2316	-2354.161	-2425.867	71.70671	1.435377	0.17612	0.540819	0.459181	2.011436
2322	-2360.469	-2431.195	70.72677	1.380233	0.17612	0.609802	0.390198	2.67073
2328	-2356.016	-2426.544	70.52764	1.107391	0.17612	0.592661	0.407339	2.957757
2334	-2364.541	-2434.553	70.01237	1.151384	0.4076928	0.533804	0.466196	2.902454
2340	-2351.193	-2422.097	70.9038	1.401917	0.2599858	0.625988	0.374012	2.397809
2346	-2354.723	-2425.158	70.43571	1.254084	0.2000989	0.748765	0.251235	2.879908
2352	-2350.841	-2421.199	70.35856	1.243036	0.2309191	0.587124	0.412876	2.879908
2358	-2349.268	-2419.367	70.09865	1.287127	0.3181244	0.595252	0.404748	2.879908
2364	-2350.97	-2421.752	70.7813	1.248555	0.2932066	0.652889	0.347111	2.519763
2370	-2355.201	-2426.463	71.26173	1.19849	0.1802376	0.652889	0.347111	2.442985
2376	-2361.845	-2431.793	69.9488	1.074961	0.3534491	0.57709	0.42291	3.051603
2382	-2355.467	-2426.598	71.13094	1.365915	0.280087	0.57709	0.42291	2.244063
2388	-2352.386	-2423.332	70.94565	1.433954	0.2514096	0.614085	0.385915	2.365039
2394	-2348.569	-2417.578	69.00965	1.299901	0.174845	0.570295	0.429705	3.739857
2400	-2348.074	-2419.352	71.2778	1.299901	0.2028869	0.618686	0.381314	2.324727
2406	-2355.077	-2425.774	70.69728	1.375516	0.2028869	0.727528	0.272472	2.640951
2412	-2366.95	-2437.147	70.19668	1.128664	0.2562424	0.648364	0.351636	3.005783
2418	-2360.34	-2429.974	69.63448	1.20441	0.4937751	0.547709	0.452291	3.005783
2424	-2362.343	-2432.217	69.87407	1.303233	0.3289899	0.624746	0.375254	2.991022
2430	-2363.406	-2434.234	70.82707	1.635103	0.1442419	0.568378	0.431622	2.517628
2436	-2363.321	-2434.751	71.42967	1.466622	0.1278598	0.693972	0.306028	2.281528
2442	-2364.59	-2435.651	71.06049	1.573896	0.2066054	0.512586	0.487414	2.281528
2448	-2357.367	-2428.313	70.94546	1.42597	0.2147438	0.672137	0.327863	2.433436
2454	-2359.738	-2431.4	71.66285	1.42597	0.2359037	0.562048	0.437952	1.929168
2460	-2363.519	-2435.446	71.92684	1.733504	0.1221548	0.562048	0.437952	1.78881
2466	-2368.736	-2440.572	71.83587	1.719981	0.1909502	0.596985	0.403015	1.69598
2472	-2366.494	-2437.213	70.71825	1.458562	0.4900009	0.497739	0.502261	2.179188
2478	-2361.087	-2431.35	70.26328	1.359495	0.2849625	0.497739	0.502261	2.782785
2484	-2360.863	-2431.586	70.72269	1.275385	0.304787	0.668546	0.331454	2.52272
2490	-2356.767	-2427.616	70.84842	1.311714	0.239549	0.589382	0.410618	2.52272
2496	-2371.476	-2442.554	71.07836	1.394433	0.2481131	0.589382	0.410618	2.311249
2502	-2371.493	-2443.155	71.66184	1.492095	0.249173	0.544701	0.455299	1.860936
2508	-2363.689	-2435.352	71.66229	1.820967	0.2453046	0.68077	0.31923	1.637373
2514	-2358.449	-2430.235	71.78649	1.717239	0.266636	0.609976	0.390024	1.582665
2520	-2355.261	-2427.027	71.76659	1.712035	0.266636	0.700467	0.299533	1.600965
2526	-2372.193	-2444.427	72.23355	1.714544	0.2729729	0.414257	0.585743	1.224156
2532	-2357.503	-2429.811	72.30819	1.714544	0.1450395	0.612299	0.387701	1.465292
2538	-2359.695	-2431.443	71.74765	1.699148	0.1198235	0.503409	0.496591	1.940942
2544	-2362.184	-2433.721	71.53645	1.499313	0.2667581	0.424658	0.575342	1.910661
2550	-2362.489	-2433.694	71.20439	1.530411	0.09382789	0.724542	0.275458	2.471433
2556	-2358.166	-2429.808	71.64197	1.980486	0.09509647	0.544164	0.455836	1.891006
2562	-2359.13	-2429.6	70.47043	1.276677	0.3441284	0.527483	0.472517	2.624361
2568	-2364.332	-2435.498	71.16585	1.527463	0.2247868	0.616777	0.383223	2.210191
2574	-2370.771	-2442.022	71.25037	2.1737	0.1068954	0.622681	0.377319	1.991039
2580	-2361.272	-2432.691	71.4193	1.911641	0.1139839	0.595999	0.404001	2.033814
2586	-2363.16	-2434.258	71.09887	1.665737	0.1698527	0.511337	0.488663	2.271042
2592	-2350.756	-2422.368	71.61196	1.58731	0.2502033	0.581608	0.418392	1.827987
2598	-2357.963	-2429.467	71.50424	1.614522	0.2152538	0.558647	0.441353	1.947719
2604	-2356.208	-2427.454	71.24651	1.269724	0.2556199	0.627738	0.372262	2.270973
2610	-2355.685	-2426.659	70.97369	1.403152	0.263146	0.627515	0.372485	2.347662
2616	-2360.933	-2431.063	70.12998	1.179987	0.1679425	0.655633	0.344367	3.167919
2622	-2357.622	-2427.559	69.93682	1.173471	0.2348007	0.655633	0.344367	3.167919
2628	-2356.78	-2426.983	70.20301	1.14412	0.1999496	0.668754	0.331246	3.086023
2634	-2355.508	-2425.387	69.87917	1.37454	0.221174	0.630758	0.369242	3.105027
2640	-2348.772	-2420.025	71.25388	1.360228	0.1826852	0.54281	0.45719	2.340814
2646	-2348.956	-2419.798	70.84109	1.409857	0.1895547	0.649652	0.350348	2.555587
2652	-2349.955	-2420.702	70.74624	1.298279	0.1954587	0.645546	0.354454	2.672073
2658	-2350.968	-2421.69	70.7217	1.322818	0.1954587	0.604611	0.395389	2.672073
2664	-2348.349	-2418.806	70.45639	1.324341	0.2945595	0.568512	0.431488	2.672073
2670	-2351.153	-2422.336	71.18343	1.30974	0.1314533	0.626259	0.373741	2.527497
2676	-2355.016	-2426.792	71.77556	1.488888	0.1753659	0.626259	0.373741	1.931088
2682	-2359.119	-2430.523	71.40481	1.42854	0.1753659	0.633957	0.366043	2.215287
2688	-2359.139	-2430.574	71.43431	1.400305	0.2118014	0.553492	0.446508	2.14239
2694	-2365.624	-2435.914	70.28927	1.546275	0.1916495	0.550119	0.449881	2.806987
2700	-2360.908	-2431.252	70.34469	1.352955	0.1916495	0.654173	0.345827	2.890613
2706	-2368.073	-2438.671	70.59855	1.224886	0.1836777	0.735327	0.264673	2.829366
2712	-2368.048	-2438.573	70.52532	1.480881	0.365299	0.750445	0.249555	2.435325
2718	-2361.208	-2432.177	70.96868	1.593663	0.149071	0.498498	0.501502	2.444181
2724	-2352.207	-2423.892	71.68511	1.593663	0.1878824	0.519869	0.480131	1.894629
2730	-2355.506	-2426.619	71.11354	1.667323	0.2023059	0.660318	0.339682	2.195387
2736	-2349.991	-2421.083	71.09212	1.509254	0.2023059	0.622845	0.377155	2.310732
2742	-2352.429	-2424.598	72.16936	1.572757	0.1736939	0.632878	0.367122	1.60133
2748	-2349.413	-2421.39	71.97696	1.491562	0.2165637	0.520683	0.479317	1.704185
2754	-2358.485	-2429.182	70.69701	1.523082	0.2301147	0.711268	0.288732	2.501286
2760	-2367.425	-2437.853	70.42744	1.553764	0.2159481	0.604913	0.395087	2.673955
2766	-2363.016	-2434.342	71.32622	1.513137	0.1920006	0.720827	0.279173	2.177598
2772	-2352.939	-2424.33	71.39135	1.574446	0.133052	0.654771	0.345229	2.224307
2778	-2355.592	-2427.006	71.41391	1.398113	0.1776568	0.453924	0.546076	2.224307
2784	-2352.531	-2423.611	71.08023	1.336816	0.1976719	0.699219	0.300781	2.436275
2790	-2357.269	-2427.98	70.71081	1.299407	0.1810371	0.702456	0.297544	2.720522
2796	-2356.723	-2427.985	71.26221	1.46691	0.1810371	0.54455	0.45545	2.270703
2802	-2360.88	-2432.493	71.61299	1.733753	0.2085128	0.55131	0.44869	1.805576
2808	-2366.619	-2437.876	71.25777	1.556992	0.2119213	0.584189	0.415811	2.155099
2814	-2368.12	-2438.424	70.30374	1.316471	0.1360146	0.522481	0.477519	3.049353
2820	-2360.363	-2430.196	69.83281	1.405204	0.1732836	0.4997	0.5003	3.200243
2826	-2357.009	-2428.226	71.21689	1.534958	0.1788602	0.737791	0.262209	2.260557
2832	-2358.699	-2429.763	71.06437	1.316234	0.2628468	0.591805	0.408195	2.345755
2838	-2361.638	-2432.544	70.9062	1.380924	0.2628468	0.591805	0.408195	2.404958
2844	-2352.186	-2423.149	70.96367	1.188738	0.2913976	0.632433	0.367567	2.445718
2850	-2355.115	-2425.848	70.73222	1.329315	0.1347204	0.53822	0.46178	2.785901
2856	-2362.924	-2432.538	69.61407	1.334507	0.2459114	0.501365	0.498635	3.24609
2862	-2360.317	-2430.951	70.63453	1.225324	0.2114555	0.667257	0.332743	2.756241
2868	-2360.345	-2431.749	71.40322	1.320111	0.1728109	0.644519	0.355481	2.291296
2874	-2355.535	-2426.194	70.65848	1.393985	0.1696459	0.567545	0.432455	2.717121
2880	-2354.392	-2424.521	70.12907	1.127398	0.281258	0.551311	0.448689	3.009592
2886	-2353.804	-2423.881	70.07694	1.277244	0.281258	0.507989	0.492011	2.950884
2892	-2357.676	-2427.336	69.65987	1.277244	0.3116554	0.661042	0.338958	3.157569
2898	-2356.165	-2424.341	68.17564	1.089224	0.2750236	0.576484	0.423516	4.1769
2904	-2359.285	-2429.03	69.74482	1.331758	0.2750236	0.601752	0.398248	3.126157
2910	-2357.672	-2427.961	70.28864	1.280467	0.2236376	0.601752	0.398248	2.911731
2916	-2362.347	-2431.596	69.24921	1.144297	0.2459769	0.574964	0.425036	3.57127
2922	-2349.732	-2419.874	70.14196	1.113598	0.2459769	0.676929	0.323071	3.063576
2928	-2356.261	-2426.123	69.86204	1.045618	0.1872767	0.717079	0.282921	3.368911
2934	-2359.979	-2429.654	69.67511	1.071642	0.2433893	0.576612	0.423388	3.368911
2940	-2365.631	-2435.84	70.20923	1.451577	0.248422	0.608336	0.391664	2.815514
2946	-2370.484	-2440.871	70.38753	1.564659	0.1516203	0.747346	0.252654	2.815514
2952	-2367.224	-2437.726	70.50284	1.32643	0.2252013	0.549191	0.450809	2.751095
2958	-2365.909	-2437.177	71.26785	1.505267	0.1516595	0.53569	0.46431	2.304934
2964	-2374.708	-2445.198	70.48966	1.90612	0.1987918	0.592008	0.407992	2.44753
2970	-2373.521	-2443.015	69.49384	1.091685	0.1845237	0.541942	0.458058	3.562155
2976	-2366.486	-2436	69.51378	1.263867	0.202276	0.617684	0.382316	3.418454
2982	-2362.607	-2432.906	70.29963	1.161036	0.236192	0.569328	0.430672	2.956272
2988	-2357.144	-2428.198	71.05451	1.202883	0.1974421	0.5583	0.4417	2.536628
2994	-2355.935	-2427.566	71.63052	1.43199	0.2159243	0.51604	0.48396	1.984153
3000	-2363.362	-2434.365	71.00286	1.469454	0.1149683	0.51604	0.48396	2.58012
3006	-2358.832	-2429.629	70.79671	1.302305	0.2006783	0.563382	0.436618	2.628822
3012	-2369.416	-2440.672	71.25642	1.351204	0.1895594	0.455494	0.544506	2.33132
3018	-2352.344	-2422.764	70.41974	1.384895	0.1616524	0.674842	0.325158	2.884144
3024	-2365.793	-2434.708	68.91539	1.337436	0.148102	0.534038	0.465962	3.824502
3030	-2359.485	-2429.552	70.06667	1.252136	0.2054096	0.656637	0.343363	3.09326
3036	-2362.225	-2431.945	69.72041	1.257475	0.1556115	0.605437	0.394563	3.38836
3042	-2352.629	-2422.157	69.52812	1.207238	0.2352868	0.605437	0.394563	3.38836
3048	-2356.951	-2427.153	70.20209	1.217751	0.2067552	0.495471	0.504529	3.030522
3054	-2352.064	-2422.207	70.14341	1.217751	0.2678383	0.571648	0.428352	2.966591
3060	-2362.473	-2432.695	70.22124	1.415447	0.1710753	0.572028	0.427972	2.966591
3066	-2372.407	-2442.987	70.57991	1.229328	0.1539016	0.673511	0.326489	2.897354
3072	-2365.108	-2436.272	71.16387	1.324599	0.2107493	0.499471	0.500529	2.36679
3078	-2357.574	-2427.541	69.96707	1.212515	0.2414586	0.531355	0.468645	3.116053
3084	-2352.478	-2422.436	69.95767	1.158513	0.2659309	0.559378	0.440622	3.116053
3090	-2361.213	-2431.676	70.46314	1.236095	0.2068626	0.546801	0.453199	2.862073
3096	-2351.93	-2422.859	70.92881	1.334286	0.237838	0.641286	0.358714	2.461197
3102	-2351.509	-2422.003	70.49398	1.222204	0.237838	0.641286	0.358714	2.798949
3108	-2357.597	-2427.989	70.39123	1.237406	0.271708	0.616107	0.383893	2.798949
3114	-2361.638	-2432.009	70.37088	1.265316	0.2686687	0.483108	0.516892	2.798949
3120	-2357.35	-2426.489	69.13927	1.157402	0.2778499	0.671216	0.328784	3.580489
3126	-2361.417	-2431.161	69.74323	1.126618	0.2778499	0.538575	0.461425	3.244657
3132	-2356.055	-2426.127	70.0714	1.091068	0.2913126	0.591923	0.408077	3.051424
3138	-2360.385	-2431.256	70.87099	1.24631	0.2006604	0.597371	0.402629	2.617558
3144	-2365.719	-2435.471	69.75228	0.9674516	0.2468782	0.507884	0.492116	3.37935
3150	-2357.977	-2430.118	72.14131	1.557692	0.2749696	0.594734	0.405266	1.420674
3156	-2346.551	-2418.112	71.56101	1.557692	0.174516	0.599531	0.400469	2.030411
3162	-2361.45	-2432.847	71.39688	1.53415	0.1714472	0.575167	0.424833	2.160209
3168	-2356.106	-2427.179	71.0733	1.634382	0.1656076	0.575167	0.424833	2.316402
3174	-2365.011	-2436.427	71.41629	1.492577	0.2610128	0.551962	0.448038	2.005628
3180	-2355.035	-2425.348	70.31348	1.300015	0.1967332	0.569216	0.430784	2.932085
3186	-2349.334	-2419.868	70.53408	1.300015	0.2057249	0.566829	0.433171	2.782152
3192	-2355.07	-2425.397	70.32745	1.180113	0.3726976	0.64851	0.35149	2.735174
3198	-2356.268	-2427.241	70.97312	1.338275	0.2105263	0.599278	0.400722	2.478765
3204	-2361.588	-2432.492	70.90436	1.34781	0.2315423	0.440159	0.559841	2.478765
3210	-2363.682	-2434.075	70.39344	1.10426	0.2588482	0.66075	0.33925	2.898005
3216	-2363.534	-2434.391	70.85697	1.149086	0.3350105	0.609748	0.390252	2.47549
3222	-2363.727	-2434.53	70.80241	1.108448	0.241695	0.51752	0.48248	2.673516
3228	-2361.193	-2432.5	71.30685	1.088271	0.2163602	0.613465	0.386535	2.415606
3234	-2360.412	-2430.302	69.88992	1.029047	0.3155083	0.573136	0.426864	3.163163
3240	-2358.908	-2429.207	70.29893	1.150701	0.2169456	0.569239	0.430761	2.995018
3246	-2361.062	-2432.798	71.73632	1.367475	0.2314995	0.569239	0.430761	1.927152
3252	-2363.392	-2434.989	71.59774	1.58449	0.235334	0.569239	0.430761	1.866799
3258	-2365.984	-2437.02	71.03554	1.409727	0.3137948	0.569239	0.430761	2.226343
3264	-2366.204	-2436.745	70.54168	1.346144	0.2756907	0.613212	0.386788	2.634078
3270	-2360.606	-2432.241	71.63491	1.40012	0.2705242	0.631466	0.368534	1.904781
3276	-2364.171	-2436.443	72.27183	1.573738	0.2234189	0.631466	0.368534	1.411901
3282	-2373.205	-2444.779	71.5744	1.584248	0.2786535	0.527649	0.472351	1.806451
3288	-2367.22	-2438.846	71.62552	1.590982	0.1510251	0.527649	0.472351	2.017834
3294	-2359.601	-2430.25	70.64891	1.368502	0.1842441	0.601829	0.398171	2.709927
3300	-2352.24	-2421.853	69.61292	1.368502	0.1842441	0.491163	0.508837	3.331112
3306	-2351.815	-2421.588	69.77332	1.203275	0.1565986	0.582703	0.417297	3.387125
3312	-2353.306	-2424.067	70.76087	1.451921	0.228725	0.552497	0.447503	2.508239
3318	-2357.887	-2428.407	70.51994	1.279583	0.1836017	0.629613	0.370387	2.844028
3324	-2371.004	-2441.404	70.39978	1.150808	0.3131022	0.488639	0.511361	2.786721
3330	-2364.103	-2434.087	69.98328	1.295926	0.1915442	0.612938	0.387062	3.141631
3336	-2357.788	-2427.66	69.87233	1.162974	0.1915442	0.622249	0.377751	3.286056
3342	-2363.139	-2433.091	69.95147	1.123201	0.2205905	0.672181	0.327819	3.212359
3348	-2357.396	-2426.852	69.45634	1.139326	0.2646337	0.576172	0.423828	3.42525
3354	-2357.878	-2427.237	69.35866	1.170879	0.1549099	0.712239	0.287761	3.651078
3360	-2360.13	-2429.189	69.05847	1.148743	0.2992014	0.429778	0.570222	3.60282
3366	-2356.214	-2425.442	69.22827	1.269943	0.2992014	0.603444	0.396556	3.43321
3372	-2357.254	-2428.836	71.58176	1.517786	0.105649	0.54092	0.45908	2.207473
3378	-2355.182	-2426.056	70.87337	1.517786	0.1368591	0.543613	0.456387	2.578458
3384	-2347.201	-2418.068	70.86667	1.32942	0.1723125	0.577467	0.422533	2.623405
3390	-2351.24	-2422.45	71.21066	1.516471	0.2100607	0.531333	0.468667	2.215412
3396	-2355.812	-2426.92	71.10887	1.390056	0.2978415	0.586307	0.413693	2.215412
3402	-2356.42	-2427.62	71.20034	1.379707	0.2526367	0.586307	0.413693	2.234927
3408	-2364.562	-2435.881	71.3189	1.469881	0.1976687	0.613983	0.386017	2.199233
3414	-2359.945	-2431.175	71.23029	1.539714	0.2554951	0.547241	0.452759	2.106711
3420	-2363.141	-2433.075	69.93319	1.405867	0.2417157	0.680479	0.319521	3.02038
3426	-2358.15	-2429.203	71.05266	1.265467	0.1748251	0.589871	0.410129	2.54269
3432	-2354.885	-2425.306	70.42165	1.307205	0.1632845	0.478807	0.521193	2.926602
3438	-2358.308	-2428.397	70.08888	1.400472	0.1884583	0.490035	0.509965	3.021876
3444	-2352.036	-2422.263	70.22645	1.267068	0.1545711	0.560151	0.439849	3.085521
3450	-2363.594	-2434.726	71.13282	1.312685	0.1521502	0.584754	0.415246	2.510625
3456	-2360.2	-2431.171	70.97098	1.532666	0.1534161	0.596699	0.403301	2.471507
3462	-2357.487	-2428.766	71.27968	1.437838	0.1921609	0.656891	0.343109	2.255946
3468	-2356.649	-2428.225	71.57577	1.778096	0.1375515	0.601626	0.398374	1.958267
3474	-2354.487	-2426.129	71.64196	1.524059	0.1939131	0.711977	0.288023	1.958267
3480	-2352.036	-2422.578	70.542	1.348686	0.2353041	0.60123	0.39877	2.696477
3486	-2359.968	-2429.902	69.93383	1.289018	0.2353041	0.551675	0.448325	3.100148
3492	-2356.342	-2426.725	70.38366	1.299945	0.2087624	0.551675	0.448325	2.868182
3498	-2355.625	-2426.453	70.82813	1.474311	0.201891	0.665422	0.334578	2.500224
3504	-2358.72	-2430.594	71.87437	1.452057	0.201891	0.573147	0.426853	1.833024
3510	-2355.671	-2427.28	71.60855	1.45282	0.201891	0.573147	0.426853	2.012178
3516	-2348.608	-2420.719	72.11069	1.714214	0.2665711	0.567846	0.432154	1.338301
3522	-2354.079	-2426.268	72.18969	1.696855	0.3374162	0.560568	0.439432	1.148762
3528	-2353.866	-2426.327	72.46172	1.913446	0.2329935	0.560568	0.439432	0.9193756
3534	-2359.142	-2431.448	72.30609	1.84435	0.1539815	0.654998	0.345002	1.341673
3540	-2357.217	-2427.591	70.37422	1.305636	0.2197392	0.596958	0.403042	2.851361
3546	-2366.546	-2437.453	70.90677	1.343228	0.205175	0.637277	0.362723	2.526892
3552	-2359.404	-2429.356	69.95209	1.292159	0.2100785	0.424628	0.575372	3.129551
3558	-2357.658	-2429.011	71.35314	1.183438	0.2421864	0.575119	0.424881	2.280503
3564	-2356.621	-2427.316	70.69515	1.222919	0.2215938	0.584098	0.415902	2.702909
3570	-2365.692	-2435.187	69.49491	1.340512	0.1504888	0.706535	0.293465	3.482121
3576	-2363.856	-2432.326	68.46997	1.157531	0.1698312	0.573013	0.426987	4.139842
3582	-2361.366	-2433.677	72.3112	1.786372	0.2143402	0.570523	0.429477	1.229661
3588	-2355.784	-2427.494	71.70956	1.388646	0.2626347	0.578659	0.421341	1.875304
3594	-2358.628	-2430.289	71.66053	1.467724	0.2626347	0.693137	0.306863	1.854774
3600	-2365.142	-2436.538	71.39603	1.590299	0.2891127	0.615747	0.384253	1.907096
3606	-2353.668	-2425.516	71.84748	1.524019	0.1539126	0.57548	0.42452	1.907096
3612	-2349.063	-2421.242	72.17875	1.524019	0.2244158	0.614073	0.385927	1.518203
3618	-2352.687	-2424.226	71.5391	1.459988	0.2583121	0.614073	0.385927	1.949866
3624	-2356.084	-2427.151	71.06691	1.318623	0.2059263	0.638861	0.361139	2.440661
3630	-2369.172	-2439.655	70.48329	1.207057	0.2948001	0.478074	0.521926	2.727188
3636	-2357.62	-2428.825	71.20537	1.358489	0.2030421	0.554732	0.445268	2.333247
3642	-2356.411	-2427.78	71.36902	1.502476	0.113717	0.554732	0.445268	2.33261
3648	-2367.393	-2438.757	71.36411	1.294851	0.2604162	0.602517	0.397483	2.170942
3654	-2357.902	-2429.23	71.32877	1.343024	0.1387756	0.522268	0.477732	2.398443
3660	-2361.029	-2432.647	71.61865	1.553802	0.341729	0.545524	0.454476	1.695956
3666	-2350.525	-2421.025	70.50032	1.284647	0.341729	0.604401	0.395599	2.604121
3672	-2350.61	-2421.515	70.9044	1.509795	0.2655265	0.604401	0.395599	2.320068
3678	-2357.013	-2427.856	70.84303	1.346261	0.219475	0.604401	0.395599	2.539007
3684	-2363.971	-2435.123	71.15214	1.310425	0.248192	0.611886	0.388114	2.317644
3690	-2355.959	-2427.638	71.67921	1.607006	0.1476976	0.675485	0.324515	1.979138
3696	-2361.685	-2433.911	72.22593	1.618982	0.1460597	0.662339	0.337661	1.594707
3702	-2355.448	-2426.852	71.40382	1.383856	0.2594316	0.662339	0.337661	2.088473
3708	-2360.706	-2431.983	71.27707	1.23232	0.3509474	0.662339	0.337661	2.132151
3714	-2356.478	-2427.948	71.47047	1.343147	0.2920708	0.593835	0.406165	2.018265
3720	-2358.475	-2428.606	70.13088	1.311618	0.2163064	0.631968	0.368032	3.000388
3726	-2368.749	-2438.371	69.62225	1.278969	0.2073453	0.51299	0.48701	3.337167
3732	-2366.955	-2438.119	71.16406	1.49483	0.1955419	0.530612	0.469388	2.28694
3738	-2357.409	-2428.349	70.93967	1.261695	0.2221998	0.581045	0.418955	2.5267
3744	-2362.253	-2433.43	71.17628	1.456035	0.2234669	0.581045	0.418955	2.251873
3750	-2357.197	-2428.385	71.18789	1.384664	0.1766061	0.624857	0.375143	2.379434
3756	-2359.973	-2431.024	71.05057	1.600154	0.1392911	0.47756	0.52244	2.410562
3762	-2358.69	-2430.27	71.58022	1.67818	0.1769661	0.604281	0.395719	1.931699
3768	-2366.713	-2438.857	72.14338	1.532372	0.2126291	0.644595	0.355405	1.562956
3774	-2353.169	-2424.188	71.01846	1.73619	0.1212321	0.686443	0.313557	2.387879
3780	-2361.127	-2431.712	70.58511	1.740248	0.1184827	0.70377	0.29623	2.662305
3786	-2353.599	-2425.036	71.43738	1.727244	0.1597877	0.602786	0.397214	2.032265
3792	-2353.101	-2425.136	72.03501	1.835513	0.1733914	0.603425	0.396575	1.507384
3798	-2354.962	-2426.429	71.46676	1.640339	0.2555656	0.73429	0.26571	1.88156
3804	-2355.84	-2427.007	71.16704	1.421898	0.1984799	0.640435	0.359565	2.32594
3810	-2348.409	-2419.96	71.55144	1.388261	0.1739112	0.584103	0.415897	2.149354
3816	-2353.443	-2423.931	70.48779	1.289878	0.2182295	0.584103	0.415897	2.79453
3822	-2358.917	-2428.628	69.71078	1.289878	0.2395986	0.584103	0.415897	3.225224
3828	-2355.014	-2425.908	70.89432	1.4717	0.219424	0.613242	0.386758	2.428457
3834	-2350.821	-2422.344	71.52307	1.514264	0.1857234	0.607224	0.392776	2.060719
3840	-2351.311	-2422.522	71.21094	1.442763	0.2312266	0.621695	0.378305	2.224263
3846	-2351.066	-2422.91	71.84485	1.381614	0.309747	0.657145	0.342855	1.707758
3852	-2365.495	-2437.643	72.14802	1.762752	0.2352696	0.702264	0.297736	1.334952
3858	-2357.399	-2429.033	71.63436	1.762752	0.1945627	0.650102	0.349898	1.799447
3864	-2356.352	-2427.31	70.95778	1.397012	0.2528488	0.475763	0.524237	2.378386
3870	-2352.569	-2424.203	71.63443	1.397012	0.216015	0.581218	0.418782	2.004714
3876	-2363.167	-2433.158	69.99159	1.245586	0.1824783	0.510734	0.489266	3.183321
3882	-2360.951	-2430.856	69.90426	1.332065	0.182749	0.687378	0.312622	3.183321
3888	-2357.445	-2428.415	70.96971	1.38608	0.2178224	0.61421	0.38579	2.437749
3894	-2364.526	-2434.773	70.24683	1.412872	0.2835582	0.614978	0.385022	2.762321
3900	-2358.125	-2428.441	70.31525	1.286173	0.3083483	0.630596	0.369404	2.762321
3906	-2352.27	-2421.958	69.68871	1.298788	0.2394674	0.598782	0.401218	3.233216
3912	-2362.834	-2432.627	69.79308	1.238894	0.2411924	0.598782	0.401218	3.204158
3918	-2355.397	-2425.844	70.44652	1.293686	0.3035321	0.580221	0.419779	2.684111
3924	-2353.473	-2424.116	70.64336	1.268911	0.1485507	0.499734	0.500266	2.846281
3930	-2352.81	-2423.165	70.35489	1.097282	0.2243075	0.586158	0.413842	2.98102
3936	-2358.069	-2428.107	70.03791	1.071475	0.3354273	0.625592	0.374408	3.02333
3942	-2355.762	-2426.597	70.83465	1.0761	0.2527178	0.578913	0.421087	2.655726
3948	-2359.441	-2430.102	70.66088	1.249866	0.2527178	0.579265	0.420735	2.655726
3954	-2363.889	-2434.938	71.04868	1.419371	0.3094477	0.474714	0.525286	2.218024
3960	-2354.636	-2426.348	71.71231	1.435075	0.2356637	0.578461	0.421539	1.889939
3966	-2359.9	-2430.467	70.56636	1.20444	0.2298606	0.650191	0.349809	2.778909
3972	-2363.102	-2435.173	72.07108	1.488658	0.2003676	0.65587	0.34413	1.67295
3978	-2361.956	-2432.303	70.34732	1.42154	0.1601911	0.477282	0.522718	2.908746
3984	-2352.753	-2424.19	71.43623	1.433394	0.2202164	0.633393	0.366607	2.103773
3990	-2352.811	-2423.027	70.21519	1.242526	0.2202164	0.4935	0.5065	2.984594
3996	-2353.726	-2424.386	70.65935	1.278604	0.2274093	0.586046	0.413954	2.680731
4002	-2362.723	-2433.643	70.91981	1.34577	0.1536791	0.5318	0.4682	2.619082
4008	-2356.085	-2426.572	70.48679	1.319361	0.2046264	0.596454	0.403546	2.801143
4014	-2368.861	-2437.86	68.99954	0.8640332	0.1886708	0.50159	0.49841	3.971012
4020	-2360.356	-2430.785	70.42886	1.165793	0.1886708	0.578173	0.421827	2.958258
4026	-2358.471	-2429.051	70.58046	1.198051	0.2009628	0.46174	0.53826	2.824558
4032	-2355.552	-2426.897	71.34457	1.388788	0.2455621	0.584005	0.415995	2.147608
4038	-2361.642	-2432.725	71.08292	1.376021	0.260846	0.550117	0.449883	2.299077
4044	-2356.525	-2427.656	71.13044	1.401042	0.2333024	0.650602	0.349398	2.299077
4050	-2359.493	-2430.529	71.03592	1.380177	0.4199657	0.571221	0.428779	2.103821
4056	-2360.019	-2431.556	71.53713	1.38508	0.3622974	0.624493	0.375507	1.840338
4062	-2364.674	-2435.684	71.00993	1.336969	0.2245214	0.56131	0.43869	2.431477
4068	-2358.068	-2428.928	70.86016	1.336969	0.2821912	0.670742	0.329258	2.431477
4074	-2356.115	-2427.231	71.11626	1.474435	0.375069	0.547188	0.452812	2.046081
4080	-2356.319	-2428.104	71.78519	1.538037	0.3800495	0.547188	0.452812	1.529253
4086	-2359.33	-2431.356	72.02687	1.604506	0.2452296	0.507552	0.492448	1.529253
4092	-2360.272	-2432.415	72.14207	1.521698	0.2693389	0.633949	0.366051	1.458367
4098	-2367.093	-2438.575	71.48166	1.566392	0.2669089	0.488493	0.511507	1.902077
4104	-2358.197	-2430.052	71.85484	1.50904	0.1582903	0.575704	0.424296	1.902077
4110	-2360.611	-2432.375	71.76387	1.565832	0.284968	0.462776	0.537224	1.675704
4116	-2354.855	-2426.174	71.31894	1.341886	0.3444944	0.531946	0.468054	2.041545
4122	-2348.635	-2419.354	70.71815	1.301806	0.1497728	0.583219	0.416781	2.778183
4128	-2354.658	-2425.206	70.5479	1.280992	0.2260968	0.478044	0.521956	2.749799
4134	-2353.059	-2423.705	70.64531	1.308065	0.1838937	0.607879	0.392121	2.749799
4140	-2356.964	-2428.055	71.09124	1.358468	0.219007	0.607879	0.392121	2.376362
4146	-2356.377	-2427.928	71.55198	1.404146	0.211436	0.625977	0.374023	2.063374
4152	-2355.975	-2426.937	70.96192	1.404146	0.2013573	0.607878	0.392122	2.461379
4158	-2362.154	-2433.662	71.50718	1.404146	0.1681862	0.607878	0.392122	2.179957
4164	-2350.868	-2422.626	71.75803	1.56471	0.3144051	0.536353	0.463647	1.631479
4170	-2347.295	-2418.629	71.33393	1.56471	0.2377977	0.565908	0.434092	2.052739
4176	-2355.397	-2425.888	70.49092	1.468728	0.3104009	0.613599	0.386401	2.538641
4182	-2347.472	-2418.228	70.75646	1.312144	0.3104009	0.651212	0.348788	2.470577
4188	-2351.842	-2422.054	70.21125	1.163978	0.2608784	0.543184	0.456816	2.968698
4194	-2354.814	-2424.772	69.95853	1.177017	0.3662485	0.543184	0.456816	2.968698
4200	-2357.735	-2427.884	70.14855	1.105706	0.311179	0.64806	0.35194	2.968698
4206	-2353.057	-2421.994	68.93767	1.151498	0.2577123	0.506283	0.493717	3.729904
4212	-2367.544	-2437.022	69.47794	1.174884	0.1785602	0.624285	0.375715	3.53395
4218	-2358.726	-2429.577	70.8511	1.153682	0.2352816	0.623299	0.376701	2.626267
4224	-2355.746	-2426.934	71.18788	1.076196	0.1850381	0.673492	0.326508	2.556142
4230	-2354.462	-2424.339	69.87691	1.03408	0.215437	0.569788	0.430212	3.317642
4236	-2348.146	-2417.886	69.73973	1.172736	0.2349853	0.569788	0.430212	3.284676
4242	-2374.801	-2443.357	68.55626	1.03603	0.1694574	0.583894	0.416106	4.160552
4248	-2368.022	-2437.752	69.73051	1.115025	0.2227387	0.572337	0.427663	3.343987
4254	-2357.957	-2428.476	70.51881	1.310367	0.2959842	0.464907	0.535093	2.640166
4260	-2353.819	-2425.052	71.23294	1.319041	0.1867092	0.568999	0.431001	2.372255
4266	-2356.052	-2424.784	68.73222	0.9919006	0.2592926	0.568999	0.431001	3.937481
4272	-2355.509	-2425.742	70.2331	0.9916944	0.2160301	0.602112	0.397888	3.130927
4278	-2363.023	-2433.663	70.64054	1.24316	0.285351	0.572192	0.427808	2.622117
4284	-2358.38	-2429.085	70.70531	1.257284	0.2118979	0.656363	0.343637	2.692544
4290	-2363.159	-2434.334	71.17489	1.313025	0.3165284	0.584704	0.415296	2.194799
4296	-2367.331	-2438.765	71.43403	1.421843	0.2714782	0.622005	0.377995	2.023374
4302	-2357.939	-2429.932	71.99268	1.509485	0.1792185	0.614968	0.385032	1.75955
4308	-2362.28	-2434.576	72.29663	1.6396	0.1792185	0.665035	0.334965	1.44354
4314	-2354.825	-2426.453	71.6287	1.649482	0.1505843	0.651305	0.348695	1.977724
4320	-2351.752	-2423.031	71.27933	1.561118	0.271599	0.564191	0.435809	2.033409
4326	-2347.115	-2418.715	71.59986	1.455533	0.1924549	0.636338	0.363662	2.035027
4332	-2350.266	-2421.768	71.50244	1.393487	0.1924549	0.513529	0.486471	2.139885
4338	-2347.679	-2419.175	71.49627	1.471713	0.2128089	0.543816	0.456184	2.052924
4344	-2357.383	-2428.856	71.47292	1.432362	0.1999645	0.509176	0.490824	2.118946
4350	-2359.396	-2430.635	71.23945	1.432362	0.2138802	0.513229	0.486771	2.243953
4356	-2360.344	-2431.552	71.2078	1.4477	0.1768584	0.699305	0.300695	2.326249
4362	-2364.8	-2435.865	71.06461	1.381685	0.2699337	0.515689	0.484311	2.292529
4368	-2366.02	-2436.724	70.70375	1.507006	0.2646265	0.643285	0.356715	2.450212
4374	-2358.403	-2428.553	70.15093	1.302906	0.1533806	0.431148	0.568852	3.11163
4380	-2353.269	-2423.72	70.45146	1.180474	0.1847923	0.589207	0.410793	2.943074
4386	-2363.642	-2433.701	70.05905	1.040739	0.2745529	0.573805	0.426195	3.113026
4392	-2356.038	-2427.245	71.20753	1.22863	0.280756	0.586659	0.413341	2.281972
4398	-2357.89	-2428.043	70.15294	1.147257	0.313271	0.602152	0.397848	2.938186
4404	-2352.386	-2422.853	70.46788	1.274881	0.1762837	0.555093	0.444907	2.892469
4410	-2351.695	-2423.409	71.71363	1.602008	0.157541	0.555093	0.444907	1.936421
4416	-2361.718	-2433.338	71.61992	1.69572	0.157541	0.545759	0.454241	1.936421
4422	-2361.328	-2432.781	71.45336	1.555836	0.3756126	0.636491	0.363509	1.761364
4428	-2356.895	-2429.401	72.5053	1.555836	0.18232	0.636491	0.363509	1.338338
4434	-2358.933	-2430.87	71.9372	1.694077	0.1148247	0.634356	0.365644	1.828849
4440	-2354.113	-2425.904	71.79167	1.483235	0.2218205	0.57338	0.42662	1.828849
4446	-2357.051	-2429.142	72.09112	1.404378	0.2218205	0.595871	0.404129	1.674452
4452	-2362.13	-2433.445	71.31437	1.332481	0.1983089	0.595871	0.404129	2.289302
4458	-2358.224	-2429.115	70.89105	1.277522	0.1724724	0.595871	0.404129	2.64007
4464	-2357.663	-2428.334	70.67119	1.247248	0.1790073	0.664599	0.335401	2.780545
4470	-2351.99	-2421.822	69.83263	1.168799	0.2884879	0.664599	0.335401	3.151429
4476	-2350.515	-2420.891	70.37594	1.155826	0.1565654	0.604404	0.395596	3.058583
4482	-2355.81	-2426.64	70.82989	1.377156	0.1922504	0.604404	0.395596	2.577714
4488	-2363.909	-2434.402	70.49255	1.150641	0.3126054	0.590734	0.409266	2.730858
4494	-2370.256	-2438.707	68.45153	1.053371	0.256751	0.560385	0.439615	4.066469
4500	-2372.258	-2440.242	67.9838	1.112689	0.2103715	0.600437	0.399563	4.369937
4506	-2358.51	-2429.29	70.78002	1.232588	0.2411976	0.550151	0.449849	2.611585
4512	-2364.637	-2435.455	70.81746	1.246949	0.1587253	0.473062	0.526938	2.732141
4518	-2353.716	-2424.51	70.79422	1.216768	0.2173556	0.67576	0.32424	2.653151
4524	-2359.77	-2430.136	70.36583	1.242209	0.1963965	0.442813	0.557187	2.935985
4530	-2354.638	-2425.032	70.39383	1.242209	0.1872515	0.618474	0.381526	2.935985
4536	-2353.24	-2423.485	70.24501	1.111296	0.2836141	0.664307	0.335693	2.946168
4542	-2355.493	-2426.638	71.14439	1.123352	0.2836141	0.525744	0.474256	2.384746
4548	-2360.677	-2430.885	70.20794	1.124488	0.3450394	0.525744	0.474256	2.876623
4554	-2356.753	-2425.733	68.98008	1.139577	0.2086518	0.603518	0.396482	3.789606
4560	-2363.061	-2432.398	69.33698	1.130896	0.2000539	0.571628	0.428372	3.602926
4566	-2353.08	-2422.308	69.22831	1.084087	0.2137047	0.58464	0.41536	3.669871
4572	-2355.061	-2426.112	71.05068	1.286561	0.3064124	0.626195	0.373805	2.306448
4578	-2355.019	-2426.507	71.48762	1.587245	0.1310147	0.62809	0.37191	2.158589
4584	-2353.826	-2425.127	71.30058	1.230851	0.3125049	0.469835	0.530165	2.172477
4590	-2354.853	-2426.418	71.56525	1.379616	0.2187966	0.565776	0.434224	2.056893
4596	-2356.271	-2427.878	71.60695	1.486096	0.2711395	0.42458	0.57542	1.864256
4602	-2349.976	-2421.665	71.68896	1.413621	0.1916974	0.709529	0.290471	2.005216
4608	-2351.43	-2422.091	70.66116	1.298556	0.2806142	0.640175	0.359825	2.582157
4614	-2354.148	-2425.021	70.87321	1.282622	0.1983329	0.652597	0.347403	2.598033
4620	-2365.011	-2434.899	69.88774	1.246538	0.1800494	0.652597	0.347403	3.248785
4626	-2366.005	-2436.712	70.70724	1.246538	0.1586382	0.492433	0.507567	2.799846
4632	-2367.159	-2437.935	70.77552	1.335554	0.151372	0.676529	0.323471	2.719074
4638	-2359.424	-2430.07	70.64672	1.476484	0.310993	0.69969	0.30031	2.435437
4644	-2356.586	-2427.924	71.33729	1.568804	0.1569914	0.632136	0.367864	2.207685
4650	-2358.665	-2430.488	71.82286	1.771031	0.2801611	0.664043	0.335957	1.491052
4656	-2353.415	-2424.3	70.8855	1.368326	0.2091911	0.652393	0.347607	2.517179
4662	-2352.325	-2423.439	71.1139	1.387071	0.1811074	0.675126	0.324874	2.415594
4668	-2350.675	-2421.613	70.93792	1.566348	0.1379464	0.534442	0.465558	2.505571
4674	-2357.037	-2427.766	70.72864	1.401978	0.2613731	0.453548	0.546452	2.505571
4680	-2353.379	-2425.144	71.76508	1.589476	0.1622089	0.664024	0.335976	1.899404
4686	-2361.844	-2433.682	71.8376	1.516962	0.1622089	0.710522	0.289478	1.899404
4692	-2359.522	-2430.678	71.15565	1.420515	0.2193017	0.578086	0.421914	2.295378
4698	-2361.931	-2432.976	71.0451	1.392014	0.2251571	0.578086	0.421914	2.373394
4704	-2357.199	-2428.281	71.08181	1.422413	0.201831	0.574015	0.425985	2.373394
4710	-2356.511	-2427.995	71.48392	1.492573	0.2901814	0.62461	0.37539	1.912038
4716	-2366.012	-2437.186	71.17402	1.616992	0.3750732	0.586928	0.413072	1.912038
4722	-2360.649	-2430.375	69.72612	1.091753	0.2274501	0.64146	0.35854	3.352527
4728	-2363.769	-2432.948	69.17924	1.193937	0.2131293	0.650477	0.349523	3.635623
4734	-2365.848	-2436.28	70.43163	1.324381	0.2131293	0.509307	0.490693	2.816578
4740	-2357.02	-2427.728	70.70817	1.45196	0.1577262	0.572778	0.427222	2.675512
4746	-2357.036	-2427.65	70.61432	1.098179	0.3219095	0.575023	0.424977	2.675512
4752	-2355.263	-2425.857	70.59356	1.192278	0.2534483	0.572413	0.427587	2.731257
4758	-2355.928	-2426.314	70.38531	1.451953	0.2537916	0.521092	0.478908	2.699192
4764	-2351.64	-2422.881	71.2413	1.540556	0.1736228	0.676987	0.323013	2.252087
4770	-2349.514	-2420.176	70.66214	1.257901	0.2250449	0.540483	0.459517	2.695766
4776	-2355.632	-2425.822	70.18983	1.262286	0.283116	0.564695	0.435305	2.889086
4782	-2351.362	-2422.145	70.78323	1.20906	0.183269	0.698503	0.301497	2.727192
4788	-2350.963	-2420.862	69.89894	1.231469	0.3235595	0.592128	0.407872	3.026325
4794	-2355.404	-2426.594	71.19025	1.356708	0.2093852	0.512219	0.487781	2.332157
4800	-2358.916	-2430.892	71.97633	1.442511	0.2093852	0.714166	0.285834	1.753674
4806	-2359.531	-2430.806	71.27473	1.386065	0.1585967	0.649067	0.350933	2.361215
4812	-2364.869	-2436.244	71.37476	1.455321	0.1869596	0.563053	0.436947	2.193688
4818	-2364.974	-2435.877	70.90289	1.638525	0.2311609	0.66175	0.33825	2.296476
4824	-2363.442	-2434.886	71.44384	1.459239	0.2209248	0.558922	0.441078	2.080482
4830	-2353.314	-2423.053	69.73864	1.341234	0.1404553	0.571799	0.428201	3.359892
4836	-2361.737	-2432.583	70.84666	1.156646	0.2135768	0.589885	0.410115	2.664537
4842	-2358.324	-2428.163	69.83933	1.049606	0.2513751	0.670038	0.329962	3.272851
4848	-2360.584	-2431.483	70.89839	1.163831	0.2697433	0.597837	0.402163	2.53509
4854	-2354.524	-2424.253	69.72933	1.298813	0.2102413	0.597837	0.402163	3.257383
4860	-2358.472	-2428.32	69.84806	1.346106	0.1574345	0.509024	0.490976	3.257383
4866	-2367.404	-2434.531	67.12783	0.9848246	0.2976214	0.475456	0.524544	4.794858
4872	-2369.45	-2439.913	70.46275	1.15751	0.211844	0.447928	0.552072	2.901086
4878	-2359.181	-2429.458	70.27726	1.225475	0.2549045	0.446115	0.553885	2.901086
4884	-2357.213	-2426.792	69.5788	1.222623	0.2429651	0.587656	0.412344	3.337444
4890	-2357.815	-2427.388	69.57314	1.087603	0.2527863	0.586891	0.413109	3.404886
4896	-2361.838	-2431.418	69.58047	1.118815	0.2382054	0.572829	0.427171	3.404886
4902	-2363.911	-2434.91	70.9991	1.35359	0.1997235	0.504747	0.495253	2.472824
4908	-2372.98	-2443.35	70.37052	1.379613	0.192621	0.628389	0.371611	2.857045
4914	-2369.561	-2440.882	71.32083	1.332761	0.1645988	0.538606	0.461394	2.352952
4920	-2364.011	-2434.248	70.23709	1.343543	0.2779486	0.541837	0.458163	2.818791
4926	-2361.096	-2431.964	70.86787	1.427823	0.2096567	0.529432	0.470568	2.490175
4932	-2360.308	-2430.228	69.91913	1.192399	0.2598269	0.586862	0.413138	3.128027
4938	-2358.38	-2429.729	71.34878	1.418815	0.2076945	0.586862	0.413138	2.193698
4944	-2356.213	-2427.312	71.09947	1.595324	0.2877622	0.553226	0.446774	2.103484
4950	-2352.282	-2423.868	71.58593	1.723603	0.1229335	0.558566	0.441434	2.024621
4956	-2354.157	-2424.895	70.73756	1.767759	0.1706216	0.612981	0.387019	2.4341
4962	-2348.845	-2420.589	71.74343	1.444414	0.3099384	0.62445	0.37555	1.734665
4968	-2345.896	-2417.258	71.36248	1.35142	0.2052869	0.64261	0.35739	2.232947
4974	-2352.723	-2423.831	71.10757	1.356689	0.2270989	0.516736	0.483264	2.352754
4980	-2358.111	-2429.088	70.97704	1.356689	0.2520604	0.553148	0.446852	2.393003
4986	-2353.72	-2424.307	70.58684	1.12558	0.2219184	0.53905	0.46095	2.827875
4992	-2362.008	-2433.371	71.36262	1.459517	0.3426382	0.664855	0.335145	1.936447
4998	-2361.127	-2431.766	70.63842	1.461475	0.2380386	0.614462	0.385538	2.562739
5004	-2364.841	-2436.331	71.48985	1.315365	0.2656631	0.660945	0.339055	2.066521
5010	-2362.18	-2433.718	71.53828	1.508441	0.2315812	0.597712	0.402288	1.965404
5016	-2354.858	-2426.254	71.39528	1.460201	0.1837024	0.647145	0.352855	2.183817
5022	-2359.297	-2430.875	71.57864	1.228097	0.1550464	0.64679	0.35321	2.275924
5028	-2360.6	-2432.043	71.44327	1.227387	0.2387908	0.684948	0.315052	2.20005
5034	-2361.001	-2432.243	71.2421	1.473647	0.183611	0.669657	0.330343	2.274081
5040	-2363.32	-2434.825	71.50517	1.311809	0.2581456	0.624072	0.375928	2.071354
5046	-2356.881	-2428.135	71.25442	1.328526	0.3003884	0.563272	0.436728	2.15709
5052	-2362.332	-2433.112	70.78013	1.320044	0.1798859	0.674845	0.325155	2.667532
5058	-2360.134	-2430.687	70.55241	1.282951	0.1798859	0.471953	0.528047	2.829395
5064	-2357.551	-2428.352	70.80134	1.41692	0.1949672	0.498677	0.501323	2.56562
5070	-2362.872	-2433.502	70.62997	1.118902	0.2711293	0.599289	0.400711	2.726418
5076	-2362.031	-2431.364	69.3321	1.198242	0.1348163	0.672639	0.327361	3.692141
5082	-2370.932	-2441.505	70.5729	1.371136	0.2048975	0.646351	0.353649	2.716451
5088	-2375.38	-2446.755	71.3747	1.55372	0.1918086	0.64369	0.35631	2.119943
5094	-2358.861	-2430.856	71.99555	1.540636	0.2056576	0.571612	0.428388	1.678566
5100	-2363.299	-2434.83	71.53079	1.444925	0.3062669	0.616684	0.383316	1.887025
5106	-2349.562	-2420.626	71.06374	1.444925	0.1940498	0.593065	0.406935	2.385391
5112	-2359.869	-2430.224	70.35422	1.231565	0.200336	0.614393	0.385607	2.942266
5118	-2364.453	-2435.042	70.58868	1.230858	0.200336	0.581696	0.418304	2.800742
5124	-2357.125	-2426.233	69.1082	1.257472	0.2594947	0.553929	0.446071	3.567047
5130	-2355.947	-2426.913	70.96632	1.183927	0.2646166	0.507838	0.492162	2.488164
5136	-2356.072	-2426.995	70.92334	1.222138	0.2646166	0.617305	0.382695	2.49115
5142	-2351.002	-2421.901	70.89841	1.349135	0.2730039	0.618689	0.381311	2.413882
5148	-2354.714	-2426.722	72.00864	1.63382	0.125319	0.618601	0.381399	1.792745
5154	-2360.256	-2432.18	71.92385	1.745087	0.1185084	0.618601	0.381399	1.792745
5160	-2362.856	-2433.026	70.17005	1.033043	0.3041783	0.688904	0.311096	3.009057
5166	-2361.813	-2432.044	70.23089	1.051937	0.2493139	0.628469	0.371531	3.042026
5172	-2363.838	-2434.225	70.38751	1.235028	0.1680393	0.566208	0.433792	2.98108
5178	-2363.67	-2433.549	69.87903	1.190732	0.2101813	0.582885	0.417115	3.23289
5184	-2358.96	-2430.342	71.38252	1.254666	0.2610742	0.587027	0.412973	2.183982
5190	-2354.627	-2426.083	71.45581	1.60033	0.2688839	0.536199	0.463801	1.893228
5196	-2353.454	-2425.279	71.82537	1.743931	0.1524143	0.562942	0.437058	1.774863
5202	-2359.359	-2430.441	71.08241	1.479382	0.124096	0.617464	0.382536	2.502129
5208	-2356.466	-2428.191	71.72502	1.408802	0.1801687	0.682039	0.317961	2.008337
5214	-2353.25	-2422.845	69.59428	1.315505	0.2733481	0.569955	0.430045	3.227586
5220	-2350.529	-2421.565	71.0363	1.39582	0.1689751	0.694757	0.305243	2.483428
5226	-2349.843	-2420.75	70.90705	1.4678	0.1868967	0.572621	0.427379	2.483428
5232	-2349.906	-2421.726	71.81997	1.530216	0.1868967	0.581832	0.418168	1.847988
5238	-2351.401	-2422.064	70.66389	1.227918	0.2448459	0.579473	0.420527	2.68008
5244	-2351.922	-2423.282	71.35955	1.445571	0.1675657	0.623061	0.376939	2.249865
5250	-2354.739	-2426.129	71.3902	1.445571	0.1702501	0.582227	0.417773	2.224445
5256	-2353.073	-2424.481	71.40862	1.396734	0.1742479	0.50153	0.49847	2.235669
5262	-2352.269	-2423.082	70.81279	1.396734	0.2386385	0.577668	0.422332	2.493405
5268	-2355.753	-2424.924	69.17131	1.20686	0.1855878	0.600731	0.399269	3.680511
5274	-2354.378	-2424.229	69.85053	1.103054	0.1841855	0.624631	0.375369	3.347593
5280	-2354.421	-2422.999	68.57801	1.156303	0.2417105	0.653725	0.346275	3.957929
5286	-2351.506	-2422.073	70.56717	1.352458	0.2705943	0.687247	0.312753	2.622225
5292	-2361.195	-2431.789	70.59392	1.340216	0.3708345	0.576657	0.423343	2.473488
5298	-2355.752	-2425.001	69.24879	1.027833	0.2585558	0.631897	0.368103	3.620165
5304	-2360.093	-2429.619	69.52516	1.271489	0.3349968	0.563193	0.436807	3.210143
5310	-2356.377	-2426.23	69.85326	1.072673	0.2941388	0.646374	0.353626	3.18828
5316	-2361.241	-2432.893	71.65184	1.325589	0.1962194	0.692874	0.307126	2.078973
5322	-2366.828	-2439.435	72.60687	1.924865	0.1518879	0.560819	0.439181	1.015289
5328	-2361.73	-2433.876	72.14551	1.889874	0.3692818	0.476927	0.523073	0.9414675
5334	-2355.487	-2425.805	70.31834	1.235403	0.2194993	0.57881	0.42119	2.928025
5340	-2357.273	-2428.302	71.02867	1.291076	0.2723192	0.554416	0.445584	2.36931
5346	-2358.047	-2428.635	70.58824	1.262645	0.5077085	0.615781	0.384219	2.36931
5352	-2362.644	-2432.15	69.50509	1.138467	0.1442244	0.638821	0.361179	3.60671
5358	-2359.488	-2428.843	69.3555	1.066637	0.2108297	0.524598	0.475402	3.611077
5364	-2362.61	-2432.166	69.55578	0.9549843	0.1967439	0.44521	0.55479	3.583787
5370	-2369.508	-2439.867	70.35885	1.177753	0.31719	0.627549	0.372451	2.789622
5376	-2372.968	-2442.547	69.57875	1.112443	0.3009088	0.550769	0.449231	3.317601
5382	-2359.728	-2428.748	69.02018	1.112443	0.2784413	0.576506	0.423494	3.67479
5388	-2371.655	-2440.952	69.29786	0.9288457	0.2415835	0.712626	0.287374	3.67479
5394	-2363.841	-2435.13	71.28913	1.243269	0.2640043	0.630977	0.369023	2.246855
5400	-2363.911	-2433.121	69.20976	1.224283	0.3710129	0.548928	0.451072	3.37939
5406	-2354.027	-2424.862	70.83511	1.298551	0.204815	0.723717	0.276283	2.599819
5412	-2357.353	-2428.456	71.10263	1.39515	0.2212437	0.636129	0.363871	2.34185
5418	-2356.052	-2426.668	70.61534	1.237606	0.2303462	0.672125	0.327875	2.727903
5424	-2355.117	-2426.579	71.46242	1.389586	0.2476425	0.612152	0.387848	2.066233
5430	-2363.186	-2434.231	71.04502	1.210557	0.2877662	0.652036	0.347964	2.386127
5436	-2358.422	-2429.386	70.96364	1.278051	0.227418	0.464801	0.535199	2.492437
5442	-2363.869	-2434.224	70.35531	1.119739	0.1930449	0.44059	0.55941	3.022004
5448	-2353.946	-2425.069	71.12266	1.251924	0.2545791	0.527432	0.472568	2.363005
5454	-2363.078	-2434.023	70.94574	1.37854	0.2621272	0.605898	0.394102	2.382628
5460	-2364.079	-2434.636	70.55705	1.273646	0.1458528	0.544309	0.455691	2.901441
5466	-2361.092	-2430.869	69.7771	1.147115	0.2284752	0.549899	0.450101	3.288259
5472	-2367.3	-2437.589	70.28897	0.9707194	0.2171898	0.525616	0.474384	3.108184
5478	-2360.528	-2430.34	69.81134	0.9805808	0.1797084	0.646347	0.353653	3.450647
5484	-2349.13	-2418.275	69.14541	1.045219	0.2737454	0.480065	0.519935	3.64788
5490	-2355.049	-2424.901	69.85193	1.35661	0.2062983	0.564612	0.435388	3.157345
5496	-2356.126	-2427.174	71.04867	1.177916	0.3652038	0.564483	0.435517	2.29571
5502	-2363.548	-2434.85	71.3022	1.340204	0.1682314	0.617239	0.382761	2.352411
5508	-2368.55	-2439.663	71.11314	1.455601	0.1599048	0.617239	0.382761	2.416617
5514	-2365.024	-2436.126	71.10196	1.455601	0.3395587	0.537414	0.462586	2.116482
5520	-2362.856	-2434.313	71.45694	1.55795	0.1663205	0.633183	0.366817	2.116482
5526	-2356.093	-2427.174	71.08149	1.390102	0.2062083	0.634877	0.365123	2.385861
5532	-2367.491	-2439.147	71.65573	1.478714	0.2331885	0.64623	0.35377	1.903294
5538	-2363.157	-2435.164	72.00682	1.453233	0.2331885	0.514161	0.485839	1.677282
5544	-2359.542	-2430.284	70.74285	1.11026	0.2763119	0.456941	0.543059	2.654539
5550	-2355.657	-2426.171	70.51454	1.042119	0.2132987	0.590087	0.409913	2.936929
5556	-2368.522	-2439.046	70.52369	1.249288	0.1605454	0.58182	0.41818	2.905538
5562	-2355.454	-2426.324	70.86956	1.249288	0.1925771	0.58182	0.41818	2.631671
5568	-2359.644	-2428.326	68.68258	0.9791874	0.4470328	0.58182	0.41818	3.744565
5574	-2357.656	-2428.203	70.54738	1.056437	0.2755429	0.628512	0.371488	2.808285
5580	-2366.522	-2436.453	69.9306	1.2773	0.2484111	0.578923	0.421077	3.088208
5586	-2369.721	-2439.205	69.4842	1.193631	0.2031779	0.631328	0.368672	3.475267
5592	-2361.951	-2433.512	71.56119	1.338281	0.3342646	0.49754	0.50246	1.896334
5598	-2364.827	-2436.165	71.33794	1.527796	0.2289409	0.513287	0.486713	2.09034
5604	-2357.138	-2428.374	71.23612	1.527796	0.1458945	0.660919	0.339081	2.323744
5610	-2359.989	-2431.227	71.2389	1.493887	0.1458945	0.534947	0.465053	2.343552
5616	-2358.174	-2429.602	71.42731	1.284642	0.2525148	0.625436	0.374564	2.14969
5622	-2361.782	-2433.705	71.92234	1.493559	0.2838968	0.586506	0.413494	1.615646
5628	-2356.037	-2426.958	70.92102	1.49303	0.3642904	0.586506	0.413494	2.176175
5634	-2358.981	-2428.789	69.80797	1.293413	0.2065092	0.594437	0.405563	3.22052
5640	-2356.343	-2426.279	69.93596	1.221141	0.1880149	0.593353	0.406647	3.22052
5646	-2359.718	-2429.907	70.18912	1.220678	0.2224512	0.58959	0.41041	3.009576
5652	-2364.203	-2434.85	70.64662	1.479061	0.2078804	0.677902	0.322098	2.599188
5658	-2363.765	-2435.141	71.37622	1.334933	0.2557788	0.668495	0.331505	2.144709
5664	-2362.156	-2434.137	71.98111	1.441648	0.2557788	0.626444	0.373556	1.661162
5670	-2371.323	-2441.37	70.04733	1.312588	0.1719656	0.593165	0.406835	3.130395
5676	-2369.898	-2439.705	69.80773	1.339433	0.1405315	0.607785	0.392215	3.320162
5682	-2369.635	-2439.771	70.13583	1.364511	0.2805231	0.572892	0.427108	2.863704
5688	-2376.841	-2447.89	71.04909	1.447651	0.2048245	0.583956	0.416044	2.372521
5694	-2369.977	-2440.947	70.97082	1.404546	0.197313	0.625909	0.374091	2.463136
5700	-2357.512	-2428.125	70.61304	1.380973	0.197313	0.646594	0.353406	2.699657
5706	-2358.494	-2429.602	71.10759	1.561764	0.1690695	0.646594	0.353406	2.333527
5712	-2358.788	-2430.501	71.71249	1.704983	0.1635845	0.636759	0.363241	1.853377
5718	-2365.57	-2437.669	72.0995	1.704151	0.159054	0.544806	0.455194	1.591879
5724	-2357.186	-2425.781	68.59496	1.071901	0.1767888	0.611787	0.388213	4.104612
5730	-2358.129	-2426.599	68.47023	1.08634	0.213116	0.610394	0.389606	4.104612
5736	-2356.12	-2425.922	69.80148	1.169995	0.239519	0.608554	0.391446	3.242613
5742	-2358.336	-2429.401	71.06451	1.279237	0.1627492	0.646321	0.353679	2.551465
5748	-2361.408	-2432.203	70.79451	1.183972	0.2183925	0.597107	0.402893	2.671348
5754	-2354.888	-2425.69	70.80197	1.083701	0.3172325	0.513936	0.486064	2.575012
5760	-2366.249	-2437.045	70.7955	1.417775	0.2022869	0.602651	0.397349	2.555069
5766	-2368.94	-2439.536	70.59571	1.194964	0.2912041	0.602651	0.397349	2.670839
5772	-2360.096	-2430.679	70.58353	1.198847	0.2013685	0.535647	0.464353	2.821471
5778	-2361.491	-2432.2	70.70903	1.243607	0.2250483	0.699735	0.300265	2.675734
5784	-2362.515	-2433.327	70.81151	1.213255	0.2471308	0.671754	0.328246	2.594323
5790	-2364.934	-2435.72	70.78566	1.247646	0.2439008	0.600732	0.399268	2.594323
5796	-2358.369	-2428.974	70.60565	1.228703	0.1760635	0.623544	0.376456	2.837419
5802	-2366.97	-2437.692	70.72204	1.188834	0.2347503	0.573522	0.426478	2.685001
5808	-2374.708	-2444.354	69.64683	1.359915	0.4099603	0.550046	0.449954	2.9944
5814	-2363.093	-2435.303	72.21041	1.690741	0.1867313	0.598105	0.401895	1.452281
5820	-2365.031	-2436.753	71.72231	1.540563	0.3111342	0.614408	0.385592	1.67968
5826	-2363.349	-2434.528	71.17855	1.635772	0.190979	0.589064	0.410936	2.195856
5832	-2366.632	-2438.051	71.41956	1.367776	0.217618	0.693566	0.306434	2.162321
5838	-2358.859	-2429.186	70.32636	1.371889	0.3127763	0.646097	0.353903	2.696871
5844	-2363.017	-2434.568	71.55149	1.528245	0.2386287	0.678838	0.321162	1.930331
5850	-2359.941	-2430.884	70.94306	1.534961	0.2286383	0.551732	0.448268	2.341309
5856	-2364.624	-2436.624	72.00038	1.591839	0.1398811	0.578431	0.421569	1.789886
5862	-2372.378	-2444.239	71.86121	1.656875	0.3210998	0.579261	0.420739	1.476328
5868	-2370.189	-2441.834	71.64503	1.656875	0.3379115	0.618189	0.381811	1.609019
5874	-2363.088	-2434.911	71.82282	1.656875	0.2618207	0.628077	0.371923	1.609019
5880	-2367.591	-2439.116	71.52495	1.458886	0.181136	0.681924	0.318076	2.105399
5886	-2373.796	-2445.272	71.47606	1.33045	0.2351974	0.681924	0.318076	2.117959
5892	-2367.042	-2438.659	71.61707	1.777649	0.1809588	0.411913	0.588087	1.830196
5898	-2354.644	-2426.467	71.82272	1.685093	0.1666702	0.608583	0.391417	1.783987
5904	-2365.532	-2437.103	71.57175	1.547434	0.2214746	0.632515	0.367485	1.935547
5910	-2361.042	-2432.679	71.63717	1.393146	0.2114447	0.526272	0.473728	2.014208
5916	-2361.365	-2431.879	70.51352	1.395308	0.1958528	0.583517	0.416483	2.754515
5922	-2363.075	-2434.142	71.06683	1.490505	0.1747141	0.493334	0.506666	2.392906
5928	-2369.468	-2438.845	69.37716	1.436659	0.2220179	0.579494	0.420506	3.363811
5934	-2358.86	-2428.975	70.11448	1.098272	0.2844477	0.479683	0.520317	3.03116
5940	-2362.403	-2433.227	70.824	1.33852	0.3332549	0.504523	0.495477	2.379361
5946	-2359.519	-2429.55	70.03158	1.260671	0.3427077	0.623976	0.376024	2.903914
5952	-2353.248	-2424.06	70.81167	1.450201	0.1714555	0.623976	0.376024	2.584423
5958	-2357.663	-2428.917	71.25314	1.450201	0.1806537	0.52366	0.47634	2.28799
5964	-2358.645	-2429.444	70.79919	1.481392	0.1910009	0.616239	0.383761	2.534379
5970	-2357.377	-2427.561	70.18445	1.303511	0.3197468	0.619942	0.380058	2.815736
5976	-2361.329	-2431.776	70.44669	1.36518	0.1946971	0.667467	0.332533	2.815736
5982	-2351.235	-2421.714	70.47941	1.21877	0.2342969	0.497034	0.502966	2.815736
5988	-2355.541	-2425.89	70.34938	1.325466	0.2342969	0.515931	0.484069	2.829912
5994	-2356.701	-2427.101	70.39999	1.310967	0.2342969	0.619252	0.380748	2.807966
6000	-2360.898	-2432.243	71.34522	1.310967	0.3230753	0.619252	0.380748	2.075371
6006	-2362.499	-2433.415	70.91618	1.293759	0.3485571	0.597752	0.402248	2.328423
6012	-2361.347	-2432.956	71.60921	1.419921	0.3207686	0.597752	0.402248	1.828009
6018	-2355.653	-2426.911	71.25764	1.418985	0.208894	0.454183	0.545817	2.250137
6024	-2356.806	-2427.988	71.18183	1.344282	0.1970489	0.454445	0.545555	2.368592
6030	-2355.414	-2426.205	70.79069	1.232762	0.1857158	0.61968	0.38032	2.7034
6036	-2355.76	-2426.395	70.63497	1.330231	0.2163251	0.55292	0.44708	2.683132
6042	-2354.904	-2426.426	71.52147	1.421984	0.2163251	0.610691	0.389309	2.062462
6048	-2352.467	-2423.9	71.43288	1.421984	0.1949405	0.589455	0.410545	2.161702
6054	-2365.04	-2436.506	71.46612	1.572251	0.2315498	0.68542	0.31458	1.971059
6060	-2356.895	-2428.187	71.29203	1.378901	0.2315498	0.657586	0.342414	2.212571
6066	-2358.598	-2429.586	70.98845	1.378901	0.2395081	0.599588	0.400412	2.392709
6072	-2368.611	-2437.902	69.29113	1.400533	0.2271994	0.630366	0.369634	3.426961
6078	-2373.513	-2443.978	70.46562	1.336014	0.2271994	0.655837	0.344163	2.76458
6084	-2362.456	-2433.003	70.54629	1.371924	0.1875623	0.552685	0.447315	2.764286
6090	-2357.17	-2426.91	69.73976	1.408765	0.1357917	0.460472	0.539528	3.329564
6096	-2352.008	-2422.835	70.82703	1.499579	0.2916524	0.612364	0.387636	2.33519
6102	-2358.172	-2428.437	70.26557	1.609143	0.2423523	0.586175	0.413825	2.694646
6108	-2362.388	-2433.873	71.48453	1.61283	0.1472623	0.586175	0.413825	2.105215
6114	-2365.752	-2437.303	71.5503	1.515844	0.2254714	0.450382	0.549618	1.963695
6120	-2359.791	-2431.665	71.87364	1.446086	0.2553421	0.671689	0.328311	1.734981
6126	-2349.876	-2421.22	71.3431	1.366198	0.2567225	0.643747	0.356253	2.144335
6132	-2360.406	-2431.83	71.42475	1.366198	0.2682395	0.613323	0.386677	2.071666
6138	-2352.66	-2423.645	70.9851	1.529985	0.2043055	0.588387	0.411613	2.361859
6144	-2355.477	-2426.599	71.1221	1.494817	0.113938	0.694422	0.305578	2.492629
6150	-2354.247	-2425.238	70.9911	1.439501	0.1649899	0.602324	0.397676	2.492629
6156	-2357.069	-2427.753	70.68389	1.464321	0.1888648	0.59749	0.40251	2.620577
6162	-2363.322	-2434.112	70.78946	1.552423	0.2070808	0.645355	0.354645	2.465945
6168	-2357.196	-2428.479	71.28279	1.388246	0.1646847	0.478717	0.521283	2.341685
6174	-2358.52	-2430.312	71.79208	1.491958	0.1221252	0.606275	0.393725	2.043602
6180	-2347.805	-2419.515	71.71004	1.448524	0.1565443	0.606275	0.393725	2.043602
6186	-2356.24	-2427.044	70.80443	1.384938	0.2025188	0.606275	0.393725	2.569496
6192	-2363.889	-2433.179	69.29036	1.254477	0.2962396	0.542304	0.457696	3.409967
6198	-2361.531	-2431.347	69.81573	1.10621	0.176201	0.512245	0.487755	3.381053
6204	-2361.801	-2432.451	70.64962	1.360413	0.176201	0.471442	0.528558	2.730077
6210	-2362.98	-2433.089	70.10879	1.174826	0.3345556	0.470042	0.529958	2.919726
6216	-2356.387	-2426.464	70.07635	1.295152	0.1932944	0.535252	0.464748	3.083465
6222	-2353.047	-2424.1	71.05329	1.367513	0.1818855	0.619347	0.380653	2.464467
6228	-2351.324	-2422.294	70.96969	1.463472	0.1850743	0.552059	0.447941	2.450422
6234	-2357.117	-2427.892	70.77431	1.317747	0.2066845	0.712196	0.287804	2.622147
6240	-2353.459	-2425.223	71.76325	1.623458	0.1508516	0.644473	0.355527	1.903999
6246	-2359.783	-2431.577	71.79421	1.895378	0.1661947	0.653868	0.346132	1.656956
6252	-2357.591	-2429.882	72.29107	1.759761	0.1843716	0.600297	0.399703	1.341422
6258	-2354.249	-2425.79	71.54169	1.580368	0.2037999	0.639413	0.360587	1.967876
6264	-2352.103	-2423.597	71.49329	1.686898	0.2037999	0.568876	0.431124	1.928772
6270	-2354.62	-2426.066	71.44605	1.698251	0.2866132	0.58336	0.41664	1.803049
6276	-2353.201	-2424.751	71.54908	1.807206	0.3333304	0.567029	0.432971	1.576621
6282	-2369.67	-2441.517	71.84631	1.552735	0.3140581	0.626229	0.373771	1.576621
6288	-2366.605	-2438.648	72.04294	1.64126	0.1681826	0.571785	0.428215	1.656107
6294	-2364.655	-2435.713	71.05795	1.390359	0.2023421	0.706437	0.293563	2.407781
6300	-2367.479	-2438.484	71.00526	1.390359	0.2205579	0.493214	0.506786	2.407781
6306	-2368.738	-2439.988	71.25072	1.486714	0.1657717	0.511486	0.488514	2.297058
6312	-2362.648	-2432.754	70.10626	1.248258	0.2427061	0.599554	0.400446	3.009531
6318	-2364.331	-2434.169	69.83854	1.196835	0.1672573	0.588362	0.411638	3.331527
6324	-2360.021	-2430.478	70.45743	1.262438	0.210295	0.541643	0.458357	2.8435
6330	-2357.758	-2427.819	70.06151	1.367794	0.2536948	0.508118	0.491882	2.947259
6336	-2360.997	-2431.542	70.54498	1.337725	0.3432442	0.638994	0.361006	2.541455
6342	-2363.69	-2432.482	68.79282	1.104085	0.2034228	0.601259	0.398741	3.926394
6348	-2370.226	-2438.933	68.70761	1.18929	0.2034228	0.601259	0.398741	3.926394
6354	-2351.858	-2423.774	71.91646	1.51982	0.1721608	0.477702	0.522298	1.821014
6360	-2357.715	-2428.198	70.48223	1.320849	0.1887537	0.64565	0.35435	2.832134
6366	-2357.529	-2427.515	69.98556	1.208527	0.239504	0.543087	0.456913	3.110532
6372	-2358.706	-2430.175	71.46882	1.677382	0.2024524	0.631131	0.368869	1.954346
6378	-2364.922	-2435.833	70.9114	1.579731	0.2024524	0.619159	0.380841	2.380515
6384	-2366.372	-2436.865	70.49246	1.349701	0.1565033	0.633593	0.366407	2.872023
6390	-2375.734	-2444.624	68.88948	1.521774	0.1938766	0.702339	0.297661	3.646573
6396	-2362.893	-2433.807	70.9135	1.555223	0.1682711	0.582129	0.417871	2.46194
6402	-2360.634	-2431.098	70.46445	1.544985	0.3037718	0.59044	0.40956	2.517092
6408	-2356.816	-2428.591	71.77479	1.497642	0.2602406	0.6516	0.3484	1.759307
6414	-2354.887	-2426.75	71.86253	1.418882	0.2133887	0.62305	0.37695	1.840853
6420	-2357.299	-2428.529	71.22999	1.367665	0.3126384	0.651971	0.348029	2.12914
6426	-2355.521	-2426.42	70.89892	1.378522	0.2520436	0.557597	0.442403	2.428541
6432	-2358.359	-2429.345	70.98575	1.300922	0.2485089	0.442911	0.557089	2.428541
6438	-2359.325	-2430.755	71.42906	1.135563	0.2156123	0.518327	0.481673	2.309452
6444	-2344.45	-2415.175	70.7247	1.232217	0.1773376	0.518327	0.481673	2.760322
6450	-2350.121	-2420.909	70.78836	1.335442	0.2912324	0.467051	0.532949	2.463924
6456	-2352.511	-2424.096	71.58429	1.344168	0.1955918	0.570625	0.429375	2.11238
6462	-2347.592	-2419.39	71.79765	1.425427	0.2068733	0.573884	0.426116	1.893609
6468	-2353.126	-2423.275	70.14917	1.441115	0.1658089	0.512051	0.487949	3.004875
6474	-2356.624	-2427.831	71.20757	1.284351	0.2308336	0.602231	0.397769	2.328619
6480	-2363.429	-2434.576	71.14714	1.280473	0.2208378	0.602231	0.397769	2.387066
6486	-2369.269	-2440.695	71.42578	1.316391	0.3153946	0.588535	0.411465	2.029895
6492	-2358.494	-2430.587	72.09323	1.463995	0.2756586	0.488681	0.511319	1.526706
6498	-2365.554	-2437.564	72.00977	1.522986	0.3233448	0.506866	0.493134	1.461423
6504	-2350.08	-2421.729	71.64929	1.52446	0.2648586	0.659263	0.340737	1.819659
6510	-2349.622	-2420.625	71.00341	1.40055	0.2594901	0.5265	0.4735	2.336331
6516	-2353.913	-2424.5	70.58675	1.241807	0.2247793	0.61019	0.38981	2.752246
6522	-2354.031	-2424.547	70.51579	1.241807	0.2511065	0.58636	0.41364	2.752246
6528	-2367.448	-2437.168	69.72055	1.31471	0.209411	0.51687	0.48313	3.254608
6534	-2361.286	-2431.672	70.38656	1.205333	0.2042867	0.524223	0.475777	2.93152
6540	-2356.293	-2427.976	71.68357	1.33059	0.3544283	0.500026	0.499974	1.788136
6546	-2359.664	-2430.537	70.8724	1.3442	0.2233767	0.513129	0.486871	2.515139
6552	-2363.179	-2434.892	71.71332	1.656758	0.2132361	0.616088	0.383912	1.779906
6558	-2354.567	-2426.182	71.61428	1.501446	0.1789174	0.606059	0.393941	2.023017
6564	-2362.908	-2435.079	72.17029	1.501446	0.1929121	0.657909	0.342091	1.608579
6570	-2361.589	-2432.203	70.61352	1.248714	0.3672396	0.624479	0.375521	2.523008
6576	-2365.626	-2436.468	70.84137	1.248714	0.2591084	0.624479	0.375521	2.534457
6582	-2360.864	-2430.649	69.78496	1.0202	0.2759959	0.422202	0.577798	3.285534
6588	-2359.833	-2430.233	70.39955	1.208493	0.4238512	0.573533	0.426467	2.61252
6594	-2359.737	-2428.729	68.99148	1.248199	0.2465375	0.61318	0.38682	3.659674
6600	-2352.593	-2422.717	70.12406	1.112875	0.1798425	0.546139	0.453861	3.188405
6606	-2351.687	-2422.681	70.99431	1.194196	0.2641158	0.546139	0.453861	2.464986
6612	-2356.959	-2428.567	71.60802	1.312829	0.2000212	0.523919	0.476081	2.10864
6618	-2363.739	-2435.113	71.3741	1.603876	0.2012415	0.630224	0.369776	2.068693
6624	-2365.86	-2436.009	70.14891	1.516771	0.2418947	0.618977	0.381023	2.823049
6630	-2362.406	-2433.151	70.74452	1.315544	0.3305449	0.675858	0.324142	2.447703
6636	-2355.302	-2425.942	70.64068	1.477255	0.195504	0.577184	0.422816	2.626741
6642	-2358.676	-2430.202	71.5262	1.597147	0.1895305	0.579334	0.420666	1.995808
6648	-2362.5	-2434.299	71.79973	1.762932	0.322412	0.556997	0.443003	1.440189
6654	-2356.759	-2428.776	72.01718	1.613883	0.1531233	0.545844	0.454156	1.729934
6660	-2361.365	-2432.509	71.14425	1.61266	0.1693667	0.504822	0.495178	2.276999
6666	-2355.724	-2427.011	71.28747	1.467388	0.2881077	0.535439	0.464561	2.063423
6672	-2361.245	-2432.766	71.52161	1.357486	0.227131	0.579836	0.420164	2.084852
6678	-2357.759	-2429.315	71.55611	1.424447	0.2476787	0.648657	0.351343	1.980791
6684	-2351.884	-2423.764	71.88015	1.444315	0.2418792	0.581825	0.418175	1.756404
6690	-2355.223	-2426.582	71.35854	1.484604	0.2418792	0.655934	0.344066	2.08212
6696	-2355.395	-2426.808	71.41288	1.394017	0.2341366	0.489886	0.510114	2.119595
6702	-2365.634	-2435.538	69.90388	1.265364	0.179196	0.617726	0.382274	3.229714
6708	-2356.841	-2426.869	70.0289	1.220717	0.1549164	0.591545	0.408455	3.229714
6714	-2359.008	-2430.299	71.29118	1.219216	0.344741	0.539275	0.460725	2.140064
6720	-2356.339	-2427.805	71.46599	1.361504	0.2155198	0.555683	0.444317	2.140064
6726	-2357.673	-2428.851	71.17821	1.362904	0.2857829	0.61921	0.38079	2.206633
6732	-2359.82	-2431.538	71.71806	1.669996	0.1743881	0.582156	0.417844	1.849191
6738	-2355.942	-2427.66	71.71806	1.669996	0.1743881	0.701956	0.298044	1.849191
6744	-2368.423	-2438.887	70.46368	1.567758	0.2025155	0.670588	0.329412	2.667107
6750	-2364.904	-2435.527	70.62341	1.293959	0.2316847	0.524142	0.475858	2.686145
6756	-2358.405	-2429.386	70.98183	1.44001	0.3674496	0.718984	0.281016	2.166916
6762	-2356.782	-2427.319	70.53694	1.477739	0.3315204	0.592178	0.407822	2.474841
6768	-2355.197	-2426.592	71.39507	1.722925	0.1160057	0.562229	0.437771	2.168256
6774	-2363.629	-2434.816	71.18626	1.547382	0.2028427	0.6459	0.3541	2.224873
6780	-2351.497	-2422.128	70.63137	1.428689	0.2028427	0.6459	0.3541	2.648881
6786	-2350.998	-2422.861	71.86291	1.605354	0.1683826	0.588963	0.411037	1.807476
6792	-2359.19	-2430.76	71.5695	1.605354	0.2714703	0.588963	0.411037	1.807476
6798	-2353.299	-2424.876	71.57684	1.547456	0.2714703	0.660574	0.339426	1.842298
6804	-2375.544	-2446.667	71.12301	1.181938	0.233437	0.546866	0.453134	2.442402
6810	-2360.959	-2431.089	70.12963	1.281358	0.233437	0.511741	0.488259	2.990628
6816	-2361.41	-2432.533	71.12368	1.179525	0.233437	0.616893	0.383107	2.443495
6822	-2359.436	-2429.266	69.83006	1.381134	0.2623282	0.537111	0.462889	3.064803
6828	-2361.758	-2432.576	70.81772	1.691351	0.2052873	0.62035	0.37965	2.363841
6834	-2358.945	-2429.575	70.62967	1.480939	0.1552889	0.57339	0.42661	2.711046
6840	-2359.028	-2430.184	71.15624	1.480939	0.1552889	0.569232	0.430768	2.383344
6846	-2354.778	-2426.43	71.65167	1.615183	0.1179599	0.622998	0.377002	2.065735
6852	-2362.253	-2433.662	71.40909	1.494238	0.2288623	0.579211	0.420789	2.065735
6858	-2361.999	-2434.123	72.12351	1.688872	0.2138083	0.648598	0.351402	1.458285
6864	-2353.665	-2425.532	71.86755	1.501252	0.2901235	0.547669	0.452331	1.63887
6870	-2366.127	-2436.766	70.6383	1.491537	0.1929116	0.59729	0.40271	2.624254
6876	-2357.765	-2429.028	71.26338	1.399027	0.2551403	0.679946	0.320054	2.177488
6882	-2371.055	-2441.391	70.33527	1.552649	0.2796811	0.607326	0.392674	2.627989
6888	-2361.28	-2432.491	71.21055	1.345337	0.186924	0.55665	0.44335	2.369355
6894	-2361.953	-2432.774	70.82087	1.256909	0.294049	0.55665	0.44335	2.488583
6900	-2362.902	-2433.217	70.31552	1.195065	0.2053878	0.62329	0.37671	2.978503
6906	-2371.233	-2440.469	69.23683	1.195065	0.2053878	0.62329	0.37671	3.614635
6912	-2360.252	-2430.946	70.69332	1.211335	0.2053878	0.62329	0.37671	2.739678
6918	-2355.615	-2426.428	70.8134	1.376364	0.1808009	0.444694	0.555306	2.61048
6924	-2353.79	-2423.758	69.96803	1.188171	0.25673	0.494382	0.505618	3.106149
6930	-2354.591	-2424.793	70.20204	1.236171	0.1729224	0.544293	0.455707	3.081884
6936	-2355.947	-2426.482	70.53467	1.236171	0.2726164	0.510313	0.489687	2.710701
6942	-2362.464	-2433.493	71.02894	1.278978	0.348334	0.510313	0.489687	2.266104
6948	-2363.985	-2435.368	71.38338	1.391795	0.348334	0.501364	0.498636	1.959889
6954	-2362.142	-2434.085	71.94319	1.512877	0.2452738	0.600701	0.399299	1.65695
6960	-2360.521	-2432.452	71.93099	1.549068	0.2363057	0.561486	0.438514	1.65695
6966	-2360.382	-2431.512	71.12974	1.389463	0.2121261	0.561486	0.438514	2.344754
6972	-2366.51	-2438.276	71.76582	1.659609	0.3369186	0.670992	0.329008	1.519812
6978	-2365.14	-2436.884	71.74422	1.659609	0.3019872	0.474773	0.525227	1.593322
6984	-2363.416	-2435.362	71.94686	1.499683	0.249292	0.556198	0.443802	1.656196
6990	-2356.429	-2427.931	71.50143	1.361766	0.2314135	0.451952	0.548048	2.087545
6996	-2361.971	-2433.779	71.80758	1.501065	0.2451499	0.468199	0.531801	1.761383
7002	-2362.746	-2434.653	71.90714	1.475589	0.1927046	0.65311	0.34689	1.813301
7008	-2367.458	-2438.58	71.12225	1.395328	0.194532	0.611032	0.388968	2.378823
7014	-2367.722	-2439.418	71.69619	1.592762	0.1859727	0.572385	0.427615	1.891749
7020	-2357.549	-2429.028	71.47946	1.640748	0.2550764	0.604598	0.395402	1.873485
7026	-2363.484	-2434.439	70.95544	1.660458	0.3541771	0.488375	0.511625	2.057749
7032	-2359.852	-2430.842	70.98933	1.247417	0.3069285	0.495075	0.504925	2.369613
7038	-2357.137	-2428.145	71.00736	1.581385	0.156268	0.550068	0.449932	2.41182
7044	-2360.112	-2431.683	71.57098	1.473354	0.2833483	0.616164	0.383836	1.877085
7050	-2354.11	-2425.338	71.22824	1.390212	0.176776	0.609292	0.390708	2.34998
7056	-2353.552	-2424.698	71.1463	1.411827	0.1783791	0.660609	0.339391	2.384973
7062	-2358.276	-2429.906	71.63046	1.393945	0.1783791	0.690381	0.309619	2.084501
7068	-2363.828	-2435.873	72.04477	1.382143	0.2444785	0.596756	0.403244	1.679268
7074	-2351.342	-2422.844	71.50199	1.334332	0.1682854	0.590889	0.409111	2.228252
7080	-2360.914	-2432.274	71.3602	1.595412	0.1639991	0.590889	0.409111	2.16021
7086	-2362.436	-2433.987	71.55078	1.498784	0.2164439	0.546091	0.453909	1.991809
7092	-2364.51	-2435.184	70.67391	1.313697	0.2116685	0.623475	0.376525	2.677579
7098	-2356.582	-2427.86	71.27824	1.44005	0.2116685	0.569995	0.430005	2.218112
7104	-2351.49	-2422.7	71.21019	1.319838	0.2657401	0.691415	0.308585	2.245564
7110	-2359.782	-2431.345	71.56324	1.52053	0.2134027	0.479223	0.520777	1.974768
7116	-2362.754	-2433.833	71.07961	1.490473	0.2193644	0.477566	0.522434	2.299153
7122	-2367.087	-2438.218	71.13053	1.43414	0.1927231	0.706932	0.293068	2.352458
7128	-2364.341	-2434.804	70.46323	1.324981	0.289413	0.414079	0.585921	2.674977
7134	-2372.477	-2441.904	69.42699	1.243775	0.3280438	0.519374	0.480626	3.293494
7140	-2358.436	-2429.382	70.94526	1.475071	0.2876226	0.582715	0.417285	2.281503
7146	-2359.113	-2431.043	71.93055	1.464158	0.2428777	0.605162	0.394838	1.705144
7152	-2358.962	-2430.906	71.94443	1.449939	0.1520798	0.590286	0.409714	1.895895
7158	-2356.9	-2426.961	70.06074	1.411635	0.2145649	0.611014	0.388986	2.985445
7164	-2359.341	-2430.728	71.38686	1.380738	0.2440548	0.598522	0.401478	2.127867
7170	-2362.774	-2433.39	70.61598	1.179398	0.2002376	0.528208	0.471792	2.815619
7176	-2362.619	-2432.219	69.59996	1.334558	0.1914185	0.528208	0.471792	3.345627
7182	-2361.416	-2433.652	72.23666	1.73078	0.1613177	0.50934	0.49066	1.464422
7188	-2353.473	-2424.732	71.25982	1.515591	0.1530841	0.520114	0.479886	2.300304
7194	-2364.483	-2435.91	71.42668	1.496606	0.2754023	0.434059	0.565941	1.971945
7200	-2365.02	-2434.814	69.79341	1.229894	0.2185624	0.555609	0.444391	3.246142
7206	-2368.694	-2439.546	70.85207	1.264205	0.1985427	0.595662	0.404338	2.622107
7212	-2365.275	-2435.766	70.49061	1.318314	0.2050496	0.551906	0.448094	2.798698
7218	-2367.35	-2437.553	70.20271	1.332088	0.3267579	0.634936	0.365064	2.777737
7224	-2355.608	-2425.313	69.70558	1.219986	0.14948	0.667933	0.332067	3.43149
7230	-2350.685	-2420.897	70.21174	1.31737	0.1549488	0.642055	0.357945	3.063489
7236	-2363.726	-2433.726	69.99953	1.229757	0.2026485	0.537685	0.462315	3.15141
7242	-2365.926	-2436.529	70.60314	1.126989	0.2383479	0.537685	0.462315	2.789618
7248	-2363.258	-2431.769	68.51036	1.149489	0.5044418	0.504979	0.495021	3.688864
7254	-2354.293	-2425.529	71.23618	1.408151	0.1752728	0.683984	0.316016	2.336603
7260	-2366.203	-2437.708	71.50491	1.121289	0.2088304	0.687037	0.312963	2.282606
7266	-2362.677	-2434.557	71.88008	1.47893	0.1968324	0.564109	0.435891	1.821019
7272	-2357.865	-2428.448	70.58377	1.47893	0.2079032	0.605761	0.394239	2.638073
7278	-2356.349	-2427.185	70.83589	1.394009	0.22436	0.621357	0.378643	2.505121
7284	-2356.576	-2427.005	70.4293	1.494083	0.2041155	0.627825	0.372175	2.730512
7290	-2354.83	-2425.937	71.1069	1.306753	0.1994573	0.576486	0.423514	2.435042
7296	-2360.174	-2431.356	71.18195	1.476152	0.1994573	0.487602	0.512398	2.2799
7302	-2358.346	-2429.231	70.88575	1.492032	0.1439909	0.705532	0.294468	2.570705
7308	-2361.728	-2433.338	71.60998	1.69318	0.1584338	0.562416	0.437584	1.94278
7314	-2364.098	-2434.083	69.98558	1.278438	0.1708676	0.567876	0.432124	3.189487
7320	-2354.272	-2424.292	70.02053	1.305189	0.225851	0.567876	0.432124	3.054227
7326	-2357.001	-2427.021	70.01997	1.415206	0.1884975	0.50506	0.49494	3.054227
7332	-2354.426	-2426.184	71.75821	1.415206	0.3003906	0.497811	0.502189	1.76018
7338	-2349.306	-2421.154	71.84747	1.415206	0.1962761	0.60763	0.39237	1.88812
7344	-2349.312	-2420.692	71.37973	1.493032	0.1960953	0.569145	0.430855	2.147773
7350	-2360.666	-2432.399	71.73281	1.487937	0.2137044	0.59073	0.40927	1.881709
7356	-2357.226	-2428.076	70.8499	1.307736	0.2056664	0.627252	0.372748	2.583416
7362	-2360.508	-2431.297	70.78907	1.403406	0.2136123	0.595261	0.404739	2.547431
7368	-2357.843	-2429.344	71.50108	1.433522	0.2423789	0.579585	0.420415	2.020775
7374	-2361.934	-2432.189	70.25521	1.345325	0.2096786	0.624647	0.375353	2.916782
7380	-2367.845	-2438.555	70.7097	1.229485	0.1836981	0.570773	0.429227	2.758841
7386	-2359.321	-2429.786	70.46461	1.250061	0.2636215	0.570773	0.429227	2.758841
7392	-2353.307	-2424.097	70.78982	1.241775	0.2109123	0.571491	0.428509	2.651853
7398	-2358.266	-2428.139	69.87247	1.254231	0.1669901	0.583261	0.416739	3.278242
7404	-2357.545	-2427.264	69.71816	1.367219	0.1425641	0.618712	0.381288	3.352183
7410	-2356.752	-2427.776	71.02354	1.639849	0.136669	0.621359	0.378641	2.408624
7416	-2358.91	-2430.043	71.13355	1.270328	0.2263659	0.576369	0.423631	2.392297
7422	-2353.588	-2424.603	71.01445	1.177666	0.2444255	0.612204	0.387796	2.49463
7428	-2357.071	-2428.629	71.55773	1.289244	0.2570415	0.64041	0.35959	2.053426
7434	-2362.97	-2433.743	70.77302	1.30028	0.2203392	0.691682	0.308318	2.609467
7440	-2354.615	-2425.106	70.49144	1.398879	0.2911448	0.466943	0.533057	2.609467
7446	-2360.906	-2431.985	71.07886	1.396517	0.1915713	0.583402	0.416598	2.411194
7452	-2358.479	-2429.832	71.35269	1.379012	0.23001	0.671724	0.328276	2.17596
7458	-2361.337	-2431.931	70.5942	1.379042	0.3274303	0.561691	0.438309	2.506378
7464	-2362.519	-2433.426	70.90751	1.204715	0.2242991	0.617156	0.382844	2.578473
7470	-2359.693	-2431.293	71.60002	1.64432	0.1878929	0.659826	0.340174	1.917945
7476	-2369.298	-2440.192	70.89465	1.457807	0.2649736	0.515059	0.484941	2.36021
7482	-2356.918	-2428.614	71.69531	1.518377	0.2806831	0.666147	0.333853	1.764797
7488	-2366.479	-2438.254	71.77579	1.518377	0.324835	0.562485	0.437515	1.635264
7494	-2356.246	-2427.933	71.68696	1.46263	0.2578895	0.703583	0.296417	1.848447
7500	-2362.799	-2434.306	71.50681	1.373371	0.2666261	0.670002	0.329998	2.015273
7506	-2362.998	-2434.311	71.31272	1.450952	0.2345161	0.497455	0.502545	2.147151
7512	-2363.175	-2434.702	71.52679	1.4075	0.1974503	0.595939	0.404061	2.104879
7518	-2356.285	-2427.571	71.28601	1.370528	0.170632	0.606514	0.393486	2.338418
7524	-2356.873	-2427.943	71.07024	1.255701	0.2898011	0.631863	0.368137	2.338418
7530	-2354.422	-2424.345	69.92291	1.267678	0.2898011	0.684506	0.315494	3.03675
7536	-2355.765	-2426.509	70.74408	1.181948	0.2248168	0.669237	0.330763	2.692483
7542	-2349.539	-2419.797	70.25791	1.332726	0.1671507	0.629627	0.370373	3.001998
7548	-2361.415	-2432.11	70.69506	1.332726	0.273578	0.629627	0.370373	2.550601
7554	-2360.834	-2430.232	69.39774	1.143058	0.30965	0.667325	0.332675	3.394131
7560	-2357.554	-2428.909	71.35456	1.466511	0.1832733	0.557056	0.442944	2.206972
7566	-2356.773	-2427.391	70.61754	1.226112	0.242948	0.591845	0.408155	2.71273
7572	-2369.261	-2439.977	70.71608	1.226112	0.242948	0.54463	0.45537	2.652169
7578	-2364.877	-2434.695	69.81838	1.285788	0.3064005	0.607848	0.392152	3.065201
7584	-2365.969	-2434.802	68.83273	1.420561	0.208843	0.607848	0.392152	3.712192
7590	-2359.748	-2429.069	69.32115	1.194421	0.208843	0.58616	0.41384	3.560143
7596	-2361.537	-2432.162	70.62478	1.244367	0.1837221	0.58616	0.41384	2.801495
7602	-2362.947	-2433.423	70.47657	1.376431	0.1735553	0.517725	0.482275	2.831008
7608	-2366.272	-2437.068	70.79667	1.376431	0.2276763	0.550194	0.449806	2.5348
7614	-2363.729	-2432.722	68.99304	1.393465	0.2006035	0.576041	0.423959	3.64917
7620	-2367.17	-2437.042	69.87192	1.218072	0.3824914	0.616575	0.383425	2.976406
7626	-2362.869	-2433.027	70.15766	1.257176	0.3824914	0.687684	0.312316	2.779821
7632	-2365.606	-2437.017	71.41062	1.41391	0.3299827	0.56373	0.43627	1.953262
7638	-2356.224	-2427.624	71.39988	1.289645	0.2811067	0.570223	0.429777	2.11745
7644	-2357.98	-2428.7	70.72046	1.293129	0.2625199	0.624134	0.375866	2.576607
7650	-2357.908	-2427.573	69.66525	1.353252	0.160414	0.599392	0.400608	3.354901
7656	-2354.262	-2425.27	71.00729	1.470577	0.2206569	0.591375	0.408625	2.355552
7662	-2360.111	-2431.15	71.03893	1.438932	0.2206569	0.534612	0.465388	2.355552
7668	-2359.923	-2431.082	71.15926	1.424812	0.2884909	0.668148	0.331852	2.174596
7674	-2360.755	-2432.348	71.59341	1.442982	0.2922262	0.695065	0.304935	1.868012
7680	-2361.547	-2432.951	71.40402	1.329405	0.2764643	0.603363	0.396637	2.0961
7686	-2363.316	-2434.244	70.92791	1.311334	0.2764643	0.669548	0.330452	2.413739
7692	-2362.516	-2433.535	71.01924	1.392299	0.2116739	0.631771	0.368229	2.413739
7698	-2362.62	-2434.115	71.4953	1.562215	0.2129492	0.716973	0.283027	1.993189
7704	-2359.401	-2431.006	71.60469	1.4147	0.1960459	0.629557	0.370443	2.051639
7710	-2364.942	-2435.857	70.91506	1.378716	0.2730102	0.629557	0.370443	2.384671
7716	-2355.306	-2426.895	71.58914	1.496629	0.1488633	0.598084	0.401916	2.109109
7722	-2361.708	-2432.298	70.59031	1.444646	0.1488988	0.637315	0.362685	2.770908
7728	-2359.144	-2430.827	71.68292	1.407861	0.194792	0.564042	0.435958	2.006792
7734	-2357.779	-2429.509	71.73013	1.461265	0.1796935	0.564042	0.435958	1.970894
7740	-2368.479	-2439.299	70.81934	1.538912	0.4222091	0.517273	0.482727	2.138935
7746	-2367.509	-2438.97	71.46086	1.340791	0.2252879	0.609441	0.390559	2.138935
7752	-2361.499	-2432.507	71.00774	1.372325	0.2252879	0.592991	0.407009	2.409231
7758	-2359.902	-2430.359	70.45735	1.245081	0.357704	0.626792	0.373208	2.634311
7764	-2359.05	-2428.324	69.27383	1.100425	0.2811058	0.604642	0.395358	3.530735
7770	-2361.201	-2432.02	70.8195	1.272939	0.3114775	0.578043	0.421957	2.454083
7776	-2362.23	-2432.606	70.37655	1.327985	0.2129583	0.677448	0.322552	2.848128
7782	-2357.613	-2428.141	70.52867	1.168736	0.2129583	0.576632	0.423368	2.852451
7788	-2353.847	-2425.508	71.66093	1.226305	0.2129583	0.604047	0.395953	2.105795
7794	-2353.797	-2424.95	71.15269	1.45033	0.2129583	0.566269	0.433731	2.289784
7800	-2355.354	-2426.784	71.43052	1.317777	0.1659276	0.64319	0.35681	2.289784
7806	-2368.801	-2440.049	71.24852	1.387537	0.1573504	0.463117	0.536883	2.379578
7812	-2362.736	-2433.3	70.56448	1.136366	0.2435037	0.619779	0.380221	2.799059
7818	-2365.492	-2436.207	70.71459	1.213005	0.2435037	0.62381	0.37619	2.660251
7824	-2361.223	-2432.416	71.1929	1.248748	0.1885232	0.62381	0.37619	2.438352
7830	-2361.686	-2432.561	70.87448	1.272925	0.2984937	0.618747	0.381253	2.438352
7836	-2362.263	-2433.159	70.89601	1.463636	0.2161354	0.602724	0.397276	2.438352
7842	-2355.98	-2427.081	71.10113	1.402672	0.3127357	0.690251	0.309749	2.190062
7848	-2360.914	-2432.452	71.53794	1.402672	0.1556416	0.631689	0.368311	2.188339
7854	-2358.559	-2430.237	71.67767	1.661605	0.2307802	0.61049	0.38951	1.767025
7860	-2364.522	-2436.797	72.27474	1.711034	0.3028495	0.527738	0.472262	1.129191
7866	-2367.69	-2439.428	71.73806	1.600185	0.2025271	0.555219	0.444781	1.823591
7872	-2358.265	-2429.594	71.32854	1.600185	0.2134767	0.616819	0.383181	2.077551
7878	-2357.856	-2429.757	71.90104	1.600185	0.1538072	0.593362	0.406638	1.818677
7884	-2353.065	-2425.08	72.01489	1.755413	0.1538072	0.648819	0.351181	1.629096
7890	-2357.448	-2429.434	71.98602	1.773455	0.1770301	0.648819	0.351181	1.580838
7896	-2356.26	-2428.427	72.16679	1.712285	0.1486501	0.648819	0.351181	1.563004
7902	-2363.671	-2435.073	71.40197	1.650002	0.1837537	0.695883	0.304117	2.055119
7908	-2363.7	-2435.596	71.89561	1.583879	0.3587879	0.711936	0.288064	1.444085
7914	-2358.256	-2428.621	70.36568	1.277312	0.2107786	0.574773	0.425227	2.889208
7920	-2354.969	-2425.338	70.3684	1.10173	0.1995859	0.612321	0.387679	3.013112
7926	-2357.626	-2427.662	70.03596	1.097374	0.3207463	0.596242	0.403758	3.028324
7932	-2346.534	-2415.949	69.41495	1.02705	0.2413002	0.612836	0.387164	3.550286
7938	-2352.142	-2422.502	70.36066	1.300535	0.2116681	0.534474	0.465526	2.876641
7944	-2355.457	-2424.893	69.43556	1.394313	0.2116681	0.534474	0.465526	3.3717
7950	-2354.194	-2422.999	68.80579	1.194569	0.219611	0.538327	0.461673	3.840151
7956	-2345.406	-2414.566	69.16077	1.12387	0.219611	0.512655	0.487345	3.67619
7962	-2355.146	-2425.294	70.14786	1.173479	0.3437261	0.48882	0.51118	2.885021
7968	-2358.22	-2427.437	69.21765	1.147933	0.3588925	0.629569	0.370431	3.434063
7974	-2366.659	-2436.264	69.60481	1.301339	0.1679955	0.680646	0.319354	3.405969
7980	-2359.972	-2430.803	70.83136	1.368655	0.1679955	0.695865	0.304135	2.62971
7986	-2366.228	-2436.766	70.53803	1.401943	0.2577389	0.668855	0.331145	2.62971
7992	-2356.642	-2428.3	71.65848	1.571618	0.1697443	0.571075	0.428925	1.966477
7998	-2365.571	-2437.448	71.87703	1.374801	0.1952064	0.52609	0.47391	1.897688
8004	-2368.814	-2440.049	71.23474	1.322519	0.2342947	0.576927	0.423073	2.28086
8010	-2372.898	-2444.087	71.18809	1.355928	0.3176305	0.418227	0.581773	2.156773
8016	-2364.899	-2436.115	71.21642	1.355928	0.2117992	0.534089	0.465911	2.311514
8022	-2359.083	-2430.252	71.1695	1.355928	0.2821128	0.644021	0.355979	2.222487
8028	-2361.592	-2433.346	71.75403	1.264569	0.2811309	0.718173	0.281827	1.898238
8034	-2354.462	-2425.157	70.69543	1.354919	0.2358024	0.52816	0.47184	2.597215
8040	-2364.282	-2435.047	70.76549	1.502188	0.2033369	0.667294	0.332706	2.519256
8046	-2360.702	-2432.593	71.89048	1.564266	0.1516681	0.590424	0.409576	1.855714
8052	-2358.13	-2429.827	71.6962	1.245222	0.2242862	0.639388	0.360612	2.048959
8058	-2355.003	-2425.47	70.46643	1.215776	0.249037	0.519707	0.480293	2.801516
8064	-2364.733	-2435.253	70.51965	1.215776	0.249037	0.705444	0.294556	2.769085
8070	-2362.119	-2433.051	70.932	1.29967	0.1710011	0.414547	0.585453	2.604049
8076	-2357.713	-2429.032	71.31891	1.43552	0.1616528	0.544418	0.455582	2.294999
8082	-2366.359	-2436.785	70.42645	1.321167	0.3671455	0.489896	0.510104	2.594355
8088	-2355.884	-2425.911	70.02663	1.113277	0.1627781	0.608253	0.391747	3.278731
8094	-2356.641	-2426.517	69.87575	1.030948	0.2408666	0.540458	0.459542	3.278731
8100	-2367.231	-2437.784	70.5529	1.030948	0.1878697	0.555874	0.444126	2.966253
8106	-2360.06	-2429.483	69.42322	1.221838	0.2032215	0.68816	0.31184	3.494325
8112	-2358.477	-2428.09	69.61281	0.9590063	0.2660323	0.548352	0.451648	3.437145
8118	-2368.994	-2438.177	69.183	1.087845	0.255408	0.546984	0.453016	3.628208
8124	-2370.255	-2441.041	70.78594	1.395771	0.2414585	0.756162	0.243838	2.506062
8130	-2360.047	-2430.588	70.5412	1.328883	0.2503826	0.631656	0.368344	2.684481
8136	-2364.773	-2436.233	71.46026	1.348586	0.2277785	0.58138	0.41862	2.129724
8142	-2362.491	-2433.189	70.69805	1.407185	0.2683252	0.553921	0.446079	2.510474
8148	-2360.022	-2431.284	71.26129	1.605101	0.2118465	0.573747	0.426253	2.12155
8154	-2353.923	-2424.979	71.05541	1.461484	0.1467128	0.464703	0.535297	2.477921
8160	-2353.351	-2424.99	71.63893	1.553432	0.1792701	0.487988	0.512012	1.971147
8166	-2354.653	-2425.645	70.99176	1.473995	0.140158	0.654923	0.345077	2.524573
8172	-2361.983	-2433.506	71.52296	1.473995	0.2137773	0.473436	0.526564	2.031898
8178	-2355.023	-2427.075	72.05203	1.55347	0.169461	0.671534	0.328466	1.709104
8184	-2351.799	-2423.551	71.75162	1.465971	0.2431718	0.592716	0.407284	1.828133
8190	-2356.024	-2427.976	71.95209	1.723295	0.2153637	0.578883	0.421117	1.557444
8196	-2360.268	-2432.089	71.82018	1.769127	0.2153637	0.542341	0.457659	1.620254
8202	-2359.42	-2431.582	72.16123	1.975962	0.2808598	0.483486	0.516514	1.036951
8208	-2362.494	-2434.577	72.08318	1.665234	0.1439564	0.535432	0.464568	1.669675
8214	-2358.363	-2430.569	72.20594	1.629807	0.1749124	0.628541	0.371459	1.529645
8220	-2366.445	-2438.514	72.06854	1.551149	0.2745289	0.471011	0.528989	1.482012
8226	-2358.216	-2430.221	72.00438	1.506098	0.3342123	0.652231	0.347769	1.460218
8232	-2358.324	-2430.426	72.10158	1.427096	0.3259	0.666227	0.333773	1.460218
8238	-2347.942	-2419.917	71.97498	1.694635	0.2129783	0.50927	0.49073	1.566722
8244	-2355.776	-2427.306	71.53023	1.821128	0.2430801	0.656164	0.343836	1.735318
8250	-2350.807	-2421.866	71.05857	1.649197	0.313964	0.599812	0.400188	2.054813
8256	-2362.865	-2433.577	70.71212	1.324374	0.1567447	0.584815	0.415185	2.753347
8262	-2370.87	-2441.388	70.51879	1.35368	0.2870135	0.58276	0.41724	2.626588
8268	-2368.817	-2440.753	71.93571	1.608808	0.2104606	0.682676	0.317324	1.662614
8274	-2367.193	-2438.047	70.85337	1.497095	0.1701805	0.596575	0.403425	2.531951
8280	-2364.97	-2435.932	70.96195	1.477776	0.1701805	0.694823	0.305177	2.476188
8286	-2364.558	-2435.612	71.05354	1.362479	0.2213368	0.694823	0.305177	2.393509
8292	-2364.194	-2435.099	70.90465	1.408838	0.2526362	0.562736	0.437264	2.404843
8298	-2364.756	-2436.069	71.31321	1.447101	0.2345361	0.562736	0.437264	2.149304
8304	-2364.536	-2435.718	71.18203	1.569409	0.2604184	0.707649	0.292351	2.110604
8310	-2352.755	-2422.629	69.87413	1.154283	0.219722	0.520952	0.479048	3.24118
8316	-2358.589	-2428.175	69.58653	1.081196	0.2576992	0.504581	0.495419	3.39336
8322	-2353.918	-2423.411	69.49305	1.144467	0.269646	0.504581	0.495419	3.39336
8328	-2350.645	-2421.037	70.39173	1.196927	0.2415345	0.551566	0.448434	2.870349
8334	-2350.708	-2420.938	70.2305	1.164772	0.3031791	0.62761	0.37239	2.894761
8340	-2358.19	-2428.497	70.30631	1.273203	0.2300151	0.643298	0.356702	2.894761
8346	-2358.458	-2428.245	69.78738	1.246487	0.1545584	0.572808	0.427192	3.35762
8352	-2358.011	-2429.44	71.42902	1.462361	0.1454388	0.597304	0.402696	2.243176
8358	-2365.71	-2436.057	70.34671	1.327368	0.1333669	0.625361	0.374639	3.02298
8364	-2365.459	-2436.619	71.16009	1.327368	0.274392	0.625361	0.374639	2.259071
8370	-2363.39	-2434.299	70.90949	1.364037	0.1881497	0.716709	0.283291	2.544245
8376	-2368.751	-2438.569	69.81817	1.146882	0.1881497	0.614374	0.385626	3.33359
8382	-2367.234	-2438.16	70.92635	1.313484	0.1632434	0.614374	0.385626	2.614866
8388	-2362.754	-2432.647	69.89335	1.383813	0.1341982	0.569311	0.430689	3.257207
8394	-2357.243	-2428.246	71.00364	1.436697	0.1415985	0.531969	0.468031	2.537162
8400	-2360.221	-2431.765	71.54405	1.487844	0.2692824	0.676317	0.323683	1.909005
8406	-2359.854	-2431.473	71.61906	1.487844	0.2973	0.676317	0.323683	1.811385
8412	-2356.498	-2427.908	71.40946	1.288364	0.2364364	0.580675	0.419325	2.186565
8418	-2364.376	-2436.05	71.67461	1.520397	0.1797163	0.699462	0.300538	1.968425
8424	-2361.98	-2434.032	72.05273	1.512411	0.1797163	0.530626	0.469374	1.714222
8430	-2365.85	-2437.111	71.26077	1.573549	0.2513526	0.531059	0.468941	2.071488
8436	-2353.506	-2424.451	70.9447	1.356176	0.2405945	0.654741	0.345259	2.432799
8442	-2352.891	-2423.805	70.91343	1.350915	0.2424691	0.572404	0.427596	2.452622
8448	-2366.68	-2437.333	70.65313	1.270009	0.2701531	0.648722	0.351278	2.620734
8454	-2356.044	-2427.587	71.54334	1.699798	0.1473083	0.596277	0.403723	2.008802
8460	-2357.427	-2429.285	71.85809	1.84553	0.1415175	0.596277	0.403723	1.707728
8466	-2357.605	-2429.656	72.05152	1.693532	0.1856038	0.577332	0.422668	1.571554
8472	-2356.825	-2428.946	72.12125	1.842253	0.1792519	0.516981	0.483019	1.422512
8478	-2351.835	-2421.796	69.96078	1.448869	0.184068	0.649185	0.350815	3.077718
8484	-2360.18	-2429.612	69.43221	1.290166	0.1164021	0.576043	0.423957	3.621799
8490	-2360.187	-2429.758	69.57077	1.135906	0.1203874	0.666172	0.333828	3.621799
8496	-2361.258	-2431.366	70.10823	1.23848	0.2563241	0.549847	0.450153	2.992835
8502	-2366.186	-2436.822	70.63555	1.42548	0.2476842	0.566203	0.433797	2.570937
8508	-2357.635	-2428.318	70.68245	1.445653	0.2476842	0.618612	0.381388	2.529222
8514	-2354.33	-2424.362	70.03144	1.319964	0.2110042	0.616943	0.383057	3.064055
8520	-2351.981	-2422.759	70.77783	1.317488	0.2110042	0.575479	0.424521	2.612353
8526	-2356.974	-2427.512	70.53716	1.221787	0.2185503	0.620174	0.379826	2.80537
8532	-2356.631	-2427.274	70.64329	1.115659	0.2185503	0.570395	0.429605	2.80537
8538	-2358.857	-2429.152	70.29554	1.227595	0.1902904	0.634346	0.365654	2.998236
8544	-2357.774	-2426.693	68.91861	1.227595	0.3621715	0.558417	0.441583	3.55811
8550	-2364.868	-2435.51	70.64158	1.286021	0.220873	0.597077	0.402923	2.698301
8556	-2358.363	-2428.735	70.37131	1.398328	0.2577877	0.726238	0.273762	2.734321
8562	-2360.655	-2432.641	71.98606	1.626487	0.2293067	0.473464	0.526536	1.574846
8568	-2361.182	-2433.143	71.96133	1.507844	0.206876	0.630405	0.369595	1.723487
8574	-2362.193	-2433.741	71.54794	1.703978	0.147199	0.528946	0.471054	2.003217
8580	-2357.109	-2428.922	71.81325	1.806813	0.147199	0.623015	0.376985	1.752201
8586	-2372.546	-2443.753	71.20695	1.849373	0.1221088	0.584417	0.415583	2.192704
8592	-2367.895	-2439.045	71.15093	1.512062	0.2409784	0.620079	0.379921	2.201213
8598	-2362.706	-2434.382	71.67537	1.407606	0.2409784	0.542792	0.457208	1.923889
8604	-2349.598	-2420.372	70.77393	1.332269	0.1859319	0.508691	0.491309	2.652116
8610	-2354.936	-2424.962	70.0257	1.243474	0.1859319	0.549516	0.450484	3.157902
8616	-2355.829	-2425.868	70.03874	1.377967	0.2839532	0.533994	0.466006	2.909258
8622	-2356.123	-2426.07	69.94773	1.18399	0.1861746	0.559883	0.440117	3.238916
8628	-2356.08	-2427.724	71.64376	1.315978	0.2532654	0.507469	0.492531	1.984961
8634	-2361.87	-2432.689	70.81834	1.297844	0.3551921	0.525103	0.474897	2.379098
8640	-2356.574	-2427.826	71.25244	1.215403	0.1943964	0.525585	0.474415	2.410512
8646	-2354.984	-2426.887	71.90302	1.546711	0.2270429	0.703565	0.296435	1.696623
8652	-2358.471	-2430.022	71.55106	1.633149	0.3711673	0.680136	0.319864	1.643808
8658	-2366.525	-2438.518	71.99298	1.633149	0.1918692	0.590514	0.409486	1.643808
8664	-2359.178	-2431.44	72.26268	1.775354	0.1862927	0.576208	0.423792	1.346837
8670	-2362.784	-2435.233	72.44895	1.708658	0.172395	0.6213	0.3787	1.286071
8676	-2361.753	-2433.597	71.84437	1.635079	0.1488511	0.745246	0.254754	1.845548
8682	-2368.742	-2440.114	71.37134	1.512236	0.2589329	0.468034	0.531966	2.025967
8688	-2359.436	-2430.279	70.84305	1.41275	0.1366339	0.633759	0.366241	2.662606
8694	-2352.367	-2424.527	72.15988	1.524822	0.2297339	0.662685	0.337315	1.520679
8700	-2353.722	-2425.261	71.53858	1.309593	0.2505781	0.662685	0.337315	2.063683
8706	-2347.254	-2418.229	70.97444	1.396291	0.2505781	0.567479	0.432521	2.372031
8712	-2354.517	-2426.814	72.29737	1.480571	0.2517731	0.557865	0.442135	1.405028
8718	-2358.573	-2430.853	72.27975	1.580546	0.2517731	0.5631	0.4369	1.340245
8724	-2369.915	-2442.107	72.19235	1.371568	0.1923904	0.586329	0.413671	1.687127
8730	-2368.542	-2440.081	71.53852	1.456498	0.2382764	0.640311	0.359689	1.987846
8736	-2366.424	-2438.227	71.80366	1.399557	0.2254009	0.549359	0.450641	1.871105
8742	-2369.38	-2440.051	70.67101	1.350325	0.2045787	0.671646	0.328354	2.669569
8748	-2360.26	-2430.645	70.38511	1.305123	0.3475952	0.709433	0.290567	2.654902
8754	-2365.838	-2436.889	71.05119	1.30947	0.1773756	0.541	0.459	2.511072
8760	-2363.513	-2434.418	70.90502	1.250406	0.247655	0.607311	0.392689	2.512228
8766	-2369.036	-2439.694	70.65752	1.23533	0.3607454	0.673369	0.326631	2.512228
8772	-2365.105	-2435.598	70.49323	0.9823833	0.3607454	0.657964	0.342036	2.769615
8778	-2371.542	-2440.59	69.04822	1.032571	0.3575737	0.625598	0.374402	3.601652
8784	-2362.72	-2433.316	70.59623	1.470571	0.1331883	0.534821	0.465179	2.786158
8790	-2359.836	-2430.877	71.04018	1.409678	0.1401349	0.614272	0.385728	2.534533
8796	-2363.612	-2435.03	71.41856	1.595247	0.1346467	0.66183	0.33817	2.18944
8802	-2359.457	-2430.267	70.80989	1.316987	0.1362772	0.710512	0.289488	2.74251
8808	-2351.959	-2423.137	71.17792	1.427191	0.1799829	0.609271	0.390729	2.351961
8814	-2359.391	-2430.28	70.88903	1.547581	0.1728893	0.591442	0.408558	2.472606
8820	-2360.496	-2431.497	71.00097	1.512075	0.243589	0.621352	0.378648	2.29317
8826	-2359.707	-2430.14	70.43328	1.284994	0.243589	0.665504	0.334496	2.788308
8832	-2354.376	-2425.311	70.93576	1.371039	0.1620263	0.665504	0.334496	2.575924
8838	-2362.954	-2434.158	71.20472	1.370215	0.232093	0.449583	0.550417	2.273387
8844	-2356.722	-2427.182	70.45972	1.21768	0.1841185	0.534824	0.465176	2.916935
8850	-2364.178	-2434.42	70.24194	1.30013	0.1866542	0.441602	0.558398	2.993616
8856	-2360.203	-2430.088	69.88462	1.111638	0.2426745	0.655534	0.344466	3.222963
8862	-2363.656	-2434.041	70.38508	1.261455	0.3372685	0.684645	0.315355	2.695349
8868	-2352.635	-2422.863	70.22748	1.251385	0.2287065	0.566005	0.433995	2.957634
8874	-2351.432	-2421.328	69.89584	1.500521	0.137785	0.613729	0.386271	3.178817
8880	-2355.699	-2425.799	70.09932	1.500521	0.1248494	0.590829	0.409171	3.08662
8886	-2358.398	-2430.027	71.62904	1.615189	0.1592399	0.572611	0.427389	1.980484
8892	-2363.616	-2435.289	71.67236	1.66714	0.2512467	0.544031	0.455969	1.728545
8898	-2357.624	-2428.809	71.18471	1.438945	0.2676997	0.544031	0.455969	2.181915
8904	-2364.565	-2436.082	71.51615	1.560854	0.1210708	0.632939	0.367061	2.181915
8910	-2352.814	-2423.557	70.74378	1.440633	0.1661742	0.570367	0.429633	2.643051
8916	-2363.536	-2434.204	70.66802	1.268883	0.2539995	0.692685	0.307315	2.637551
8922	-2358.151	-2428.719	70.56819	1.326794	0.2632431	0.705473	0.294527	2.648813
8928	-2361.547	-2432.497	70.94919	1.383509	0.1646688	0.618663	0.381337	2.554342
8934	-2355.084	-2426.463	71.37909	1.5793	0.2641926	0.692076	0.307924	1.967149
8940	-2365.107	-2436.018	70.91104	1.282932	0.3360966	0.770016	0.229984	2.355511
8946	-2358.517	-2430.267	71.75059	1.726332	0.1310401	0.631816	0.368184	1.891459
8952	-2367.587	-2439.253	71.66566	1.45094	0.2081633	0.628476	0.371524	1.962941
8958	-2362.523	-2432.668	70.14506	1.544467	0.1436341	0.598322	0.401678	2.991224
8964	-2362.471	-2433.892	71.42108	1.402397	0.2570372	0.700552	0.299448	2.068942
8970	-2362.248	-2433.078	70.83015	1.324998	0.2029252	0.606002	0.393998	2.589969
8976	-2365.745	-2436.882	71.13756	1.516645	0.2029252	0.546586	0.453414	2.275777
8982	-2356.993	-2429.005	72.01154	1.488769	0.25214	0.563148	0.436852	1.612107
8988	-2364.988	-2436.875	71.88692	1.499634	0.1591964	0.577121	0.422879	1.884579
8994	-2363.943	-2435.757	71.81403	1.713036	0.120587	0.548788	0.451212	1.884579
9000	-2366.323	-2438.316	71.99317	1.503153	0.1746888	0.4129	0.5871	1.773749
9006	-2359.462	-2431.302	71.8399	1.731282	0.2601571	0.656024	0.343976	1.545137
9012	-2365.745	-2437.705	71.9599	1.678896	0.4476025	0.611418	0.388582	1.176781
9018	-2351.867	-2423.667	71.80011	1.584903	0.2656299	0.611418	0.388582	1.670205
9024	-2362.274	-2433.199	70.92514	1.159023	0.2599117	0.578885	0.421115	2.536868
9030	-2363.006	-2434.044	71.03778	1.263222	0.3869773	0.722534	0.277466	2.21982
9036	-2355.868	-2426.603	70.73474	1.235061	0.2240601	0.634883	0.365117	2.666872
9042	-2355.289	-2425.598	70.30831	1.186104	0.2694663	0.588272	0.411728	2.883776
9048	-2356.641	-2427.73	71.08921	1.393879	0.1637849	0.678433	0.321567	2.462266
9054	-2357.69	-2428.899	71.20867	1.690337	0.3398953	0.634437	0.365563	1.888383
9060	-2360.945	-2433.18	72.23457	1.874127	0.2982648	0.569768	0.430232	1.024336
9066	-2375.967	-2447.805	71.83723	1.872347	0.380303	0.569768	0.430232	1.224839
9072	-2374.457	-2446.334	71.87603	1.835869	0.2368859	0.713706	0.286294	1.485692
9078	-2367.207	-2438.955	71.7478	1.835869	0.1230232	0.414455	0.585545	1.839414
9084	-2365.124	-2435.503	70.37942	1.60009	0.1432291	0.674784	0.325216	2.816943
9090	-2363.488	-2434.053	70.56586	1.448342	0.149149	0.545228	0.454772	2.783029
9096	-2366.158	-2436.488	70.33031	1.464988	0.1266874	0.679765	0.320235	2.965327
9102	-2349.717	-2420.012	70.29551	1.300205	0.1845506	0.503653	0.496347	2.965327
9108	-2354.843	-2424.434	69.5911	1.375168	0.2230123	0.573284	0.426716	3.272417
9114	-2362.526	-2431.727	69.2008	1.491792	0.2404817	0.396694	0.603306	3.405229
9120	-2356.342	-2427.298	70.95647	1.748474	0.1356256	0.612377	0.387623	2.384796
9126	-2357.473	-2429.514	72.04151	1.48238	0.1836271	0.575524	0.424476	1.734574
9132	-2354.297	-2425.86	71.56314	1.552973	0.1942699	0.527481	0.472519	1.99096
9138	-2364.464	-2435.849	71.38501	1.278303	0.3141987	0.54089	0.45911	2.083778
9144	-2367.399	-2439.316	71.91725	1.490878	0.1409583	0.484598	0.515402	1.91332
9150	-2365.671	-2436.985	71.31403	1.461901	0.1947764	0.640296	0.359704	2.213192
9156	-2365.846	-2437.767	71.92165	1.562777	0.176947	0.622597	0.377403	1.776972
9162	-2358.97	-2431.003	72.03375	1.569804	0.2193297	0.622597	0.377403	1.601736
9168	-2357.604	-2429.643	72.03947	1.574246	0.3636662	0.533572	0.466428	1.331267
9174	-2360.36	-2432.316	71.9556	1.465967	0.1694251	0.627502	0.372498	1.83729
9180	-2359.826	-2432.081	72.25456	1.829206	0.1694251	0.566505	0.433495	1.353326
9186	-2360.816	-2433.236	72.42067	1.764679	0.1399922	0.602369	0.397631	1.353326
9192	-2358.098	-2430.024	71.92621	1.561882	0.1551857	0.728099	0.271901	1.824452
9198	-2361.886	-2432.888	71.00142	1.336861	0.2046894	0.451269	0.548731	2.472609
9204	-2362.889	-2433.409	70.51956	1.336861	0.2336759	0.730965	0.269035	2.7202
9210	-2358.108	-2429.146	71.03809	1.428682	0.2133174	0.730965	0.269035	2.375837
9216	-2374.084	-2444.992	70.90813	1.545385	0.2689151	0.730965	0.269035	2.289537
9222	-2352.373	-2423.425	71.05219	1.387369	0.2115924	0.580854	0.419146	2.396202
9228	-2349.145	-2420.082	70.93718	1.42072	0.1985498	0.585589	0.414411	2.471761
9234	-2353.965	-2424.844	70.87907	1.431674	0.2650709	0.545162	0.454838	2.386479
9240	-2360.2	-2430.795	70.59511	1.241899	0.1416139	0.524647	0.475353	2.906804
9246	-2349.244	-2420.429	71.18527	1.409449	0.1416139	0.524647	0.475353	2.440529
9252	-2355.108	-2426.32	71.21251	1.409449	0.1527142	0.491388	0.508612	2.398595
9258	-2358.74	-2430.262	71.52211	1.59426	0.1211982	0.637028	0.362972	2.15601
9264	-2358.873	-2430.612	71.739	1.447613	0.2622194	0.65263	0.34737	1.81539
9270	-2366.574	-2438.534	71.96043	1.447613	0.2846364	0.496355	0.503645	1.620041
9276	-2362.985	-2435.427	72.44248	1.630774	0.254288	0.496355	0.503645	1.156992
9282	-2358.698	-2430.291	71.5927	1.527805	0.166093	0.677011	0.322989	2.047481
9288	-2356.47	-2427.411	70.94016	1.40207	0.1404167	0.57371	0.42629	2.600725
9294	-2359.278	-2431.464	72.1862	1.578849	0.2867284	0.606263	0.393737	1.346584
9300	-2366.174	-2438.416	72.24152	1.313031	0.2356388	0.688108	0.311892	1.604532
9306	-2357.973	-2429.347	71.37328	1.430766	0.322269	0.451395	0.548605	1.978412
9312	-2363.06	-2434.585	71.52477	1.505467	0.2524371	0.636012	0.363988	1.939096
9318	-2363.896	-2434.19	70.29423	1.194138	0.3692735	0.568813	0.431187	2.751151
9324	-2360.795	-2432.761	71.96576	1.679577	0.2609249	0.597009	0.402991	1.488364
9330	-2368.544	-2439.653	71.10917	1.414933	0.3174191	0.734912	0.265088	2.170028
9336	-2358.302	-2429.477	71.17526	1.343124	0.2375207	0.467381	0.532619	2.300139
9342	-2365.779	-2437.546	71.76738	1.520287	0.2004602	0.546326	0.453674	1.862518
9348	-2365.531	-2437.331	71.79945	1.435309	0.2059736	0.617633	0.382367	1.887463
9354	-2363.243	-2433.723	70.48047	1.264359	0.19752	0.617633	0.382367	2.851258
9360	-2361.166	-2431.352	70.18553	1.112632	0.3820728	0.617633	0.382367	2.851258
9366	-2358.847	-2429.463	70.61569	1.171395	0.2370196	0.574463	0.425537	2.757061
9372	-2358.672	-2429.603	70.93145	1.165772	0.2370196	0.648325	0.351675	2.566106
9378	-2363.968	-2434.39	70.42116	1.347788	0.2400693	0.53232	0.46768	2.763127
9384	-2363.255	-2433.199	69.9438	1.311201	0.1198572	0.53232	0.46768	3.302531
9390	-2360.45	-2430.183	69.73329	1.479531	0.1406338	0.67823	0.32177	3.281255
9396	-2361.58	-2432.292	70.71221	1.261581	0.2345627	0.618559	0.381441	2.646591
9402	-2370.55	-2441.662	71.11133	1.454884	0.1882267	0.647649	0.352351	2.360246
9408	-2357.618	-2428.52	70.90186	1.286313	0.335331	0.543866	0.456134	2.360246
9414	-2353.557	-2425.606	72.04847	1.624613	0.2154866	0.543866	0.456134	1.558883
9420	-2356.566	-2427.537	70.97022	1.404671	0.2215088	0.568768	0.431232	2.419166
9426	-2362.008	-2433.096	71.08855	1.350028	0.1931937	0.700853	0.299147	2.431258
9432	-2357.453	-2428.572	71.11889	1.350028	0.2017026	0.583546	0.416454	2.39597
9438	-2356.398	-2428.277	71.87917	1.645927	0.3111711	0.66913	0.33087	1.487913
9444	-2361.61	-2433.437	71.82643	1.603192	0.1588095	0.579982	0.420018	1.85608
9450	-2352.932	-2424.498	71.56582	1.348095	0.2843588	0.603694	0.396306	1.963605
9456	-2361.794	-2433.988	72.19309	1.541536	0.2860497	0.584868	0.415132	1.371934
9462	-2360.23	-2432.289	72.05864	1.552653	0.2317659	0.536786	0.463214	1.570816
9468	-2358.953	-2430.933	71.9798	1.552653	0.2577447	0.671387	0.328613	1.578154
9474	-2349.523	-2420.839	71.31674	1.350223	0.1977987	0.560735	0.439265	2.277412
9480	-2349.066	-2420.387	71.3208	1.441668	0.1968763	0.614183	0.385817	2.21778
9486	-2358.028	-2429.257	71.22987	1.470296	0.123398	0.68198	0.31802	2.416973
9492	-2347.261	-2418.675	71.41456	1.345354	0.1577114	0.639608	0.360392	2.300037
9498	-2360.809	-2431.155	70.34584	1.188867	0.2964459	0.784278	0.215722	2.819765
9504	-2355.85	-2425.88	70.02962	1.068538	0.2208923	0.669177	0.330823	3.197939
9510	-2354.936	-2424.93	69.99398	1.171553	0.2254111	0.755665	0.244335	3.150441
9516	-2352.621	-2422.228	69.60684	1.036884	0.241375	0.581454	0.418546	3.43245
9522	-2350.747	-2421.118	70.37088	1.158416	0.34159	0.515915	0.484085	2.761436
9528	-2351.318	-2421.77	70.45164	1.140568	0.2617436	0.563877	0.436123	2.836296
9534	-2359.52	-2429.539	70.01917	1.114679	0.3236214	0.563877	0.436123	3.024185
9540	-2365.64	-2435.923	70.28325	1.078449	0.230999	0.591068	0.408932	3.024185
9546	-2352.42	-2422.707	70.28645	1.07525	0.230999	0.591068	0.408932	3.024185
9552	-2358.038	-2427.821	69.78267	1.036604	0.3379771	0.573067	0.426933	3.192922
9558	-2372.025	-2441.477	69.45197	1.073988	0.2071059	0.569419	0.430581	3.557049
9564	-2367.692	-2438.01	70.31784	0.9671712	0.2035355	0.571529	0.428471	3.116698
9570	-2364.703	-2434.726	70.02346	1.260949	0.2035355	0.612005	0.387995	3.117058
9576	-2365.916	-2436.084	70.16843	1.17574	0.1533998	0.702968	0.297032	3.176797
9582	-2362.445	-2432.605	70.1599	1.255895	0.2752878	0.565925	0.434075	2.922552
9588	-2357.27	-2428.059	70.78884	1.498481	0.2253427	0.644067	0.355933	2.46747
9594	-2363.86	-2433.228	69.36797	1.354332	0.1487291	0.533227	0.466773	3.551652
9600	-2373.532	-2444.541	71.00924	1.289219	0.2577515	0.759232	0.240768	2.406002
9606	-2371.498	-2442.865	71.36761	1.289219	0.2365181	0.491285	0.508715	2.212949
9612	-2364.291	-2434.647	70.35609	1.332982	0.1752902	0.673329	0.326671	2.926813
9618	-2354.474	-2425.801	71.32698	1.441007	0.170293	0.619673	0.380327	2.267948
9624	-2357.897	-2428.738	70.84104	1.143022	0.217798	0.59919	0.40081	2.668958
9630	-2361.563	-2431.693	70.12972	1.259331	0.217798	0.668262	0.331738	3.029879
9636	-2365.896	-2436.561	70.66495	1.484914	0.1347941	0.665552	0.334448	2.731795
9642	-2358.508	-2430.173	71.66555	1.474246	0.2135912	0.627074	0.372926	1.936767
9648	-2349.764	-2419.453	69.6896	1.199892	0.2953138	0.600418	0.399582	3.20824
9654	-2348.916	-2418.906	69.98919	1.270576	0.1625977	0.59842	0.40158	3.20824
9660	-2349.049	-2418.975	69.92664	1.090397	0.2442145	0.571297	0.428703	3.20824
9666	-2355.508	-2425.324	69.81573	1.293802	0.2108286	0.640469	0.359531	3.20824
9672	-2357.691	-2427.903	70.21194	1.403061	0.1704329	0.567868	0.432132	2.980884
9678	-2360.028	-2431.515	71.48725	1.475914	0.1616734	0.567868	0.432132	2.160375
9684	-2355.799	-2427.213	71.41348	1.573997	0.1591005	0.669406	0.330594	2.150213
9690	-2356.025	-2426.432	70.40637	1.489688	0.1599579	0.554912	0.445088	2.832211
9696	-2353.593	-2425.093	71.49958	1.614829	0.1654489	0.596802	0.403198	2.052925
9702	-2362.342	-2434.38	72.03806	1.614829	0.2375234	0.68465	0.31535	1.52856
9708	-2354.271	-2426.127	71.85585	1.608071	0.1890736	0.614987	0.385013	1.76469
9714	-2356.366	-2428.063	71.69695	1.608071	0.2622211	0.553302	0.446698	1.732949
9720	-2350.316	-2421.193	70.87675	1.415273	0.2107092	0.464226	0.535774	2.490558
9726	-2359.318	-2430.908	71.58922	1.415273	0.1932237	0.705828	0.294172	2.067135
9732	-2358.624	-2429.524	70.89987	1.249781	0.3655813	0.705828	0.294172	2.344253
9738	-2362.381	-2432.648	70.26728	1.249781	0.2076971	0.73608	0.26392	2.970542
9744	-2365.715	-2435.871	70.15531	1.361744	0.2076971	0.591794	0.408206	2.970542
9750	-2365.509	-2434.722	69.21316	1.111079	0.3096494	0.773112	0.226888	3.520723
9756	-2356.99	-2427.244	70.25393	1.290335	0.2265995	0.548432	0.451568	2.921744
9762	-2360.839	-2431.578	70.73891	1.324083	0.3063777	0.589473	0.410527	2.479864
9768	-2355.84	-2426.215	70.37456	1.324083	0.177501	0.623231	0.376769	2.91676
9774	-2356.27	-2427.041	70.77049	1.28916	0.2359098	0.502447	0.497553	2.591273
9780	-2361.9	-2432.413	70.51372	1.344841	0.3176269	0.520291	0.479709	2.591273
9786	-2355.359	-2426.131	70.77186	1.441061	0.1832973	0.604662	0.395338	2.591273
9792	-2365.407	-2436.857	71.44934	1.566755	0.1587773	0.526403	0.473597	2.132257
9798	-2371.702	-2443.337	71.63552	1.655181	0.156189	0.566863	0.433137	1.956314
9804	-2358.484	-2430.717	72.23237	1.686917	0.1953333	0.566362	0.433638	1.418113
9810	-2356.279	-2428.106	71.82717	1.617591	0.260031	0.63048	0.36952	1.637553
9816	-2352.478	-2423.982	71.50353	1.635217	0.2018801	0.607163	0.392837	1.960497
9822	-2352.203	-2423.667	71.46408	1.674668	0.2018801	0.624211	0.375789	1.960497
9828	-2346.83	-2418.226	71.39529	1.677791	0.2018801	0.624734	0.375266	2.004403
9834	-2350.276	-2422.354	72.0777	1.667007	0.2455385	0.641949	0.358051	1.443232
9840	-2347.778	-2419.857	72.07851	1.748805	0.186349	0.64676	0.35324	1.508924
9846	-2354.607	-2426.336	71.72866	1.596809	0.1335426	0.699702	0.300298	1.987197
9852	-2353.635	-2425.432	71.79625	1.470201	0.2599156	0.440105	0.559895	1.764061
9858	-2353.057	-2425.134	72.07751	1.589321	0.245649	0.529536	0.470464	1.501973
9864	-2356.601	-2427.846	71.24488	1.696514	0.2278707	0.562102	0.437898	2.042389
9870	-2363.359	-2434.068	70.70929	1.215825	0.209638	0.562102	0.437898	2.719545
9876	-2364.337	-2434.69	70.35315	1.498519	0.2145367	0.492254	0.507746	2.755824
9882	-2369.409	-2440.136	70.72759	1.342407	0.2407973	0.564573	0.435427	2.576704
9888	-2357.225	-2428.103	70.87782	1.55739	0.1587251	0.610039	0.389961	2.502928
9894	-2368.281	-2439.483	71.20178	1.506778	0.2632546	0.568099	0.431901	2.133941
9900	-2361.935	-2431.761	69.82562	1.506778	0.1267483	0.548702	0.451298	3.241125
9906	-2371.385	-2442.167	70.78229	1.474274	0.180568	0.510285	0.489715	2.569547
9912	-2367.874	-2438.791	70.91721	1.396345	0.1680765	0.591374	0.408626	2.55922
9918	-2372.026	-2442.44	70.4134	1.386701	0.1881268	0.697162	0.302838	2.835116
9924	-2363.47	-2434.989	71.51896	1.654003	0.2177137	0.602675	0.397325	1.906387
9930	-2359.215	-2431.213	71.99831	1.671704	0.2177137	0.5867	0.4133	1.556468
9936	-2355.161	-2426.577	71.41598	1.602937	0.2177137	0.620375	0.379625	2.009833
9942	-2353.119	-2425.096	71.97706	1.479898	0.1833858	0.549303	0.450697	1.781872
9948	-2358.378	-2429.873	71.49435	1.272246	0.2980288	0.549329	0.450671	2.040149
9954	-2348.287	-2419.873	71.58593	1.416869	0.213865	0.61813	0.38187	2.027853
9960	-2352.818	-2423.946	71.12778	1.215528	0.213865	0.504191	0.495809	2.452704
9966	-2350.949	-2421.604	70.65449	1.283615	0.2395713	0.598354	0.401646	2.660244
9972	-2357.693	-2428.621	70.9278	1.40988	0.183654	0.677524	0.322476	2.512992
9978	-2357.378	-2428	70.62245	1.394523	0.3958233	0.540435	0.459565	2.39015
9984	-2361.269	-2431.572	70.30298	1.254327	0.1986486	0.524118	0.475882	2.962453
9990	-2357.303	-2427.352	70.04912	1.301557	0.2668243	0.524117	0.475883	2.974422
9996	-2361.992	-2431.98	69.98847	1.06956	0.1825534	0.524117	0.475883	3.28912
10002	-2350.538	-2422.094	71.55647	1.447489	0.1914374	0.572349	0.427651	2.071085
10008	-2349.234	-2420.666	71.43235	1.319044	0.277285	0.657552	0.342448	2.082969
10014	-2347.797	-2418.233	70.43542	1.073869	0.2530226	0.621515	0.378485	2.900066
10020	-2351.555	-2422.417	70.8624	1.38299	0.2248154	0.569848	0.430152	2.494643
10026	-2359.513	-2431.511	71.99789	1.433217	0.2248154	0.610255	0.389745	1.714182
10032	-2366.477	-2438.698	72.22119	1.477479	0.2024117	0.54872	0.45128	1.568073
10038	-2362.536	-2433.902	71.36622	1.303668	0.3193755	0.54872	0.45128	2.07178
10044	-2355.041	-2426.2	71.15864	1.353511	0.1800573	0.527632	0.472368	2.41064
10050	-2351.759	-2423.394	71.63578	1.428185	0.2415413	0.670287	0.329713	1.935706
10056	-2356.926	-2428.405	71.47861	1.301297	0.1807644	0.663705	0.336295	2.238632
10062	-2350.692	-2421.367	70.67569	1.163001	0.264353	0.57452	0.42548	2.681735
10068	-2350.648	-2420.536	69.88805	1.163001	0.2452863	0.531896	0.468104	3.186398
10074	-2360.509	-2431.871	71.36155	1.336324	0.2091266	0.583656	0.416344	2.236025
10080	-2356.148	-2427.878	71.73044	1.274151	0.2258091	0.469795	0.530205	2.004216
10086	-2357.427	-2429.61	72.18328	1.471519	0.2258091	0.704029	0.295971	1.550902
10092	-2357.889	-2430.051	72.16167	1.761917	0.1156828	0.496542	0.503458	1.620508
10098	-2355.147	-2427.04	71.8936	1.750057	0.1303018	0.672902	0.327098	1.778762
10104	-2356.179	-2426.836	70.65689	1.617291	0.1718578	0.678297	0.321703	2.575973
10110	-2362.978	-2434.977	71.99845	1.743424	0.1518632	0.615746	0.384254	1.654388
10116	-2360.57	-2432.002	71.43177	1.70732	0.187776	0.54165	0.45835	1.988921
10122	-2358.257	-2430.07	71.81243	1.808103	0.1642502	0.526687	0.473313	1.710669
10128	-2365.115	-2436.594	71.47964	1.476321	0.3411616	0.505461	0.494539	1.847642
10134	-2364.089	-2435.416	71.32723	1.550034	0.179132	0.464344	0.535656	2.179055
10140	-2357.03	-2427.705	70.67525	1.4197	0.1786054	0.569757	0.430243	2.673254
10146	-2369.654	-2439.777	70.12261	1.419988	0.2552929	0.435786	0.564214	2.876372
10152	-2361.13	-2431.671	70.54062	1.380881	0.228476	0.619018	0.380982	2.689025
10158	-2359.909	-2430.855	70.94595	1.418107	0.3432057	0.619018	0.380982	2.237023
10164	-2351.273	-2422.277	71.0041	1.425331	0.2568996	0.601995	0.398005	2.32434
10170	-2361.507	-2432.332	70.82518	1.418144	0.3814013	0.576053	0.423947	2.26404
10176	-2356.442	-2427.363	70.92089	1.215951	0.269392	0.676532	0.323468	2.489056
10182	-2347.546	-2417.731	70.18584	1.183251	0.164304	0.588636	0.411364	3.139966
10188	-2358.438	-2428.196	69.75827	1.255584	0.1843858	0.588636	0.411364	3.311762
10194	-2359.259	-2429.894	70.63507	1.276882	0.317537	0.562975	0.437025	2.55827
10200	-2362.597	-2432.554	69.95652	1.199533	0.1927306	0.61055	0.38945	3.212557
10206	-2350.678	-2422.635	71.95764	1.451131	0.2000715	0.571171	0.428829	1.779841
10212	-2356.932	-2428.794	71.86215	1.617179	0.2652847	0.647382	0.352618	1.602926
10218	-2351.656	-2423.059	71.40331	1.687759	0.2524664	0.647382	0.352618	1.897912
10224	-2365.025	-2437.184	72.1589	1.721328	0.2266621	0.47819	0.52181	1.377847
10230	-2359.214	-2430.954	71.74069	1.67953	0.2348119	0.542601	0.457399	1.702433
10236	-2359.236	-2431.109	71.87323	1.578373	0.2234288	0.671797	0.328203	1.702433
10242	-2362.33	-2433.074	70.74453	1.594065	0.2234288	0.492753	0.507247	2.438623
10248	-2354.437	-2424.898	70.46103	1.597698	0.1244437	0.588277	0.411723	2.811227
10254	-2362.268	-2433.327	71.0593	1.635219	0.2252981	0.576815	0.423185	2.208488
10260	-2365.073	-2436.198	71.12463	1.554213	0.1408639	0.579627	0.420373	2.38919
10266	-2366.327	-2437.338	71.01062	1.38729	0.2758052	0.579627	0.420373	2.314146
10272	-2359.662	-2431.227	71.56508	1.412385	0.2278103	0.604822	0.395178	2.018568
10278	-2362.213	-2434.068	71.85483	1.802708	0.2840927	0.484538	0.515462	1.435466
10284	-2356.19	-2428.081	71.89023	1.788967	0.1895698	0.678792	0.321208	1.610606
10290	-2355.062	-2426.899	71.83718	1.788967	0.1475392	0.605895	0.394105	1.7471
10296	-2348.55	-2420.13	71.58012	1.571334	0.2251309	0.656234	0.343766	1.906819
10302	-2352.586	-2424.289	71.70228	1.374666	0.2019972	0.484336	0.515664	2.001598
10308	-2354.482	-2425.605	71.12363	1.674426	0.1470045	0.464171	0.535829	2.299448
10314	-2348.758	-2420.658	71.8995	1.674426	0.1631124	0.592429	0.407571	1.74614
10320	-2362.936	-2434.981	72.04515	1.742819	0.1875568	0.651307	0.348693	1.535427
10326	-2356.532	-2428.637	72.10466	1.750269	0.1224608	0.651307	0.348693	1.650768
10332	-2357.204	-2429.649	72.44518	1.569593	0.2057641	0.639461	0.360539	1.318324
10338	-2360.792	-2432.992	72.20068	1.727417	0.2057641	0.666151	0.333849	1.387085
10344	-2357.191	-2428.662	71.47069	1.379616	0.2155499	0.621925	0.378075	2.125106
10350	-2363.89	-2435.798	71.90815	1.612705	0.2442192	0.47859	0.52141	1.612288
10356	-2361.458	-2433.123	71.66559	1.581712	0.1597388	0.47859	0.52141	1.977297
10362	-2363.753	-2436.127	72.37407	1.674978	0.1851177	0.543871	0.456129	1.34098
10368	-2365.998	-2438.623	72.62516	2.159466	0.1429253	0.646656	0.353344	0.7596735
10374	-2366.367	-2438.817	72.45021	2.160936	0.1597051	0.559493	0.440507	0.904232
10380	-2353.993	-2426.417	72.42454	1.899865	0.1857813	0.566526	0.433474	1.10589
10386	-2353.333	-2425.947	72.61365	1.699496	0.1894154	0.566526	0.433474	1.10589
10392	-2355.052	-2427.017	71.96455	1.825567	0.2899048	0.566526	0.433474	1.320459
10398	-2354.964	-2426.635	71.67086	1.670266	0.1947645	0.458686	0.541314	1.837628
10404	-2352.927	-2425.054	72.12755	1.557725	0.1947645	0.651638	0.348362	1.594646
10410	-2357.561	-2428.928	71.36671	1.554972	0.1410736	0.685767	0.314233	2.233757
10416	-2362.012	-2433.008	70.99621	1.320222	0.3099662	0.668772	0.331228	2.314536
10422	-2369.301	-2439.531	70.23025	1.467934	0.3403387	0.534768	0.465232	2.659532
10428	-2364.799	-2435.565	70.76656	1.272945	0.2367079	0.534768	0.465232	2.60241
10434	-2364.615	-2432.906	68.29074	1.038326	0.2046824	0.632886	0.367114	4.24779
10440	-2366.719	-2434.987	68.26721	1.038326	0.2127553	0.632886	0.367114	4.24779
10446	-2366.889	-2437.433	70.54416	1.376312	0.1901395	0.632886	0.367114	2.758046
10452	-2364.703	-2436.594	71.89143	1.524684	0.3380253	0.623106	0.376894	1.524969
10458	-2356.95	-2429.058	72.10835	1.525225	0.2033892	0.623106	0.376894	1.613428
10464	-2361.06	-2433.214	72.15431	1.621483	0.1585257	0.552058	0.447942	1.613428
10470	-2365.091	-2437.093	72.00288	1.512356	0.301737	0.630735	0.369265	1.511575
10476	-2352.091	-2423.612	71.52165	1.493313	0.2661575	0.630735	0.369265	1.925752
10482	-2360.702	-2432.195	71.49299	1.560033	0.2512851	0.54801	0.45199	1.925752
10488	-2356.211	-2427.407	71.19598	1.404058	0.22862	0.738576	0.261424	2.263409
10494	-2360.407	-2431.535	71.1279	1.500292	0.206747	0.55281	0.44719	2.285224
10500	-2363.447	-2435.868	72.4207	1.800641	0.1507679	0.673831	0.326169	1.293541
10506	-2356.988	-2429.008	72.0203	1.57465	0.2123091	0.670959	0.329041	1.622513
10512	-2355.392	-2426.803	71.41126	1.444844	0.2004114	0.670184	0.329816	2.150183
10518	-2359.655	-2431.128	71.47249	1.42133	0.2487127	0.529621	0.470379	2.036726
10524	-2365.554	-2437.009	71.45563	1.502581	0.1623384	0.50181	0.49819	2.162137
10530	-2361.786	-2433.55	71.76366	1.429686	0.2315108	0.695358	0.304642	1.866326
10536	-2352.721	-2423.333	70.61211	1.372066	0.2032629	0.534764	0.465236	2.694792
10542	-2348.144	-2419.155	71.0112	1.223305	0.1784796	0.4919	0.5081	2.587347
10548	-2353.951	-2425.207	71.25561	1.435024	0.2698371	0.710613	0.289387	2.134853
10554	-2358.508	-2427.543	69.03535	1.203611	0.2698371	0.564126	0.435874	3.625482
10560	-2352.603	-2422.438	69.8348	1.192158	0.1197196	0.599393	0.400607	3.436742
10566	-2360.594	-2431.001	70.40781	1.386349	0.1197196	0.599393	0.400607	2.982213
10572	-2355.803	-2425.681	69.87851	1.227562	0.2432725	0.530771	0.469229	3.156906
10578	-2360.154	-2429.394	69.24031	1.173775	0.1714393	0.559439	0.440561	3.685837
10584	-2358.239	-2428.285	70.04591	1.253965	0.2445456	0.631732	0.368268	3.039341
10590	-2350.973	-2421.637	70.6643	1.264542	0.2445456	0.631732	0.368268	2.657779
10596	-2350.374	-2420.984	70.61031	1.179344	0.2022059	0.631732	0.368268	2.81554
10602	-2351.742	-2422.085	70.34236	1.301079	0.1655746	0.632064	0.367936	2.973424
10608	-2351.374	-2422.488	71.11374	1.57002	0.2646947	0.569841	0.430159	2.147744
10614	-2349.605	-2420.97	71.36455	1.425332	0.2246652	0.632275	0.367725	2.147744
10620	-2353.639	-2425.06	71.42161	1.269141	0.2246652	0.626401	0.373599	2.212066
10626	-2361.899	-2431.94	70.04035	1.196259	0.2413183	0.503989	0.496011	3.082278
10632	-2364.519	-2435.734	71.21558	1.386027	0.2012798	0.458461	0.541539	2.312532
10638	-2365.502	-2436.642	71.14014	1.298247	0.239828	0.476643	0.523357	2.347155
10644	-2354.671	-2425.409	70.73824	1.298247	0.2372306	0.594887	0.405113	2.603405
10650	-2360.748	-2431.31	70.56209	1.338475	0.1952509	0.544508	0.455492	2.760675
10656	-2364.497	-2435.305	70.80804	1.381061	0.209475	0.563729	0.436271	2.55697
10662	-2356.167	-2426.555	70.38845	1.276204	0.1982117	0.597273	0.402727	2.898524
10668	-2364.835	-2436.044	71.20875	1.37901	0.3098159	0.595431	0.404569	2.139797
10674	-2365.169	-2436.635	71.4665	1.618712	0.1733636	0.601885	0.398115	2.055052
10680	-2368.856	-2440.528	71.67212	1.888613	0.1958405	0.514062	0.485938	1.681929
10686	-2351.451	-2423.798	72.34662	1.79156	0.1319548	0.605343	0.394657	1.413462
10692	-2360.621	-2433.321	72.70006	1.836061	0.1853589	0.562009	0.437991	0.8947776
10698	-2349.052	-2421.321	72.26856	1.934993	0.2157982	0.562009	0.437991	1.134164
10704	-2356.136	-2428.427	72.29124	1.729139	0.1350836	0.578256	0.421744	1.494379
10710	-2367.819	-2438.963	71.14405	1.463389	0.1868923	0.580553	0.419447	2.336687
10716	-2368.456	-2439.867	71.41058	1.196863	0.1868923	0.63331	0.36669	2.336687
10722	-2363.402	-2435.505	72.10323	1.324641	0.1677215	0.481006	0.518994	1.836813
10728	-2358.377	-2429.739	71.3617	1.393445	0.2020421	0.501975	0.498025	2.212522
10734	-2364.701	-2435.959	71.25819	1.367012	0.160632	0.501975	0.498025	2.379391
10740	-2355.493	-2426.724	71.23043	1.332744	0.1795631	0.496656	0.503344	2.379391
10746	-2360.07	-2429.519	69.44876	1.234649	0.1615899	0.696752	0.303248	3.548513
10752	-2366.905	-2436.563	69.65811	1.303493	0.1699099	0.695169	0.304831	3.369751
10758	-2354.75	-2425.714	70.9648	1.303493	0.1675193	0.513687	0.486313	2.588448
10764	-2368.862	-2439.412	70.54924	1.421847	0.2718524	0.717986	0.282014	2.588448
10770	-2370.09	-2441.263	71.1727	1.413664	0.3780057	0.575051	0.424949	2.045048
10776	-2359.37	-2429.684	70.3135	1.383352	0.3804908	0.653649	0.346351	2.609116
10782	-2355.9	-2427.347	71.44777	1.515679	0.1955513	0.595929	0.404071	2.089501
10788	-2361.904	-2432.829	70.92542	1.502512	0.257994	0.595929	0.404071	2.323508
10794	-2361.785	-2433.898	72.11317	1.492624	0.167613	0.571888	0.428112	1.713196
10800	-2363.945	-2434.523	70.57793	1.395172	0.3094174	0.615972	0.384028	2.531658
10806	-2359.759	-2429.935	70.17638	1.292233	0.1775995	0.615972	0.384028	3.054722
10812	-2358.08	-2428.069	69.98875	1.276534	0.1557589	0.545088	0.454912	3.218725
10818	-2359.156	-2429.498	70.34207	1.164358	0.2975268	0.515231	0.484769	2.835406
10824	-2358.341	-2428.549	70.20796	1.150185	0.2155516	0.447224	0.552776	3.052202
10830	-2356.302	-2426.758	70.45583	1.144939	0.2728998	0.508145	0.491855	2.814105
10836	-2354.632	-2424.964	70.3325	1.185387	0.1871894	0.508145	0.491855	3.007132
10842	-2365.955	-2437.618	71.66356	1.411236	0.205965	0.585263	0.414737	1.995214
10848	-2362.825	-2433.182	70.35714	1.231523	0.281915	0.704685	0.295315	2.808038
10854	-2358.679	-2429.392	70.71293	1.259236	0.281915	0.650139	0.349861	2.572479
10860	-2361.071	-2430.727	69.65621	1.172699	0.2883613	0.650139	0.349861	3.253827
10866	-2362.576	-2433.518	70.94224	1.169789	0.2302941	0.644868	0.355132	2.568289
10872	-2370.789	-2442.161	71.3716	1.347973	0.1841519	0.481902	0.518098	2.270539
10878	-2362.209	-2433.568	71.35953	1.317023	0.2178468	0.673313	0.326687	2.233605
10884	-2357.214	-2428.422	71.20856	1.487667	0.1176841	0.64132	0.35868	2.433521
10890	-2373.521	-2444.149	70.62864	1.608735	0.1201038	0.689214	0.310786	2.71244
10896	-2361.778	-2432.405	70.62684	1.501464	0.1495413	0.623407	0.376593	2.71244
10902	-2364.393	-2435.481	71.08738	1.547977	0.1309031	0.563767	0.436233	2.439779
10908	-2360.043	-2432.035	71.99242	1.56385	0.1924317	0.567954	0.432046	1.692468
10914	-2353.216	-2424.687	71.47046	1.660702	0.2194518	0.683426	0.316574	1.931321
10920	-2354.132	-2424.77	70.63783	1.459915	0.3250588	0.550488	0.449512	2.431595
10926	-2356.282	-2428.484	72.20273	1.921869	0.1925206	0.669315	0.330685	1.261042
10932	-2360.003	-2431.657	71.65364	1.871033	0.1656823	0.669315	0.330685	1.774545
10938	-2360.565	-2431.495	70.92985	1.631949	0.1997981	0.669315	0.330685	2.3407
10944	-2368.231	-2439.294	71.0629	1.660854	0.248127	0.539662	0.460338	2.14947
10950	-2368.122	-2439.498	71.37588	1.501265	0.159416	0.543654	0.456346	2.221045
10956	-2359.391	-2429.825	70.43399	1.347405	0.203546	0.584441	0.415559	2.818143
10962	-2354.573	-2424.845	70.27132	1.337859	0.2241765	0.584441	0.415559	2.886612
10968	-2356.613	-2426.895	70.28211	1.270758	0.1943038	0.654871	0.345129	2.97301
10974	-2354.16	-2424.18	70.02025	1.299289	0.2442379	0.588719	0.411281	3.028058
10980	-2363.459	-2434.485	71.02632	1.159977	0.2442379	0.624629	0.375371	2.498576
10986	-2360.967	-2430.747	69.78061	1.124733	0.2442379	0.584322	0.415678	3.274239
10992	-2357.386	-2428.331	70.94575	1.223847	0.3024472	0.674927	0.325073	2.418583
10998	-2354.756	-2425.673	70.91622	1.199762	0.2678894	0.664157	0.335843	2.504445
11004	-2352.099	-2422.476	70.37707	1.065134	0.2484316	0.542319	0.457681	2.947755
11010	-2351.451	-2421.587	70.13555	1.207905	0.2484316	0.596208	0.403792	3.007091
11016	-2356.31	-2426.399	70.08981	1.058494	0.2484316	0.661406	0.338594	3.12369
11022	-2362.713	-2432.665	69.95204	1.033062	0.2281416	0.632638	0.367362	3.252869
11028	-2351.819	-2422.501	70.68177	1.172194	0.2091238	0.57055	0.42945	2.763971
11034	-2352.818	-2424.052	71.23388	1.336718	0.2801955	0.57055	0.42945	2.196304
11040	-2356.746	-2427.032	70.28559	1.336718	0.1874026	0.572082	0.427918	2.943974
11046	-2353.569	-2423.453	69.88457	1.241792	0.2325564	0.572082	0.427918	3.162007
11052	-2360.203	-2430.585	70.38212	1.193711	0.2621692	0.736214	0.263786	2.845577
11058	-2362.62	-2432.301	69.68177	1.055934	0.1400651	0.558547	0.441453	3.560713
11064	-2357.202	-2426.517	69.3152	1.113565	0.2395517	0.678014	0.321986	3.560713
11070	-2361.472	-2432.11	70.63801	1.18546	0.174085	0.593455	0.406545	2.847893
11076	-2360.607	-2430.469	69.86221	1.139537	0.2739347	0.630358	0.369642	3.172231
11082	-2367.871	-2438.659	70.78809	1.278437	0.3051137	0.63439	0.36561	2.479467
11088	-2353.998	-2424.353	70.35484	1.118445	0.3051137	0.508251	0.491749	2.84482
11094	-2354.571	-2424.854	70.28232	1.238691	0.3051137	0.547749	0.452251	2.815833
11100	-2363.123	-2433.56	70.43663	1.178712	0.2943058	0.45016	0.54984	2.773738
11106	-2358.784	-2428.968	70.18389	1.170826	0.2029326	0.664749	0.335251	3.076198
11112	-2358.741	-2428.797	70.05599	1.16924	0.2786845	0.600808	0.399192	3.032064
11118	-2354.117	-2423.42	69.30287	1.139469	0.2972684	0.477384	0.522616	3.468525
11124	-2352.77	-2422.599	69.82936	1.255792	0.2165724	0.652481	0.347519	3.212899
11130	-2366.212	-2434.694	68.48135	1.290776	0.2374623	0.584363	0.415637	3.942812
11136	-2358.337	-2429.321	70.98343	1.45735	0.1582238	0.67013	0.32987	2.500513
11142	-2365.616	-2435.763	70.14724	1.20588	0.2529592	0.712367	0.287633	2.994206
11148	-2366.82	-2436.973	70.15219	1.183282	0.2529592	0.645095	0.354905	3.004795
11154	-2366.104	-2437.398	71.29405	1.382569	0.301487	0.588122	0.411878	2.094178
11160	-2359.092	-2428.921	69.82921	1.27314	0.2550134	0.664965	0.335035	3.140837
11166	-2366.889	-2437.811	70.92271	1.281054	0.2550134	0.631342	0.368658	2.469997
11172	-2359.514	-2431.275	71.76113	1.595653	0.2794869	0.631342	0.368658	1.665854
11178	-2361.448	-2432.718	71.27031	1.518005	0.286002	0.496166	0.503834	2.044653
11184	-2356.655	-2428.004	71.34847	1.425617	0.2362299	0.496166	0.503834	2.137322
11190	-2356.671	-2427.77	71.09966	1.491912	0.2030996	0.582415	0.417585	2.315488
11196	-2356.455	-2427.728	71.27227	1.319297	0.2030996	0.582415	0.417585	2.315488
11202	-2352.547	-2422.232	69.68455	1.113375	0.2078975	0.638321	0.361679	3.39687
11208	-2359.475	-2428.324	68.84926	1.159733	0.2149836	0.638321	0.361679	3.842757
11214	-2359.009	-2430.78	71.77064	1.696681	0.184939	0.522863	0.477137	1.771277
11220	-2362.741	-2434.937	72.19629	1.85135	0.3277107	0.468964	0.531036	1.018731
11226	-2363.748	-2435.984	72.23528	1.853234	0.2508472	0.563562	0.436438	1.15141
11232	-2373.786	-2445.382	71.59598	1.804897	0.3077564	0.563562	0.436438	1.585772
11238	-2368.242	-2440.273	72.0311	1.559016	0.232037	0.648102	0.351898	1.585772
11244	-2360.226	-2431.517	71.29115	1.371835	0.197327	0.613533	0.386467	2.280867
11250	-2367.271	-2437.471	70.1998	1.424703	0.2524015	0.587252	0.412748	2.83126
11256	-2360.557	-2430.88	70.32284	1.335569	0.2395608	0.606859	0.393141	2.83126
11262	-2349.72	-2419.226	69.50611	1.348169	0.2270395	0.680296	0.319704	3.331789
11268	-2351.493	-2422.899	71.40616	1.386202	0.2270395	0.604932	0.395068	2.141823
11274	-2360.304	-2429.666	69.36196	1.31165	0.2128018	0.588118	0.411882	3.461312
11280	-2362.443	-2434.649	72.206	1.526085	0.1965926	0.732868	0.267132	1.556304
11286	-2354.695	-2426.44	71.74551	1.619897	0.2030802	0.691934	0.308066	1.803708
11292	-2359.751	-2430.84	71.08896	1.350367	0.1987673	0.543948	0.456052	2.420177
11298	-2357.828	-2428.812	70.98427	1.350367	0.2795518	0.583132	0.416868	2.348586
11304	-2361.178	-2432.008	70.82962	1.603958	0.2407791	0.583132	0.416868	2.348586
11310	-2362.26	-2434.225	71.96526	1.88701	0.1292067	0.740912	0.259088	1.634115
11316	-2365.941	-2437.402	71.46016	1.626441	0.1841128	0.541269	0.458731	2.031451
11322	-2374.601	-2446.523	71.92261	1.504589	0.2772836	0.509386	0.490614	1.619109
11328	-2358.372	-2429.069	70.69623	1.475783	0.215854	0.509155	0.490845	2.556158
11334	-2365.032	-2435.542	70.51016	1.411748	0.3146236	0.524957	0.475043	2.556158
11340	-2370.15	-2440.574	70.42371	1.326344	0.1716071	0.519629	0.480371	2.897205
11346	-2362.141	-2432.444	70.30206	1.289021	0.2243821	0.519629	0.480371	2.897205
11352	-2359.434	-2429.911	70.47702	1.180773	0.165482	0.682979	0.317021	2.96498
11358	-2357.348	-2427.701	70.35385	1.017035	0.2201055	0.607177	0.392823	3.036839
11364	-2362.708	-2433.489	70.7807	1.272794	0.282047	0.686029	0.313971	2.521681
11370	-2358.234	-2428.982	70.74799	1.438945	0.1686685	0.677956	0.322044	2.636417
11376	-2365.767	-2436.032	70.26483	1.146043	0.3848965	0.581162	0.418838	2.779327
11382	-2367.33	-2436.849	69.51925	1.141128	0.3767927	0.562421	0.437579	3.239212
11388	-2364.711	-2435.791	71.08006	1.316053	0.2359227	0.524612	0.475388	2.380631
11394	-2362.695	-2432.615	69.92005	1.357903	0.1662108	0.594391	0.405609	3.190317
11400	-2357.105	-2427.932	70.82627	1.281924	0.1735782	0.594391	0.405609	2.675045
11406	-2356.378	-2427.355	70.97699	1.449251	0.1760356	0.599147	0.400853	2.472733
11412	-2354.955	-2424.855	69.90029	1.195044	0.2168802	0.564977	0.435023	3.206348
11418	-2368.733	-2438.814	70.08089	1.231887	0.2168802	0.591618	0.408382	3.077046
11424	-2364.049	-2434.618	70.56886	1.168399	0.2740596	0.538516	0.461484	2.729088
11430	-2363.183	-2433.741	70.55783	1.298392	0.251661	0.520437	0.479563	2.690953
11436	-2354.693	-2426	71.30738	1.336172	0.2328621	0.656608	0.343392	2.227928
11442	-2356.215	-2428.218	72.00343	1.631143	0.2157818	0.662054	0.337946	1.586489
11448	-2354.24	-2426.396	72.15537	1.813511	0.1982636	0.568945	0.431055	1.372582
11454	-2359.61	-2431.679	72.06919	1.705226	0.1021652	0.568945	0.431055	1.765646
11460	-2366.319	-2437.56	71.24101	1.353555	0.2232201	0.538882	0.461118	2.276545
11466	-2356.686	-2428.8	72.11416	1.611801	0.1576799	0.588573	0.411427	1.651424
11472	-2360.195	-2431.684	71.48908	1.837576	0.2541083	0.477485	0.522515	1.732353
11478	-2360.218	-2431.762	71.54359	1.788444	0.1427369	0.572638	0.427362	1.960288
11484	-2357.981	-2429.289	71.30772	1.67491	0.1352023	0.69192	0.30808	2.208285
11490	-2349.848	-2421.292	71.44456	1.55693	0.1605799	0.648896	0.351104	2.137807
11496	-2358.035	-2429.982	71.94724	1.789097	0.3475852	0.651423	0.348577	1.258697
11502	-2348.617	-2420.639	72.02238	1.571192	0.1890967	0.549309	0.450691	1.673216
11508	-2351.888	-2423.569	71.68082	1.476631	0.2313413	0.56604	0.43396	1.8911
11514	-2350.298	-2420.526	70.22856	1.26022	0.2526317	0.56604	0.43396	2.913068
11520	-2359.074	-2430.071	70.99676	1.270966	0.2506433	0.538718	0.461282	2.436952
11526	-2354.66	-2424.543	69.88297	1.049451	0.2165633	0.563241	0.436759	3.303126
11532	-2356.509	-2426.578	70.06898	1.197788	0.1594321	0.63962	0.36038	3.21042
11538	-2359.041	-2428.54	69.4998	1.142476	0.1697884	0.656742	0.343258	3.556596
11544	-2354.273	-2424.675	70.40187	1.109234	0.1779054	0.556107	0.443893	3.028717
11550	-2363.668	-2435.722	72.05471	1.90892	0.2275317	0.684094	0.315906	1.309505
11556	-2381.024	-2453.376	72.35254	1.90892	0.2521205	0.724421	0.275579	0.9854715
11562	-2358.84	-2430.62	71.7799	1.533422	0.2113122	0.699747	0.300253	1.823033
11568	-2361.383	-2432.941	71.55784	1.405885	0.3544124	0.548368	0.451632	1.823033
11574	-2362.475	-2434.844	72.36861	1.79743	0.1539417	0.535784	0.464216	1.329318
11580	-2359.834	-2431.66	71.82546	1.735159	0.1946834	0.451839	0.548161	1.684505
11586	-2357.484	-2429.413	71.92908	1.831388	0.1614724	0.613392	0.386608	1.617299
11592	-2348.849	-2420.236	71.38656	1.51886	0.2009564	0.60909	0.39091	2.116916
11598	-2369.881	-2441.641	71.76037	1.407239	0.236798	0.708736	0.291264	1.874076
11604	-2365.821	-2435.102	69.28065	1.133066	0.2623841	0.637012	0.362988	3.534811
11610	-2357.826	-2427.053	69.22772	1.18599	0.2623841	0.603863	0.396137	3.534811
11616	-2366.924	-2436.293	69.36868	1.26744	0.1597562	0.573911	0.426089	3.579623
11622	-2366.813	-2435.036	68.22273	1.132702	0.437275	0.611348	0.388652	3.93078
11628	-2365.72	-2436.169	70.449	1.001232	0.2339803	0.63279	0.36721	2.96616
11634	-2366.132	-2434.663	68.53192	1.031983	0.2339803	0.63279	0.36721	4.067165
11640	-2365.385	-2433.691	68.30541	1.031983	0.2410863	0.651293	0.348707	4.185134
11646	-2361.927	-2431.761	69.83428	0.9826509	0.2984665	0.672869	0.327131	3.246793
11652	-2357.414	-2428.641	71.22684	1.258436	0.3290284	0.568716	0.431284	2.178502
11658	-2357.893	-2429.171	71.27748	1.586953	0.3530663	0.550149	0.449851	1.892892
11664	-2357.501	-2429.651	72.1505	1.709894	0.1714917	0.550149	0.449851	1.51956
11670	-2356.341	-2428.363	72.0216	1.84158	0.1297404	0.537188	0.462812	1.624792
11676	-2352.588	-2424.555	71.96732	1.552605	0.2454672	0.589525	0.410475	1.610571
11682	-2355.076	-2426.522	71.44554	1.595179	0.271578	0.58049	0.41951	1.899149
11688	-2360.802	-2432.676	71.87411	1.52127	0.251817	0.641766	0.358234	1.687994
11694	-2355.237	-2426.899	71.66204	1.420358	0.2109688	0.599924	0.400076	1.980384
11700	-2359.743	-2430.383	70.63972	1.164125	0.1729955	0.695429	0.304571	2.861926
11706	-2352.835	-2423.33	70.49488	1.235297	0.1965413	0.60695	0.39305	2.861926
11712	-2360.455	-2432.089	71.63347	1.476402	0.1943991	0.549883	0.450117	1.994864
11718	-2362.311	-2432.327	70.01675	1.32164	0.1372875	0.66513	0.33487	3.214257
11724	-2365.875	-2437.694	71.81895	1.441899	0.2000306	0.380521	0.619479	1.881688
11730	-2362.07	-2432.911	70.84092	1.302209	0.1657166	0.592555	0.407445	2.669418
11736	-2363.065	-2434.556	71.49065	1.302209	0.2095556	0.555271	0.444729	2.173801
11742	-2356.438	-2427.992	71.55411	1.446375	0.2831806	0.547871	0.452129	1.90716
11748	-2365.055	-2435.631	70.57523	1.511437	0.2104264	0.593978	0.406022	2.618739
11754	-2361.055	-2432.251	71.19656	1.484261	0.1884045	0.709298	0.290702	2.28688
11760	-2373.577	-2441.897	68.31941	0.9123281	0.2347911	0.552908	0.447092	4.254683
11766	-2361.937	-2431.715	69.77836	1.009266	0.211932	0.63881	0.36119	3.396039
11772	-2359.23	-2428.213	68.98266	0.9950649	0.317501	0.70642	0.29358	3.711471
11778	-2354.282	-2424.929	70.64752	1.152363	0.317501	0.586748	0.413252	2.627738
11784	-2351.687	-2422.884	71.19752	1.299949	0.2532693	0.607757	0.392243	2.286887
11790	-2354.944	-2425.797	70.85223	1.421628	0.168502	0.583381	0.416619	2.582988
11796	-2353.247	-2422.323	69.07637	1.225903	0.2779298	0.583381	0.416619	3.577122
11802	-2362.323	-2433.562	71.23856	1.350396	0.2660379	0.664746	0.335254	2.207083
11808	-2353.712	-2425.382	71.66988	1.621569	0.1420971	0.581993	0.418007	1.989002
11814	-2360.359	-2431.282	70.92347	1.462882	0.2279201	0.646656	0.353344	2.40065
11820	-2351.68	-2423.252	71.57177	1.630085	0.1898355	0.618782	0.381218	1.942569
11826	-2365.807	-2437.845	72.0388	1.547493	0.2062776	0.663475	0.336525	1.641409
11832	-2367.321	-2436.705	69.38316	1.248989	0.2136292	0.513631	0.486369	3.484137
11838	-2367.117	-2437.144	70.02785	1.100088	0.2458375	0.49414	0.50586	3.139871
11844	-2367.273	-2437.623	70.34989	1.321566	0.2554119	0.554304	0.445696	2.797976
11850	-2362.559	-2432.979	70.42005	1.192733	0.2053271	0.554304	0.445696	2.917076
11856	-2357.029	-2428.476	71.44756	1.366541	0.2842318	0.64545	0.35455	2.030386
11862	-2364.086	-2435.477	71.39114	1.513828	0.2615213	0.60525	0.39475	2.007363
11868	-2354.93	-2426.365	71.43479	1.528487	0.255818	0.519873	0.480127	1.978182
11874	-2360.992	-2431.149	70.15711	1.335153	0.1865915	0.434104	0.565896	3.023604
11880	-2360.053	-2430.85	70.79672	1.295857	0.1983548	0.638955	0.361045	2.637086
11886	-2363.546	-2434.032	70.48601	1.279581	0.1941009	0.650761	0.349239	2.84494
11892	-2358.681	-2429.311	70.63051	1.35332	0.1793151	0.612659	0.387341	2.740018
11898	-2355.457	-2426.22	70.76348	1.545051	0.340953	0.612659	0.387341	2.275789
11904	-2357.252	-2429.024	71.77162	1.545051	0.1850076	0.696253	0.303747	1.87493
11910	-2357.314	-2428.573	71.25848	1.520795	0.1839647	0.432657	0.567343	2.23254
11916	-2358.287	-2429.671	71.38366	1.31773	0.2168536	0.63542	0.36458	2.219416
11922	-2365.146	-2435.031	69.88429	1.356398	0.2635117	0.562162	0.437838	3.045377
11928	-2369.79	-2439.228	69.43817	1.307582	0.2635117	0.667551	0.332449	3.338845
11934	-2362.01	-2432.532	70.52202	1.296174	0.296254	0.571406	0.428594	2.646551
11940	-2355.596	-2427.245	71.64909	1.397394	0.2844849	0.619546	0.380454	1.873748
11946	-2354.357	-2425.546	71.18816	1.471572	0.200461	0.619546	0.380454	2.276933
11952	-2354.754	-2426.333	71.57932	1.500736	0.2338221	0.580144	0.419856	1.938886
11958	-2351.147	-2422.603	71.45652	1.574694	0.3099286	0.582249	0.417751	1.843386
11964	-2344.366	-2415.817	71.45162	1.574694	0.1954517	0.567215	0.432785	2.048251
11970	-2355.303	-2425.598	70.29468	1.340128	0.2545138	0.635921	0.364079	2.821678
11976	-2353.768	-2424.205	70.4364	1.224963	0.2443674	0.53034	0.46966	2.821678
11982	-2348.615	-2419.13	70.51526	1.125447	0.2522384	0.538554	0.461446	2.821678
11988	-2353.247	-2423.821	70.57456	1.290123	0.2622904	0.614314	0.385686	2.668958
11994	-2350.593	-2420.158	69.56507	1.090875	0.2129442	0.614314	0.385686	3.471392
12000	-2346.161	-2417.254	71.0927	1.160617	0.2239568	0.636386	0.363614	2.491186
12006	-2350.786	-2420.999	70.21333	1.318372	0.2280433	0.571357	0.428643	2.926908
12012	-2360.018	-2430.664	70.64617	1.232631	0.3877106	0.482572	0.517428	2.48703
12018	-2355.592	-2425.361	69.76899	1.18098	0.2222289	0.551957	0.448043	3.28333
12024	-2358.926	-2429.018	70.0924	1.013447	0.1873622	0.569672	0.430328	3.252025
12030	-2357.242	-2426.982	69.74026	1.068828	0.2980341	0.517962	0.482038	3.252025
12036	-2378.236	-2449.154	70.91801	1.061865	0.2845923	0.613443	0.386557	2.56367
12042	-2361.679	-2433.173	71.49389	1.232536	0.1673604	0.665709	0.334291	2.300725
12048	-2362.106	-2432.012	69.90595	1.150128	0.1846135	0.557612	0.442388	3.286461
12054	-2367.493	-2437.364	69.87091	1.318924	0.2056921	0.471084	0.528916	3.169512
12060	-2363.416	-2434.017	70.6009	1.13841	0.2648057	0.48345	0.51655	2.741958
12066	-2360.268	-2429.889	69.62106	1.180947	0.2728838	0.589572	0.410428	3.291919
12072	-2354.306	-2424.984	70.67787	1.157248	0.2117581	0.687528	0.312472	2.770805
12078	-2352.766	-2423.431	70.66527	1.13959	0.2223864	0.51855	0.48145	2.770805
12084	-2362.738	-2432.841	70.10374	1.23382	0.1527838	0.452437	0.547563	3.181983
12090	-2356.423	-2426.963	70.53973	1.360811	0.3338647	0.60142	0.39858	2.542932
12096	-2354.292	-2426.153	71.86097	1.62521	0.153211	0.528101	0.471899	1.830463
12102	-2357.061	-2428.985	71.92404	1.453714	0.2053925	0.601533	0.398467	1.790426
12108	-2360.255	-2430.309	70.054	1.299869	0.2977437	0.519745	0.480255	2.92739
12114	-2364.069	-2435.108	71.03855	1.287654	0.2208624	0.700056	0.299944	2.450939
12120	-2359.37	-2430.45	71.08045	1.3281	0.2208624	0.433709	0.566291	2.399074
12126	-2354.467	-2426.241	71.7745	1.464799	0.2206334	0.659792	0.340208	1.855578
12132	-2354.11	-2425.434	71.32415	1.511901	0.2448596	0.693198	0.306802	2.081579
12138	-2358.433	-2429.769	71.33637	1.426366	0.2164045	0.690072	0.309928	2.18055
12144	-2359.497	-2431.551	72.05402	1.589447	0.2971074	0.525417	0.474583	1.422489
12150	-2358.011	-2429.533	71.52271	1.356831	0.1844397	0.706616	0.293384	2.166695
12156	-2352.945	-2422.862	69.91676	1.225813	0.2434067	0.682751	0.317249	3.134998
12162	-2361.108	-2431.805	70.69693	1.416627	0.2434067	0.574465	0.425535	2.545316
12168	-2364.643	-2435.616	70.97284	1.543646	0.2434067	0.660506	0.339494	2.291283
12174	-2355.795	-2426.91	71.11508	1.469093	0.3174049	0.570838	0.429162	2.130916
12180	-2359.718	-2430.903	71.18508	1.53758	0.3625413	0.704354	0.295646	1.975226
12186	-2364.509	-2435.73	71.22034	1.53758	0.1765811	0.64124	0.35876	2.261334
12192	-2356.26	-2427.278	71.01772	1.667921	0.1696143	0.635918	0.364082	2.322016
12198	-2366.484	-2437.771	71.28716	1.489787	0.3064942	0.570073	0.429927	2.020262
12204	-2363.463	-2434.695	71.23164	1.37374	0.1692523	0.532719	0.467281	2.373761
12210	-2365.444	-2435.787	70.3432	1.19555	0.3039279	0.686642	0.313358	2.806708
12216	-2359.514	-2430.865	71.35188	1.355003	0.1612233	0.690348	0.309652	2.326261
12222	-2361.002	-2432.285	71.28352	1.315451	0.1868815	0.515222	0.484778	2.342095
12228	-2362.884	-2432.851	69.96629	1.470421	0.1938696	0.549526	0.450474	3.043458
12234	-2359.961	-2430.899	70.93845	1.408521	0.1971895	0.564718	0.435282	2.481166
12240	-2365.397	-2436.318	70.92106	1.582002	0.2323989	0.564718	0.435282	2.318792
12246	-2362.787	-2434.487	71.70051	1.503144	0.2372051	0.575639	0.424361	1.848679
12252	-2357.533	-2428.27	70.73707	1.274973	0.2474078	0.624434	0.375566	2.601747
12258	-2362.058	-2432.526	70.46708	1.420117	0.2977582	0.562219	0.437781	2.601747
12264	-2355.916	-2427.518	71.60204	1.464584	0.1626014	0.620726	0.379274	2.090693
12270	-2353.548	-2424.31	70.76116	1.504553	0.1569235	0.682821	0.317179	2.6121
12276	-2352.906	-2424.439	71.5333	1.521604	0.3006165	0.585556	0.414444	1.841853
12282	-2351.257	-2421.892	70.63536	1.439472	0.4001379	0.603916	0.396084	2.348193
12288	-2353.886	-2424.63	70.74365	1.404031	0.4001379	0.615818	0.384182	2.301786
12294	-2357.406	-2428.004	70.59804	1.356229	0.2259115	0.658621	0.341379	2.673253
12300	-2365.215	-2435.421	70.2062	1.345863	0.2564808	0.591178	0.408822	2.868794
12306	-2354.156	-2424.071	69.91449	1.268108	0.3024158	0.644195	0.355805	3.023785
12312	-2354.726	-2424.546	69.81973	1.066084	0.271859	0.534828	0.465172	3.243946
12318	-2359.206	-2429.135	69.92976	1.020712	0.172609	0.55641	0.44359	3.371114
12324	-2364.544	-2434.323	69.7789	0.9358789	0.2541522	0.536697	0.463303	3.371114
12330	-2367.865	-2439.405	71.53924	1.437913	0.2166264	0.625831	0.374169	2.039618
12336	-2361.505	-2432.558	71.05297	1.234826	0.2756118	0.625831	0.374169	2.384399
12342	-2357.596	-2428.685	71.0887	1.199093	0.2756118	0.556492	0.443508	2.384399
12348	-2362.099	-2432.997	70.89848	1.211848	0.2921786	0.524328	0.475672	2.470968
12354	-2359.326	-2430.072	70.74576	1.353704	0.228955	0.53917	0.46083	2.578372
12360	-2368.293	-2438.409	70.11598	1.198814	0.2590573	0.547816	0.452184	3.00778
12366	-2364.015	-2435.044	71.02962	1.121805	0.2142672	0.478441	0.521559	2.571768
12372	-2362.135	-2431.634	69.49886	1.087747	0.1634648	0.638736	0.361264	3.601125
12378	-2357.778	-2427.456	69.67797	1.321848	0.2003376	0.596035	0.403965	3.291303
12384	-2359.413	-2429.497	70.08469	1.364314	0.231013	0.596035	0.403965	2.971776
12390	-2360.947	-2431.224	70.27705	1.152791	0.1409354	0.596035	0.403965	3.152124
12396	-2365.731	-2435.875	70.14358	1.3669	0.1202614	0.48279	0.51721	3.150425
12402	-2372.737	-2443.937	71.20056	1.457137	0.2569881	0.627571	0.372429	2.177457
12408	-2356.276	-2427.772	71.49569	1.444995	0.1749098	0.627571	0.372429	2.146609
12414	-2367.626	-2438.592	70.96587	1.581768	0.2003861	0.627571	0.372429	2.348584
12420	-2369.872	-2441.362	71.49029	1.581768	0.2003861	0.627571	0.372429	2.008048
12426	-2373.582	-2444.548	70.96631	1.581768	0.4269635	0.660419	0.339581	2.008048
12432	-2362.004	-2432.148	70.14399	1.345297	0.198692	0.551143	0.448857	3.003233
12438	-2356.645	-2427.434	70.78922	1.315899	0.2260255	0.548756	0.451244	2.579901
12444	-2357.047	-2427.306	70.25921	1.098953	0.2260255	0.619825	0.380175	3.03453
12450	-2362.047	-2433.099	71.05185	1.275009	0.2526863	0.65811	0.34189	2.396318
12456	-2363.341	-2431.976	68.63429	1.127735	0.1882057	0.594388	0.405612	4.029859
12462	-2361.854	-2432.989	71.13434	1.191077	0.2499703	0.592631	0.407369	2.401698
12468	-2374.105	-2444.56	70.45449	1.24933	0.221861	0.61072	0.38928	2.833195
12474	-2373.417	-2444.108	70.69052	1.242763	0.2552788	0.698366	0.301634	2.637747
12480	-2361.481	-2432.261	70.77982	1.33017	0.1572873	0.635671	0.364329	2.707219
12486	-2368.603	-2440.224	71.6208	1.417793	0.1572873	0.612874	0.387126	2.120874
12492	-2367.161	-2438.311	71.14937	1.715356	0.1207996	0.614498	0.385502	2.319064
12498	-2360.382	-2432.378	71.99591	1.813993	0.1389137	0.607904	0.392096	1.638671
12504	-2353.758	-2425.743	71.98542	1.903819	0.2046895	0.607904	0.392096	1.419724
12510	-2361.723	-2434.072	72.34958	1.722305	0.2155085	0.664022	0.335978	1.248392
12516	-2368.177	-2440.202	72.02551	1.722305	0.2448042	0.638931	0.361069	1.442343
12522	-2370.621	-2442.947	72.32601	1.647855	0.2040656	0.552493	0.447507	1.355007
12528	-2368.848	-2440.594	71.74646	1.414862	0.3421107	0.64244	0.35756	1.703262
12534	-2358.597	-2430.107	71.50943	1.390367	0.2055355	0.64244	0.35756	2.111722
12540	-2350.558	-2422.446	71.88814	1.375865	0.2536252	0.592325	0.407675	1.777033
12546	-2359.26	-2430.68	71.42005	1.470734	0.3207893	0.592325	0.407675	1.922312
12552	-2357.896	-2429.254	71.35735	1.558979	0.29553	0.601337	0.398663	1.944102
12558	-2362.71	-2434.576	71.86617	1.548893	0.1268171	0.624499	0.375501	1.944102
12564	-2357.376	-2426.35	68.97375	1.124389	0.2551879	0.601276	0.398724	3.728471
12570	-2354.092	-2423.033	68.94059	1.325214	0.1951492	0.711128	0.288872	3.728471
12576	-2356.842	-2426.654	69.81207	1.426464	0.2436844	0.522607	0.477393	3.077371
12582	-2354.156	-2425.423	71.267	1.194314	0.2280213	0.663115	0.336885	2.353007
12588	-2363.724	-2434.692	70.96869	1.366006	0.2280213	0.737269	0.262731	2.433038
12594	-2358.358	-2428.392	70.03468	1.384729	0.2554001	0.645822	0.354178	2.950562
12600	-2356.558	-2427.761	71.20358	1.492739	0.215874	0.463533	0.536467	2.22449
12606	-2354.284	-2425.182	70.89831	1.409936	0.1975056	0.588447	0.411553	2.504795
12612	-2359.473	-2430.417	70.9446	1.293909	0.2214741	0.498672	0.501328	2.504795
12618	-2353.041	-2423.566	70.52471	1.284891	0.2232345	0.62115	0.37885	2.766461
12624	-2352.583	-2423.61	71.02712	1.220079	0.2232345	0.609399	0.390601	2.496277
12630	-2356.281	-2426.562	70.28073	1.17377	0.2110737	0.531197	0.468803	3.00221
12636	-2361.303	-2430.56	69.25717	1.043302	0.2859	0.481517	0.518483	3.566936
12642	-2353.818	-2423.067	69.24872	1.091551	0.2314439	0.495201	0.504799	3.624879
12648	-2356.734	-2427.035	70.30119	1.236439	0.2200363	0.704328	0.295672	2.936821
12654	-2353.597	-2424.657	71.06033	1.219464	0.1838177	0.548712	0.451288	2.548744
12660	-2355.08	-2426.748	71.66818	1.406485	0.2052117	0.545137	0.454863	1.996779
12666	-2347.44	-2418.999	71.55937	1.465923	0.2223899	0.592716	0.407284	1.996779
12672	-2361.848	-2432.167	70.31932	1.465923	0.185719	0.492416	0.507584	2.84867
12678	-2355.715	-2427.845	72.13075	1.581427	0.1552869	0.67452	0.32548	1.667157
12684	-2352.824	-2425.142	72.31779	1.581427	0.2292349	0.671823	0.328177	1.357269
12690	-2366.607	-2438.942	72.33455	1.536113	0.2048448	0.684321	0.315679	1.433674
12696	-2361.911	-2434.072	72.1603	1.653705	0.2048448	0.513337	0.486663	1.476833
12702	-2356.306	-2428.767	72.46086	1.775211	0.1805066	0.620796	0.379204	1.1986
12708	-2359.951	-2432.08	72.12902	1.687186	0.1805066	0.620787	0.379213	1.53088
12714	-2362.619	-2434.84	72.22135	1.687186	0.1805066	0.481579	0.518421	1.461536
12720	-2370.416	-2440.195	69.77955	1.427169	0.2589994	0.628873	0.371127	3.072544
12726	-2361.297	-2432.036	70.73876	1.427169	0.2756137	0.77255	0.22745	2.461176
12732	-2360.205	-2429.784	69.57877	1.222465	0.1956405	0.663594	0.336406	3.416289
12738	-2372.6	-2442.642	70.04211	1.400166	0.1927896	0.545044	0.454956	3.042094
12744	-2351.595	-2422.627	71.03226	1.324714	0.1843437	0.586872	0.413128	2.499591
12750	-2359.182	-2429.205	70.02314	1.438228	0.1124788	0.584781	0.415219	3.197923
12756	-2356.042	-2427.166	71.12389	1.349433	0.1764399	0.554223	0.445777	2.442367
12762	-2351.473	-2422.755	71.28165	1.3899	0.2256262	0.611299	0.388701	2.222731
12768	-2352.38	-2422.941	70.56122	1.256028	0.251443	0.587547	0.412453	2.715208
12774	-2355.697	-2426.32	70.62261	1.50157	0.1494305	0.607801	0.392199	2.715208
12780	-2355.777	-2427.466	71.6892	1.50157	0.1646692	0.633687	0.366313	2.003977
12786	-2352.127	-2423.918	71.79105	1.50157	0.2457198	0.637612	0.362388	1.771511
12792	-2363.97	-2436.269	72.29928	1.629267	0.2056337	0.637612	0.362388	1.387032
12798	-2364.996	-2437.318	72.3221	1.670991	0.243747	0.63217	0.36783	1.249241
12804	-2367.228	-2439.699	72.47073	1.655884	0.2342687	0.730706	0.269294	1.156749
12810	-2368.182	-2440.516	72.33458	2.006683	0.2986374	0.532389	0.467611	0.7552297
12816	-2369.245	-2441.702	72.45692	2.106485	0.2359221	0.493441	0.506559	0.6407346
12822	-2366.712	-2438.975	72.26276	1.935622	0.3388107	0.650847	0.349153	0.8270585
12828	-2367.327	-2439.778	72.4514	1.906292	0.1340913	0.591376	0.408624	1.230353
12834	-2361.835	-2433.888	72.05289	1.745998	0.2808282	0.663675	0.336325	1.330943
12840	-2360.731	-2433.257	72.52628	1.893692	0.2308096	0.550178	0.449822	0.8755174
12846	-2362.573	-2435.026	72.45254	1.712158	0.2153253	0.692619	0.307381	1.169685
12852	-2362.625	-2434.724	72.0986	1.551956	0.2221136	0.666242	0.333758	1.561635
12858	-2360.276	-2430.205	69.92888	1.300263	0.2366811	0.572082	0.427918	3.094168
12864	-2354.874	-2425.92	71.0459	1.220261	0.2122333	0.620916	0.379084	2.503969
12870	-2354.344	-2425.486	71.14277	1.208383	0.1994728	0.56395	0.43605	2.474256
12876	-2357.243	-2427.481	70.2385	1.148976	0.2092242	0.594433	0.405567	3.04558
12882	-2363.552	-2434.699	71.14702	1.57981	0.1889292	0.622456	0.377544	2.256344
12888	-2359.54	-2430.769	71.22913	1.724444	0.1535311	0.616969	0.383031	2.184655
12894	-2359.358	-2430.404	71.04683	1.542579	0.2113893	0.616969	0.383031	2.301383
12900	-2371.45	-2442.688	71.23784	1.369699	0.1546669	0.602028	0.397972	2.403433
12906	-2363.032	-2433.987	70.95549	1.516507	0.2124897	0.602028	0.397972	2.374042
12912	-2354.518	-2426.156	71.63808	1.665588	0.2429435	0.602028	0.397972	1.768938
12918	-2367.091	-2439.162	72.07027	1.796224	0.20725	0.622289	0.377711	1.431446
12924	-2362.136	-2433.047	70.91115	1.469963	0.3049505	0.567378	0.432622	2.280549
12930	-2363.13	-2434.611	71.48067	1.444278	0.1491357	0.695203	0.304797	2.213106
12936	-2360.003	-2431.782	71.77854	1.460743	0.2122067	0.675784	0.324216	1.872015
12942	-2365.769	-2437.213	71.44347	1.407377	0.1983821	0.56878	0.43122	2.157559
12948	-2368.491	-2439.144	70.65299	1.154255	0.2362572	0.714358	0.285642	2.746006
12954	-2354.45	-2424.919	70.46848	1.154255	0.2362572	0.584245	0.415755	2.8583
12960	-2367.779	-2437.877	70.09807	1.42825	0.1795425	0.541109	0.458891	3.016475
12966	-2366.414	-2437.785	71.3718	1.532455	0.1676213	0.617393	0.382607	2.18575
12972	-2361.182	-2432.967	71.78482	1.480095	0.1511162	0.671193	0.328807	1.985353
12978	-2362.51	-2433.702	71.19194	1.456874	0.1998367	0.580112	0.419888	2.285119
12984	-2361.83	-2432.699	70.86859	1.368526	0.3585771	0.554447	0.445553	2.297705
12990	-2356.054	-2427.04	70.98645	1.368526	0.1887688	0.531895	0.468105	2.492237
12996	-2365.302	-2436.3	70.99822	1.610355	0.2888885	0.531895	0.468105	2.158051
13002	-2367.128	-2438.67	71.54221	1.610355	0.3133147	0.612584	0.387416	1.754012
13008	-2365.854	-2437.284	71.42943	1.565477	0.276031	0.633834	0.366166	1.922727
13014	-2368.036	-2438.643	70.60701	1.408831	0.2226933	0.633834	0.366166	2.640866
13020	-2355.026	-2425.831	70.80522	1.338617	0.1484343	0.633339	0.366661	2.705305
13026	-2361.607	-2432.036	70.4295	1.180546	0.3467381	0.477975	0.522025	2.705305
13032	-2363.211	-2432.464	69.25225	1.19365	0.2771332	0.68411	0.31589	3.494616
13038	-2360.344	-2431.582	71.23851	1.225558	0.15906	0.58485	0.41515	2.484169
13044	-2359.174	-2430.557	71.38224	1.359395	0.3785816	0.677225	0.322775	1.940632
13050	-2351.318	-2422.6	71.28196	1.264788	0.2739266	0.653142	0.346858	2.221646
13056	-2352.133	-2422.642	70.50938	1.124944	0.2330926	0.637084	0.362916	2.856489
13062	-2357.315	-2427.115	69.80005	1.113916	0.237484	0.640442	0.359558	3.279807
13068	-2360.141	-2430.634	70.49297	1.199425	0.1854291	0.640442	0.359558	2.905407
13074	-2360.672	-2430.811	70.1385	1.199425	0.2753145	0.550019	0.449981	2.969402
13080	-2356.836	-2427.109	70.27294	1.089574	0.2654377	0.633646	0.366354	2.969402
13086	-2366.587	-2437.041	70.45394	1.123066	0.3033182	0.639679	0.360321	2.784277
13092	-2361.223	-2431.884	70.66111	1.107169	0.1993738	0.605684	0.394316	2.833651
13098	-2349.357	-2420.297	70.93949	1.260648	0.2264013	0.605684	0.394316	2.52015
13104	-2355.849	-2425.394	69.54504	0.9485383	0.3018192	0.605684	0.394316	3.432355
13110	-2367.322	-2437.809	70.48725	1.232668	0.1980813	0.669205	0.330795	2.865332
13116	-2368.927	-2439.671	70.74451	1.285111	0.1980813	0.593873	0.406127	2.676368
13122	-2357.341	-2428.979	71.63788	1.394487	0.1671212	0.660893	0.339107	2.103291
13128	-2357.631	-2428.637	71.00625	1.274285	0.2693395	0.512619	0.487381	2.398811
13134	-2353.869	-2424.795	70.92653	1.266569	0.2596656	0.639208	0.360792	2.469192
13140	-2351.637	-2422.879	71.24215	1.287887	0.2249392	0.494105	0.505895	2.314719
13146	-2356.012	-2427.45	71.43727	1.510955	0.2363377	0.513124	0.486876	2.022498
13152	-2368.208	-2439.174	70.96538	1.417697	0.2471536	0.584794	0.415206	2.3699
13158	-2365.843	-2436.241	70.39801	1.231566	0.2226563	0.584794	0.415206	2.876844
13164	-2356.318	-2428.196	71.87792	1.572773	0.2166146	0.57825	0.42175	1.716679
13170	-2357.488	-2429.028	71.54042	1.38257	0.1892765	0.662262	0.337738	2.128582
13176	-2358.409	-2429.037	70.62823	1.394587	0.1872915	0.762613	0.237387	2.700784
13182	-2354.591	-2425.415	70.82379	1.360813	0.2165134	0.665067	0.334933	2.547162
13188	-2353.684	-2424.197	70.51256	1.424258	0.2117082	0.665754	0.334246	2.708693
13194	-2351.054	-2422.377	71.32248	1.310953	0.2445991	0.576409	0.423591	2.214089
13200	-2351.19	-2422.063	70.87336	1.361698	0.2268854	0.515912	0.484088	2.497509
13206	-2353.023	-2423.608	70.58558	1.148249	0.1745753	0.61824	0.38176	2.901194
13212	-2359.29	-2428.468	69.17817	1.068084	0.2819123	0.652508	0.347492	3.604027
13218	-2362.981	-2432.336	69.35533	1.230373	0.1520382	0.652508	0.347492	3.624281
13224	-2361.066	-2431.046	69.97984	1.071913	0.3175449	0.606487	0.393513	3.08138
13230	-2361.459	-2431.092	69.63273	1.208398	0.2708903	0.649875	0.350125	3.271757
13236	-2357.983	-2429.89	71.90695	1.447344	0.1890778	0.649875	0.350125	1.840542
13242	-2363.049	-2434.806	71.75664	1.578523	0.1890778	0.605342	0.394658	1.853653
13248	-2371.988	-2442.345	70.35722	1.563156	0.112422	0.696226	0.303774	2.923707
13254	-2367.329	-2438.505	71.1766	1.655647	0.1249481	0.7313	0.2687	2.329521
13260	-2359.23	-2430.669	71.43932	1.529728	0.1249481	0.666756	0.333244	2.241964
13266	-2362.735	-2434.401	71.66632	1.471362	0.2029512	0.646513	0.353487	1.959078
13272	-2368.31	-2438.807	70.49672	1.468607	0.2029512	0.508709	0.491291	2.706926
13278	-2369.225	-2439.602	70.37751	1.261732	0.3473748	0.692849	0.307151	2.686555
13284	-2367.904	-2438.21	70.30639	1.239371	0.2237913	0.64976	0.35024	2.925561
13290	-2358.836	-2428.46	69.6243	1.138893	0.2273332	0.600318	0.399682	3.384821
13296	-2361.168	-2431.53	70.36216	1.281351	0.181821	0.66871	0.33129	2.941724
13302	-2380.636	-2451.279	70.64272	1.18615	0.2353203	0.385366	0.614634	2.734331
13308	-2359.856	-2430.432	70.57579	1.218255	0.2233476	0.584485	0.415515	2.775756
13314	-2359.164	-2429.954	70.79022	1.291199	0.2138925	0.467516	0.532484	2.615801
13320	-2360.243	-2431.669	71.42534	1.273443	0.2003438	0.664958	0.335042	2.252101
13326	-2366.189	-2437.119	70.92959	1.398127	0.2041095	0.50518	0.49482	2.480303
13332	-2361.299	-2431.806	70.50637	1.172039	0.2671141	0.691597	0.308403	2.775605
13338	-2356.404	-2426.982	70.57813	1.172039	0.2461706	0.614678	0.385322	2.764686
13344	-2359.419	-2429.798	70.37926	1.178438	0.3260783	0.614678	0.385322	2.764686
13350	-2350.242	-2420.229	69.98735	1.107969	0.2246417	0.55656	0.44344	3.19339
13356	-2344.361	-2414.534	70.17304	1.16999	0.1905336	0.486292	0.513708	3.105485
13362	-2356.558	-2427.939	71.38136	1.3178	0.2197171	0.552408	0.447592	2.215606
13368	-2357.933	-2428.637	70.70423	1.288659	0.2305542	0.516302	0.483698	2.641571
13374	-2357.578	-2429.922	72.34442	1.711223	0.2423174	0.559996	0.440004	1.199581
13380	-2352.338	-2424.283	71.94578	1.523573	0.2339809	0.556199	0.443801	1.669108
13386	-2348.341	-2419.96	71.61944	1.61343	0.2859792	0.556199	0.443801	1.742426
13392	-2350.727	-2422.652	71.92434	1.588775	0.1740811	0.567988	0.432012	1.763414
13398	-2356.52	-2428.577	72.0563	1.608216	0.1949027	0.583369	0.416631	1.609423
13404	-2353.634	-2425.264	71.62914	1.54344	0.1949027	0.557188	0.442812	1.951839
13410	-2357.379	-2429.604	72.22499	1.55862	0.1761481	0.575458	0.424542	1.565221
13416	-2366.248	-2437.769	71.52075	1.55862	0.4692369	0.590255	0.409745	1.587036
13422	-2362.165	-2433.93	71.76569	1.671956	0.4746972	0.586507	0.413493	1.305593
13428	-2353.608	-2426.029	72.42137	1.722937	0.2466714	0.648915	0.351085	1.111229
13434	-2351.516	-2423.708	72.19288	1.627791	0.164728	0.466847	0.533153	1.565444
13440	-2355.792	-2427.994	72.20204	1.638485	0.2304612	0.641551	0.358449	1.400669
13446	-2367.824	-2439.163	71.33916	1.612115	0.505082	0.641551	0.358449	1.636138
13452	-2363.978	-2435.906	71.92752	1.545947	0.2841468	0.56832	0.43168	1.573272
13458	-2367.892	-2440.138	72.24559	1.847744	0.3243362	0.610121	0.389879	0.9804597
13464	-2358.318	-2430.512	72.19399	1.854151	0.1535888	0.610121	0.389879	1.422887
13470	-2361.889	-2433.804	71.91486	1.749888	0.2619932	0.610121	0.389879	1.471651
13476	-2355.383	-2427.713	72.33045	1.749888	0.1758342	0.68087	0.31913	1.339494
13482	-2354.866	-2427.225	72.35923	1.68091	0.255059	0.527942	0.472058	1.184155
13488	-2355.919	-2428.303	72.38396	1.549761	0.2053567	0.588121	0.411879	1.38362
13494	-2358.482	-2429.42	70.9376	1.496016	0.1725318	0.495308	0.504692	2.475207
13500	-2360.594	-2432.009	71.4157	1.435181	0.1920688	0.571934	0.428066	2.169979
13506	-2357.206	-2428.507	71.30098	1.451747	0.2683744	0.61317	0.38683	2.096585
13512	-2360.492	-2431.94	71.4473	1.451747	0.1663014	0.691052	0.308948	2.191955
13518	-2361.207	-2432.134	70.92733	1.416155	0.1590275	0.697052	0.302948	2.559441
13524	-2356.644	-2428.202	71.5579	1.423866	0.2324972	0.666828	0.333172	2.007135
13530	-2360.085	-2431.639	71.55378	1.638281	0.2024793	0.448681	0.551319	1.923399
13536	-2365.665	-2438.169	72.50391	1.900852	0.1556225	0.675174	0.324826	1.122511
13542	-2356.851	-2429.271	72.41969	1.664317	0.2224993	0.624482	0.375518	1.221574
13548	-2362.324	-2434.415	72.09132	1.606899	0.2602027	0.624482	0.375518	1.449673
13554	-2364.139	-2435.893	71.75394	1.606899	0.3166349	0.472516	0.527484	1.600251
13560	-2364.774	-2436.696	71.9224	1.462377	0.2240972	0.615085	0.384915	1.748166
13566	-2351.837	-2422.685	70.84831	1.201843	0.2240972	0.619161	0.380839	2.617253
13572	-2369.116	-2438.752	69.63581	1.186532	0.2240972	0.588767	0.411233	3.35538
13578	-2358.841	-2428.708	69.86651	1.231103	0.2342108	0.588767	0.411233	3.176399
13584	-2367.393	-2436.515	69.12172	1.160046	0.3017004	0.598732	0.401268	3.556108
13590	-2359.416	-2430.381	70.96554	1.513035	0.2200393	0.598732	0.401268	2.356206
13596	-2364.296	-2435.525	71.2294	1.351568	0.2200393	0.598732	0.401268	2.290975
